2023/06/13 09:12:53 [TRACE] 7B0EEiatoyb293MChArImS /link/get 컨텍스트저장 UKey:''
2023/06/13 09:17:37 [TRACE] 9Cuod0z3iT5bCG33cn75zE /link/get 컨텍스트저장 UKey:''
2023/06/13 09:18:37 [TRACE] 2kA211h4U8b6bs4sxPdqeD /link/get 컨텍스트저장 UKey:''
2023/06/13 09:18:49 [TRACE] fDYF5ZGzQ8e98mcDRoSxEh /link/get 컨텍스트저장 UKey:''
2023/06/13 09:19:50 [TRACE] cVz9tpSvmAGeyHyVJGyEEo /link/get 컨텍스트저장 UKey:''
2023/06/13 09:20:52 [TRACE] bWVR8xp6rzH46ON0v3g0nZ /link/set 컨텍스트저장 UKey:'gdr0Y'
2023/06/13 09:20:59 [TRACE] jQgY2eEg53VckCXqzImnw9 /link/get 컨텍스트저장 UKey:''
2023/06/13 09:21:07 [TRACE] f3nX7YlJi2QdyVax8uk0c7 ----------------------------------------------------
2023/06/13 09:21:07 [TRACE] f3nX7YlJi2QdyVax8uk0c7 /gdr0Y 토큰생성: 6b309668-839e-4a97-8bfb-38c68af082f8
2023/06/13 09:21:07 [TRACE] f3nX7YlJi2QdyVax8uk0c7 2024-06-07 00:00:00 +0700 +07
2023/06/13 09:21:07 [TRACE] f3nX7YlJi2QdyVax8uk0c7 ub.urlybud.aqua.castis.io 라이선스 정상
2023/06/13 09:21:07 [TRACE] f3nX7YlJi2QdyVax8uk0c7 gdr0Y CheckExists()
2023/06/13 09:21:07 [TRACE] f3nX7YlJi2QdyVax8uk0c7 gdr0Y CheckSecureLink()
2023/06/13 09:21:07 [TRACE] f3nX7YlJi2QdyVax8uk0c7 gdr0Y CheckCount()
2023/06/13 09:21:07 [TRACE] f3nX7YlJi2QdyVax8uk0c7 gdr0Y CheckExpire()
2023/06/13 09:21:07 [TRACE] f3nX7YlJi2QdyVax8uk0c7 gdr0Y CheckAuth()
2023/06/13 09:21:07 [TRACE] f3nX7YlJi2QdyVax8uk0c7 gdr0Y ServeLink()
2023/06/13 09:21:07 [TRACE] f3nX7YlJi2QdyVax8uk0c7 gdr0Y Redirect()
2023/06/13 09:21:07 [TRACE] f3nX7YlJi2QdyVax8uk0c7 gdr0Y GET 리다이렉트
2023/06/13 09:21:07 [TRACE] f3nX7YlJi2QdyVax8uk0c7 /gdr0Y 컨텍스트저장 UKey:'gdr0Y'
2023/06/13 09:21:08 [TRACE] 7h7bY0FhbdqasMfIF4CGiB /link/get 컨텍스트저장 UKey:''
2023/06/13 09:27:26 [TRACE] eP7cwnVwYEc7NzQH1yyhAr ----------------------------------------------------
2023/06/13 09:27:26 [TRACE] eP7cwnVwYEc7NzQH1yyhAr /gdr0Y 토큰생성: dc56a397-4db5-49bd-a5aa-53b896668480
2023/06/13 09:27:26 [TRACE] eP7cwnVwYEc7NzQH1yyhAr 2024-06-07 00:00:00 +0700 +07
2023/06/13 09:27:26 [TRACE] eP7cwnVwYEc7NzQH1yyhAr ub.urlybud.aqua.castis.io 라이선스 정상
2023/06/13 09:27:26 [TRACE] eP7cwnVwYEc7NzQH1yyhAr gdr0Y CheckExists()
2023/06/13 09:27:26 [TRACE] eP7cwnVwYEc7NzQH1yyhAr gdr0Y CheckSecureLink()
2023/06/13 09:27:26 [TRACE] eP7cwnVwYEc7NzQH1yyhAr gdr0Y CheckCount()
2023/06/13 09:27:26 [TRACE] eP7cwnVwYEc7NzQH1yyhAr gdr0Y CheckExpire()
2023/06/13 09:27:26 [TRACE] eP7cwnVwYEc7NzQH1yyhAr gdr0Y CheckAuth()
2023/06/13 09:27:26 [TRACE] eP7cwnVwYEc7NzQH1yyhAr gdr0Y ServeLink()
2023/06/13 09:27:26 [TRACE] eP7cwnVwYEc7NzQH1yyhAr gdr0Y Redirect()
2023/06/13 09:27:26 [TRACE] eP7cwnVwYEc7NzQH1yyhAr gdr0Y GET 리다이렉트
2023/06/13 09:27:26 [TRACE] eP7cwnVwYEc7NzQH1yyhAr /gdr0Y 컨텍스트저장 UKey:'gdr0Y'
2023/06/13 09:27:26 [TRACE] ac4DAlSMyLvc9eWpicRA9L /link/get 컨텍스트저장 UKey:''
2023/06/13 09:27:30 [TRACE] ecjrSk9beE9lwjbHvSJLMQ /link/get 컨텍스트저장 UKey:''
2023/06/13 09:27:44 [TRACE] 2pMKBf9153QbC0i0fUHUaC ----------------------------------------------------
2023/06/13 09:27:44 [TRACE] 2pMKBf9153QbC0i0fUHUaC /gdr0Y 토큰생성: fb64e8b4-5add-48e7-b082-b5952a091299
2023/06/13 09:27:44 [TRACE] 2pMKBf9153QbC0i0fUHUaC 2024-06-07 00:00:00 +0700 +07
2023/06/13 09:27:44 [TRACE] 2pMKBf9153QbC0i0fUHUaC ub.urlybud.aqua.castis.io 라이선스 정상
2023/06/13 09:27:44 [TRACE] 2pMKBf9153QbC0i0fUHUaC gdr0Y CheckExists()
2023/06/13 09:27:44 [TRACE] 2pMKBf9153QbC0i0fUHUaC gdr0Y CheckSecureLink()
2023/06/13 09:27:44 [TRACE] 2pMKBf9153QbC0i0fUHUaC gdr0Y CheckCount()
2023/06/13 09:27:44 [TRACE] 2pMKBf9153QbC0i0fUHUaC gdr0Y CheckExpire()
2023/06/13 09:27:44 [TRACE] 2pMKBf9153QbC0i0fUHUaC gdr0Y CheckAuth()
2023/06/13 09:27:44 [TRACE] 2pMKBf9153QbC0i0fUHUaC gdr0Y ServeLink()
2023/06/13 09:27:44 [TRACE] 2pMKBf9153QbC0i0fUHUaC gdr0Y Redirect()
2023/06/13 09:27:44 [TRACE] 2pMKBf9153QbC0i0fUHUaC gdr0Y GET 리다이렉트
2023/06/13 09:27:44 [TRACE] 2pMKBf9153QbC0i0fUHUaC /gdr0Y 컨텍스트저장 UKey:'gdr0Y'
2023/06/13 09:27:45 [TRACE] gHhV8jwjrM359F8wqAvKs8 /link/get 컨텍스트저장 UKey:''
2023/06/13 09:28:42 [TRACE] gth5xmwdFXB6r7bmN3zWor ----------------------------------------------------
2023/06/13 09:28:42 [TRACE] gth5xmwdFXB6r7bmN3zWor /gdr0Y 요청토큰: fb64e8b4-5add-48e7-b082-b5952a091299
2023/06/13 09:28:42 [TRACE] gth5xmwdFXB6r7bmN3zWor 2024-06-07 00:00:00 +0700 +07
2023/06/13 09:28:42 [TRACE] gth5xmwdFXB6r7bmN3zWor ub.urlybud.aqua.castis.io 라이선스 정상
2023/06/13 09:28:42 [TRACE] gth5xmwdFXB6r7bmN3zWor gdr0Y CheckExists()
2023/06/13 09:28:42 [TRACE] gth5xmwdFXB6r7bmN3zWor gdr0Y CheckSecureLink()
2023/06/13 09:28:42 [TRACE] gth5xmwdFXB6r7bmN3zWor gdr0Y CheckCount()
2023/06/13 09:28:42 [TRACE] gth5xmwdFXB6r7bmN3zWor gdr0Y CheckExpire()
2023/06/13 09:28:42 [TRACE] gth5xmwdFXB6r7bmN3zWor gdr0Y CheckAuth()
2023/06/13 09:28:42 [TRACE] gth5xmwdFXB6r7bmN3zWor gdr0Y ServeLink()
2023/06/13 09:28:42 [TRACE] gth5xmwdFXB6r7bmN3zWor gdr0Y Redirect()
2023/06/13 09:28:42 [TRACE] gth5xmwdFXB6r7bmN3zWor gdr0Y GET 리다이렉트
2023/06/13 09:28:42 [TRACE] gth5xmwdFXB6r7bmN3zWor /gdr0Y 컨텍스트저장 UKey:'gdr0Y'
2023/06/13 09:28:42 [TRACE] arTRzqigSAI5t90UrF0Zv8 /link/get 컨텍스트저장 UKey:''
2023/06/13 09:29:01 [TRACE] 2k6C8begBM1bhLvuwC160K ----------------------------------------------------
2023/06/13 09:29:01 [TRACE] 2k6C8begBM1bhLvuwC160K /gdr0Y 요청토큰: 77bd72eb-3258-4035-a642-38e566ca408b
2023/06/13 09:29:01 [TRACE] 2k6C8begBM1bhLvuwC160K 2024-06-07 00:00:00 +0700 +07
2023/06/13 09:29:01 [TRACE] 2k6C8begBM1bhLvuwC160K ub.urlybud.aqua.castis.io 라이선스 정상
2023/06/13 09:29:01 [TRACE] 2k6C8begBM1bhLvuwC160K gdr0Y CheckExists()
2023/06/13 09:29:01 [TRACE] 2k6C8begBM1bhLvuwC160K gdr0Y CheckSecureLink()
2023/06/13 09:29:01 [TRACE] 2k6C8begBM1bhLvuwC160K gdr0Y CheckCount()
2023/06/13 09:29:01 [TRACE] 2k6C8begBM1bhLvuwC160K gdr0Y CheckExpire()
2023/06/13 09:29:01 [TRACE] 2k6C8begBM1bhLvuwC160K gdr0Y CheckAuth()
2023/06/13 09:29:01 [TRACE] 2k6C8begBM1bhLvuwC160K gdr0Y ServeLink()
2023/06/13 09:29:01 [TRACE] 2k6C8begBM1bhLvuwC160K gdr0Y Redirect()
2023/06/13 09:29:01 [TRACE] 2k6C8begBM1bhLvuwC160K gdr0Y GET 리다이렉트
2023/06/13 09:29:01 [TRACE] 2k6C8begBM1bhLvuwC160K /gdr0Y 컨텍스트저장 UKey:'gdr0Y'
2023/06/13 09:29:02 [TRACE] 8S46dswouXG2jI6ZorOF6G /link/get 컨텍스트저장 UKey:''
2023/06/13 09:29:47 [TRACE] 3j58L5Mn4vd8PGT81YPWw5 /link/get 컨텍스트저장 UKey:''
2023/06/13 09:29:58 [TRACE] 4AlEclbreBIdkzyYSGRNS ----------------------------------------------------
2023/06/13 09:29:58 [TRACE] 4AlEclbreBIdkzyYSGRNS /gdr0Y 요청토큰: fb64e8b4-5add-48e7-b082-b5952a091299
2023/06/13 09:29:58 [TRACE] 4AlEclbreBIdkzyYSGRNS 2024-06-07 00:00:00 +0700 +07
2023/06/13 09:29:58 [TRACE] 4AlEclbreBIdkzyYSGRNS ub.urlybud.aqua.castis.io 라이선스 정상
2023/06/13 09:29:58 [TRACE] 4AlEclbreBIdkzyYSGRNS gdr0Y CheckExists()
2023/06/13 09:29:58 [TRACE] 4AlEclbreBIdkzyYSGRNS gdr0Y CheckSecureLink()
2023/06/13 09:29:58 [TRACE] 4AlEclbreBIdkzyYSGRNS gdr0Y CheckCount()
2023/06/13 09:29:58 [TRACE] 4AlEclbreBIdkzyYSGRNS gdr0Y CheckExpire()
2023/06/13 09:29:58 [TRACE] 4AlEclbreBIdkzyYSGRNS gdr0Y CheckAuth()
2023/06/13 09:29:58 [TRACE] 4AlEclbreBIdkzyYSGRNS gdr0Y ServeLink()
2023/06/13 09:29:58 [TRACE] 4AlEclbreBIdkzyYSGRNS gdr0Y Redirect()
2023/06/13 09:29:58 [TRACE] 4AlEclbreBIdkzyYSGRNS gdr0Y GET 리다이렉트
2023/06/13 09:29:58 [TRACE] 4AlEclbreBIdkzyYSGRNS /gdr0Y 컨텍스트저장 UKey:'gdr0Y'
2023/06/13 09:29:58 [TRACE] cKtTI9s1XfVkbHr5kFBBeJ /link/get 컨텍스트저장 UKey:''
2023/06/13 09:33:15 [TRACE] d5vMCXfTn9V75q8XI96EXz /link/set 컨텍스트저장 UKey:'RIvnr'
2023/06/13 09:33:46 [TRACE] cvDSpaQ6UCHbqbAW0Rvl1J ----------------------------------------------------
2023/06/13 09:33:46 [TRACE] cvDSpaQ6UCHbqbAW0Rvl1J /RIvnr 토큰생성: c2190f5b-6b06-4dff-9417-70b7289f3c62
2023/06/13 09:33:46 [TRACE] cvDSpaQ6UCHbqbAW0Rvl1J 2024-06-07 00:00:00 +0700 +07
2023/06/13 09:33:46 [TRACE] cvDSpaQ6UCHbqbAW0Rvl1J ub.urlybud.aqua.castis.io 라이선스 정상
2023/06/13 09:33:46 [TRACE] cvDSpaQ6UCHbqbAW0Rvl1J RIvnr CheckExists()
2023/06/13 09:33:46 [TRACE] cvDSpaQ6UCHbqbAW0Rvl1J RIvnr CheckSecureLink()
2023/06/13 09:33:46 [TRACE] cvDSpaQ6UCHbqbAW0Rvl1J RIvnr CheckCount()
2023/06/13 09:33:46 [TRACE] cvDSpaQ6UCHbqbAW0Rvl1J RIvnr CheckExpire()
2023/06/13 09:33:46 [TRACE] cvDSpaQ6UCHbqbAW0Rvl1J RIvnr CheckAuth()
2023/06/13 09:33:46 [TRACE] cvDSpaQ6UCHbqbAW0Rvl1J RIvnr ServeLink()
2023/06/13 09:33:46 [TRACE] cvDSpaQ6UCHbqbAW0Rvl1J RIvnr Redirect()
2023/06/13 09:33:46 [TRACE] cvDSpaQ6UCHbqbAW0Rvl1J RIvnr GET 리다이렉트
2023/06/13 09:33:46 [TRACE] cvDSpaQ6UCHbqbAW0Rvl1J /RIvnr 컨텍스트저장 UKey:'RIvnr'
2023/06/13 09:33:48 [TRACE] hEEhKzxaGs2nGLep76YR9 /link/get 컨텍스트저장 UKey:''
2023/06/13 09:35:58 [TRACE] hMmsF98G8co2Tx05fMZ8qz /link/set 컨텍스트저장 UKey:'if79q'
2023/06/13 09:36:08 [TRACE] ccacNYqBkQ9aJJPlaotfEk ----------------------------------------------------
2023/06/13 09:36:08 [TRACE] ccacNYqBkQ9aJJPlaotfEk /if79q 요청토큰: fb64e8b4-5add-48e7-b082-b5952a091299
2023/06/13 09:36:08 [TRACE] ccacNYqBkQ9aJJPlaotfEk 2024-06-07 00:00:00 +0700 +07
2023/06/13 09:36:08 [TRACE] ccacNYqBkQ9aJJPlaotfEk ub.urlybud.aqua.castis.io 라이선스 정상
2023/06/13 09:36:08 [TRACE] ccacNYqBkQ9aJJPlaotfEk if79q CheckExists()
2023/06/13 09:36:08 [TRACE] ccacNYqBkQ9aJJPlaotfEk if79q CheckSecureLink()
2023/06/13 09:36:08 [TRACE] ccacNYqBkQ9aJJPlaotfEk if79q CheckCount()
2023/06/13 09:36:08 [TRACE] ccacNYqBkQ9aJJPlaotfEk if79q CheckExpire()
2023/06/13 09:36:08 [TRACE] ccacNYqBkQ9aJJPlaotfEk if79q CheckAuth()
2023/06/13 09:36:08 [TRACE] ccacNYqBkQ9aJJPlaotfEk if79q ServeLink()
2023/06/13 09:36:08 [TRACE] ccacNYqBkQ9aJJPlaotfEk if79q Redirect()
2023/06/13 09:36:08 [TRACE] ccacNYqBkQ9aJJPlaotfEk if79q GET 리다이렉트
2023/06/13 09:36:08 [TRACE] ccacNYqBkQ9aJJPlaotfEk /if79q 컨텍스트저장 UKey:'if79q'
2023/06/13 09:36:09 [TRACE] 1fSmSxo4zoaieCpnneUqNw /link/get 컨텍스트저장 UKey:''
2023/06/13 09:36:41 [TRACE] 3G0vCSJGtCT7WYs3X0Dg3x /link/get 컨텍스트저장 UKey:''
2023/06/13 09:36:46 [TRACE] apRb0pRUPsr2LMwbUKQGXL /link/get 컨텍스트저장 UKey:''
2023/06/13 09:40:05 [TRACE] cOw7DzUI2pb9fLHy5FNzcD /link/get 컨텍스트저장 UKey:''
2023/06/13 09:44:54 [TRACE] c96xvphHL1e61JhlE5MKTj ----------------------------------------------------
2023/06/13 09:44:54 [TRACE] c96xvphHL1e61JhlE5MKTj /if79q 요청토큰: fb64e8b4-5add-48e7-b082-b5952a091299
2023/06/13 09:44:54 [TRACE] c96xvphHL1e61JhlE5MKTj 2024-06-07 00:00:00 +0700 +07
2023/06/13 09:44:54 [TRACE] c96xvphHL1e61JhlE5MKTj ub.urlybud.aqua.castis.io 라이선스 정상
2023/06/13 09:44:54 [TRACE] c96xvphHL1e61JhlE5MKTj if79q CheckExists()
2023/06/13 09:44:54 [TRACE] c96xvphHL1e61JhlE5MKTj if79q CheckSecureLink()
2023/06/13 09:44:54 [TRACE] c96xvphHL1e61JhlE5MKTj if79q CheckCount()
2023/06/13 09:44:54 [TRACE] c96xvphHL1e61JhlE5MKTj if79q CheckExpire()
2023/06/13 09:44:54 [TRACE] c96xvphHL1e61JhlE5MKTj if79q CheckAuth()
2023/06/13 09:44:54 [TRACE] c96xvphHL1e61JhlE5MKTj if79q ServeLink()
2023/06/13 09:44:54 [TRACE] c96xvphHL1e61JhlE5MKTj if79q Redirect()
2023/06/13 09:44:54 [TRACE] c96xvphHL1e61JhlE5MKTj if79q GET 리다이렉트
2023/06/13 09:44:54 [TRACE] c96xvphHL1e61JhlE5MKTj /if79q 컨텍스트저장 UKey:'if79q'
2023/06/13 09:44:54 [TRACE] 8XiXkg44xWLfnsuwfbQjzx /link/get 컨텍스트저장 UKey:''
2023/06/13 09:45:01 [TRACE] 8P2H1MNww4wiDRsYdjs6ir /link/get 컨텍스트저장 UKey:''
2023/06/13 09:45:11 [TRACE] 6W2a07h0ufVk2Sq2pQtxzU /link/get 컨텍스트저장 UKey:''
2023/06/13 09:45:33 [TRACE] 6GDFt4qzGZfbblNdu6eKkV /link/get 컨텍스트저장 UKey:''
2023/06/13 09:58:35 [TRACE] 6UnoIjPdsYL9aEbha58XrT /link/get 컨텍스트저장 UKey:''
2023/06/13 10:01:26 [TRACE] 9PlaJqYp1T9lu7v93v7vTD /link/get 컨텍스트저장 UKey:''
2023/06/13 10:04:46 [TRACE] dx48kFdbafFeeHWeNmyCSe /link/get 컨텍스트저장 UKey:''
2023/06/13 10:07:11 [TRACE] 9yJpKiOuZw92YcMlxfhiEH /link/set 컨텍스트저장 UKey:'KCCXg'
2023/06/13 10:07:12 [TRACE] 1k4DGFtX2jB3RZA7gCTe7t /link/get 컨텍스트저장 UKey:''
2023/06/13 10:07:21 [TRACE] j1HeBLjByFc5GuCqoMEHoP ----------------------------------------------------
2023/06/13 10:07:21 [TRACE] j1HeBLjByFc5GuCqoMEHoP /KCCXg 요청토큰: fb64e8b4-5add-48e7-b082-b5952a091299
2023/06/13 10:07:21 [TRACE] j1HeBLjByFc5GuCqoMEHoP 2024-06-07 00:00:00 +0700 +07
2023/06/13 10:07:21 [TRACE] j1HeBLjByFc5GuCqoMEHoP ub.urlybud.aqua.castis.io 라이선스 정상
2023/06/13 10:07:21 [TRACE] j1HeBLjByFc5GuCqoMEHoP KCCXg CheckExists()
2023/06/13 10:07:21 [TRACE] j1HeBLjByFc5GuCqoMEHoP KCCXg CheckSecureLink()
2023/06/13 10:07:21 [TRACE] j1HeBLjByFc5GuCqoMEHoP KCCXg CheckCount()
2023/06/13 10:07:21 [TRACE] j1HeBLjByFc5GuCqoMEHoP KCCXg CheckExpire()
2023/06/13 10:07:21 [TRACE] j1HeBLjByFc5GuCqoMEHoP KCCXg CheckAuth()
2023/06/13 10:07:21 [TRACE] j1HeBLjByFc5GuCqoMEHoP KCCXg ServeLink()
2023/06/13 10:07:21 [TRACE] j1HeBLjByFc5GuCqoMEHoP KCCXg Redirect()
2023/06/13 10:07:21 [TRACE] j1HeBLjByFc5GuCqoMEHoP KCCXg GET 리다이렉트
2023/06/13 10:07:21 [TRACE] j1HeBLjByFc5GuCqoMEHoP /KCCXg 컨텍스트저장 UKey:'KCCXg'
2023/06/13 10:07:21 [TRACE] 1HhPfKxBzY1g9QTGcVyqYu /link/get 컨텍스트저장 UKey:''
2023/06/13 10:08:00 [TRACE] OhAX4dmQaviZDOJlfQPl2 /link/get 컨텍스트저장 UKey:''
2023/06/13 10:08:12 [TRACE] 2XgXkfodF1n1tYF3Klq9w0 /link/set 컨텍스트저장 UKey:'OFZe0'
2023/06/13 10:08:22 [TRACE] jt54lU0wRfzbdVV9pYYiag ----------------------------------------------------
2023/06/13 10:08:22 [TRACE] jt54lU0wRfzbdVV9pYYiag /OFZe0 요청토큰: fb64e8b4-5add-48e7-b082-b5952a091299
2023/06/13 10:08:22 [TRACE] jt54lU0wRfzbdVV9pYYiag 2024-06-07 00:00:00 +0700 +07
2023/06/13 10:08:22 [TRACE] jt54lU0wRfzbdVV9pYYiag ub.urlybud.aqua.castis.io 라이선스 정상
2023/06/13 10:08:22 [TRACE] jt54lU0wRfzbdVV9pYYiag OFZe0 CheckExists()
2023/06/13 10:08:22 [TRACE] jt54lU0wRfzbdVV9pYYiag OFZe0 CheckSecureLink()
2023/06/13 10:08:22 [TRACE] jt54lU0wRfzbdVV9pYYiag OFZe0 CheckCount()
2023/06/13 10:08:22 [TRACE] jt54lU0wRfzbdVV9pYYiag OFZe0 CheckExpire()
2023/06/13 10:08:22 [TRACE] jt54lU0wRfzbdVV9pYYiag OFZe0 CheckAuth()
2023/06/13 10:08:22 [TRACE] jt54lU0wRfzbdVV9pYYiag OFZe0 ServeLink()
2023/06/13 10:08:22 [TRACE] jt54lU0wRfzbdVV9pYYiag OFZe0 Redirect()
2023/06/13 10:08:22 [TRACE] jt54lU0wRfzbdVV9pYYiag OFZe0 GET 리다이렉트
2023/06/13 10:08:22 [TRACE] jt54lU0wRfzbdVV9pYYiag /OFZe0 컨텍스트저장 UKey:'OFZe0'
2023/06/13 10:08:22 [TRACE] 49EjmHEx7HVc0H0mouZKYZ /link/get 컨텍스트저장 UKey:''
2023/06/13 10:09:41 [TRACE] e71Uc54Y85w4AgrTx5MKI0 /link/get 컨텍스트저장 UKey:''
2023/06/13 10:10:21 [TRACE] h3w2ZuJM2E3lnRKj6vwLCY /link/set 컨텍스트저장 UKey:'FyqEF'
2023/06/13 10:13:05 [TRACE] 7L7OZvG33Bo4zWWuhnXo5J /link/get 컨텍스트저장 UKey:''
2023/06/13 10:13:26 [TRACE] kk5j7zkIp9p8obdf1XTo2J /link/get 컨텍스트저장 UKey:''
2023/06/13 10:15:30 [TRACE] dJo00o1rU7okYSGrH2Qd9G /link/get 컨텍스트저장 UKey:''
2023/06/13 10:16:35 [TRACE] hqeneB82YzQe9pT82woKwc /link/get 컨텍스트저장 UKey:''
2023/06/13 10:18:17 [TRACE] 71ZBFNDurCWcFGhmiEDDCd /link/get 컨텍스트저장 UKey:''
2023/06/13 10:38:53 [TRACE] e76m5LontYo6viYoFHk3wr ----------------------------------------------------
2023/06/13 10:38:53 [TRACE] e76m5LontYo6viYoFHk3wr /OFZe0 토큰생성: 89a266aa-8e1d-40bc-aeb5-a29874d650ce
2023/06/13 10:38:53 [TRACE] e76m5LontYo6viYoFHk3wr 2024-06-07 00:00:00 +0700 +07
2023/06/13 10:38:53 [TRACE] e76m5LontYo6viYoFHk3wr ub.urlybud.aqua.castis.io 라이선스 정상
2023/06/13 10:38:53 [TRACE] e76m5LontYo6viYoFHk3wr OFZe0 CheckExists()
2023/06/13 10:38:53 [TRACE] e76m5LontYo6viYoFHk3wr OFZe0 CheckSecureLink()
2023/06/13 10:38:53 [TRACE] e76m5LontYo6viYoFHk3wr OFZe0 CheckCount()
2023/06/13 10:38:53 [TRACE] e76m5LontYo6viYoFHk3wr OFZe0 CheckExpire()
2023/06/13 10:38:53 [TRACE] e76m5LontYo6viYoFHk3wr OFZe0 CheckAuth()
2023/06/13 10:38:53 [TRACE] e76m5LontYo6viYoFHk3wr OFZe0 ServeLink()
2023/06/13 10:38:53 [TRACE] e76m5LontYo6viYoFHk3wr OFZe0 Redirect()
2023/06/13 10:38:53 [TRACE] e76m5LontYo6viYoFHk3wr OFZe0 GET 리다이렉트
2023/06/13 10:38:53 [TRACE] e76m5LontYo6viYoFHk3wr /OFZe0 컨텍스트저장 UKey:'OFZe0'
2023/06/13 10:38:56 [TRACE] dWzXypatUQphU2wGmMUZNK /link/get 컨텍스트저장 UKey:''
2023/06/13 10:39:05 [TRACE] hIbHn0iGtqAdJEKDmla7Q4 ----------------------------------------------------
2023/06/13 10:39:05 [TRACE] hIbHn0iGtqAdJEKDmla7Q4 /KCCXg 요청토큰: 89a266aa-8e1d-40bc-aeb5-a29874d650ce
2023/06/13 10:39:05 [TRACE] hIbHn0iGtqAdJEKDmla7Q4 2024-06-07 00:00:00 +0700 +07
2023/06/13 10:39:05 [TRACE] hIbHn0iGtqAdJEKDmla7Q4 ub.urlybud.aqua.castis.io 라이선스 정상
2023/06/13 10:39:05 [TRACE] hIbHn0iGtqAdJEKDmla7Q4 KCCXg CheckExists()
2023/06/13 10:39:05 [TRACE] hIbHn0iGtqAdJEKDmla7Q4 KCCXg CheckSecureLink()
2023/06/13 10:39:05 [TRACE] hIbHn0iGtqAdJEKDmla7Q4 KCCXg CheckCount()
2023/06/13 10:39:05 [TRACE] hIbHn0iGtqAdJEKDmla7Q4 KCCXg CheckExpire()
2023/06/13 10:39:05 [TRACE] hIbHn0iGtqAdJEKDmla7Q4 KCCXg CheckAuth()
2023/06/13 10:39:05 [TRACE] hIbHn0iGtqAdJEKDmla7Q4 KCCXg ServeLink()
2023/06/13 10:39:05 [TRACE] hIbHn0iGtqAdJEKDmla7Q4 KCCXg Redirect()
2023/06/13 10:39:05 [TRACE] hIbHn0iGtqAdJEKDmla7Q4 KCCXg GET 리다이렉트
2023/06/13 10:39:05 [TRACE] hIbHn0iGtqAdJEKDmla7Q4 /KCCXg 컨텍스트저장 UKey:'KCCXg'
2023/06/13 10:39:06 [TRACE] 3ccYvZBB2vclvcpEChd35U /link/get 컨텍스트저장 UKey:''
2023/06/13 10:39:11 [TRACE] 8ILDY8yvppWlB12r8aQNKH ----------------------------------------------------
2023/06/13 10:39:11 [TRACE] 8ILDY8yvppWlB12r8aQNKH /if79q 요청토큰: 89a266aa-8e1d-40bc-aeb5-a29874d650ce
2023/06/13 10:39:11 [TRACE] 8ILDY8yvppWlB12r8aQNKH 2024-06-07 00:00:00 +0700 +07
2023/06/13 10:39:11 [TRACE] 8ILDY8yvppWlB12r8aQNKH ub.urlybud.aqua.castis.io 라이선스 정상
2023/06/13 10:39:11 [TRACE] 8ILDY8yvppWlB12r8aQNKH if79q CheckExists()
2023/06/13 10:39:11 [TRACE] 8ILDY8yvppWlB12r8aQNKH if79q CheckSecureLink()
2023/06/13 10:39:11 [TRACE] 8ILDY8yvppWlB12r8aQNKH if79q CheckCount()
2023/06/13 10:39:11 [TRACE] 8ILDY8yvppWlB12r8aQNKH if79q CheckExpire()
2023/06/13 10:39:11 [TRACE] 8ILDY8yvppWlB12r8aQNKH if79q CheckAuth()
2023/06/13 10:39:11 [TRACE] 8ILDY8yvppWlB12r8aQNKH if79q ServeLink()
2023/06/13 10:39:11 [TRACE] 8ILDY8yvppWlB12r8aQNKH if79q Redirect()
2023/06/13 10:39:11 [TRACE] 8ILDY8yvppWlB12r8aQNKH if79q GET 리다이렉트
2023/06/13 10:39:11 [TRACE] 8ILDY8yvppWlB12r8aQNKH /if79q 컨텍스트저장 UKey:'if79q'
2023/06/13 10:39:11 [TRACE] 1fMu5fe4Ap1bQ1Q9xksYZi /link/get 컨텍스트저장 UKey:''
2023/06/13 10:39:52 [TRACE] 3A6c0Phyh7x1KH5ZBOct03 ----------------------------------------------------
2023/06/13 10:39:52 [TRACE] 3A6c0Phyh7x1KH5ZBOct03 /OFZe0 요청토큰: 89a266aa-8e1d-40bc-aeb5-a29874d650ce
2023/06/13 10:39:52 [TRACE] 3A6c0Phyh7x1KH5ZBOct03 2024-06-07 00:00:00 +0700 +07
2023/06/13 10:39:52 [TRACE] 3A6c0Phyh7x1KH5ZBOct03 ub.urlybud.aqua.castis.io 라이선스 정상
2023/06/13 10:39:52 [TRACE] 3A6c0Phyh7x1KH5ZBOct03 OFZe0 CheckExists()
2023/06/13 10:39:52 [TRACE] 3A6c0Phyh7x1KH5ZBOct03 OFZe0 CheckSecureLink()
2023/06/13 10:39:52 [TRACE] 3A6c0Phyh7x1KH5ZBOct03 OFZe0 CheckCount()
2023/06/13 10:39:52 [TRACE] 3A6c0Phyh7x1KH5ZBOct03 OFZe0 CheckExpire()
2023/06/13 10:39:52 [TRACE] 3A6c0Phyh7x1KH5ZBOct03 OFZe0 CheckAuth()
2023/06/13 10:39:52 [TRACE] 3A6c0Phyh7x1KH5ZBOct03 OFZe0 ServeLink()
2023/06/13 10:39:52 [TRACE] 3A6c0Phyh7x1KH5ZBOct03 OFZe0 Redirect()
2023/06/13 10:39:52 [TRACE] 3A6c0Phyh7x1KH5ZBOct03 OFZe0 GET 리다이렉트
2023/06/13 10:39:52 [TRACE] 3A6c0Phyh7x1KH5ZBOct03 /OFZe0 컨텍스트저장 UKey:'OFZe0'
2023/06/13 10:39:52 [TRACE] 8MMoZHXJjFheqfhUYTeWqD /link/get 컨텍스트저장 UKey:''
2023/06/13 10:40:02 [TRACE] imrlFtoxzJ69YFd9vCKQwS ----------------------------------------------------
2023/06/13 10:40:02 [TRACE] imrlFtoxzJ69YFd9vCKQwS /OFZe0 요청토큰: 89a266aa-8e1d-40bc-aeb5-a29874d650ce
2023/06/13 10:40:02 [TRACE] imrlFtoxzJ69YFd9vCKQwS 2024-06-07 00:00:00 +0700 +07
2023/06/13 10:40:02 [TRACE] imrlFtoxzJ69YFd9vCKQwS ub.urlybud.aqua.castis.io 라이선스 정상
2023/06/13 10:40:02 [TRACE] imrlFtoxzJ69YFd9vCKQwS OFZe0 CheckExists()
2023/06/13 10:40:02 [TRACE] imrlFtoxzJ69YFd9vCKQwS OFZe0 CheckSecureLink()
2023/06/13 10:40:02 [TRACE] imrlFtoxzJ69YFd9vCKQwS OFZe0 CheckCount()
2023/06/13 10:40:02 [TRACE] imrlFtoxzJ69YFd9vCKQwS OFZe0 CheckExpire()
2023/06/13 10:40:02 [TRACE] imrlFtoxzJ69YFd9vCKQwS OFZe0 CheckAuth()
2023/06/13 10:40:02 [TRACE] imrlFtoxzJ69YFd9vCKQwS OFZe0 ServeLink()
2023/06/13 10:40:02 [TRACE] imrlFtoxzJ69YFd9vCKQwS OFZe0 Redirect()
2023/06/13 10:40:02 [TRACE] imrlFtoxzJ69YFd9vCKQwS OFZe0 GET 리다이렉트
2023/06/13 10:40:02 [TRACE] imrlFtoxzJ69YFd9vCKQwS /OFZe0 컨텍스트저장 UKey:'OFZe0'
2023/06/13 10:40:02 [TRACE] cR1c4rBn7PEf5fp8ntfwJi /link/get 컨텍스트저장 UKey:''
2023/06/13 10:41:17 [TRACE] epmN8scbMXYgNQIZXHohvf /link/get 컨텍스트저장 UKey:''
2023/06/13 10:41:30 [TRACE] loq7salBsnNa3cdiUgevms /link/get 컨텍스트저장 UKey:''
2023/06/13 10:41:42 [TRACE] bSBew0nEIzEh2r7waPmeq9 /link/get 컨텍스트저장 UKey:''
2023/06/13 10:41:55 [TRACE] inn8ekwm2XQ3VEiuRKPLar /link/get 컨텍스트저장 UKey:''
2023/06/13 10:42:24 [TRACE] i9PV8xuDuuNkF4fanNqKiv /link/get 컨텍스트저장 UKey:''
2023/06/13 10:43:04 [TRACE] i0dyzv4s0B29WsIV4umr7y ----------------------------------------------------
2023/06/13 10:43:04 [TRACE] i0dyzv4s0B29WsIV4umr7y /OFZe0 요청토큰: 89a266aa-8e1d-40bc-aeb5-a29874d650ce
2023/06/13 10:43:04 [TRACE] i0dyzv4s0B29WsIV4umr7y 2024-06-07 00:00:00 +0700 +07
2023/06/13 10:43:04 [TRACE] i0dyzv4s0B29WsIV4umr7y ub.urlybud.aqua.castis.io 라이선스 정상
2023/06/13 10:43:04 [TRACE] i0dyzv4s0B29WsIV4umr7y OFZe0 CheckExists()
2023/06/13 10:43:04 [TRACE] i0dyzv4s0B29WsIV4umr7y OFZe0 CheckSecureLink()
2023/06/13 10:43:04 [TRACE] i0dyzv4s0B29WsIV4umr7y OFZe0 CheckCount()
2023/06/13 10:43:04 [TRACE] i0dyzv4s0B29WsIV4umr7y OFZe0 CheckExpire()
2023/06/13 10:43:04 [TRACE] i0dyzv4s0B29WsIV4umr7y OFZe0 CheckAuth()
2023/06/13 10:43:04 [TRACE] i0dyzv4s0B29WsIV4umr7y OFZe0 ServeLink()
2023/06/13 10:43:04 [TRACE] i0dyzv4s0B29WsIV4umr7y OFZe0 Redirect()
2023/06/13 10:43:04 [TRACE] i0dyzv4s0B29WsIV4umr7y OFZe0 GET 리다이렉트
2023/06/13 10:43:04 [TRACE] i0dyzv4s0B29WsIV4umr7y /OFZe0 컨텍스트저장 UKey:'OFZe0'
2023/06/13 10:43:05 [TRACE] eSwMN7yFAXrbSRLQPf57Nf /link/get 컨텍스트저장 UKey:''
2023/06/13 10:45:04 [TRACE] eWck1I3buF51g6CkkYKArz /link/get 컨텍스트저장 UKey:''
2023/06/13 10:45:08 [TRACE] c6M8NgZZB9TiROKSsJBlWo /link/get 컨텍스트저장 UKey:''
2023/06/13 10:47:36 [TRACE] 7rNf1qrD4xLihxioe9QQj2 /link/get 컨텍스트저장 UKey:''
2023/06/13 10:48:08 [TRACE] 667Lcph5BVs89VZsLn71bL ----------------------------------------------------
2023/06/13 10:48:08 [TRACE] 667Lcph5BVs89VZsLn71bL /AudWc 요청토큰: 89a266aa-8e1d-40bc-aeb5-a29874d650ce
2023/06/13 10:48:08 [TRACE] 667Lcph5BVs89VZsLn71bL 2024-06-07 00:00:00 +0700 +07
2023/06/13 10:48:08 [TRACE] 667Lcph5BVs89VZsLn71bL ub.urlybud.aqua.castis.io 라이선스 정상
2023/06/13 10:48:08 [TRACE] 667Lcph5BVs89VZsLn71bL AudWc CheckExists()
2023/06/13 10:48:08 [TRACE] 667Lcph5BVs89VZsLn71bL AudWc CheckSecureLink()
2023/06/13 10:48:08 [TRACE] 667Lcph5BVs89VZsLn71bL AudWc CheckCount()
2023/06/13 10:48:08 [TRACE] 667Lcph5BVs89VZsLn71bL AudWc CheckExpire()
2023/06/13 10:48:08 [TRACE] 667Lcph5BVs89VZsLn71bL AudWc CheckAuth()
2023/06/13 10:48:08 [TRACE] 667Lcph5BVs89VZsLn71bL AudWc ServeLink()
2023/06/13 10:48:08 [TRACE] 667Lcph5BVs89VZsLn71bL AudWc Redirect()
2023/06/13 10:48:08 [TRACE] 667Lcph5BVs89VZsLn71bL AudWc GET 리다이렉트
2023/06/13 10:48:08 [TRACE] 667Lcph5BVs89VZsLn71bL /AudWc 컨텍스트저장 UKey:'AudWc'
2023/06/13 10:48:09 [TRACE] 70z74kPKyKhdS7Xcq3poYj /link/get 컨텍스트저장 UKey:''
2023/06/13 10:48:15 [TRACE] auunSEQNHME46lMfqQA16T ----------------------------------------------------
2023/06/13 10:48:15 [TRACE] auunSEQNHME46lMfqQA16T /AudWc 요청토큰: 89a266aa-8e1d-40bc-aeb5-a29874d650ce
2023/06/13 10:48:15 [TRACE] auunSEQNHME46lMfqQA16T 2024-06-07 00:00:00 +0700 +07
2023/06/13 10:48:15 [TRACE] auunSEQNHME46lMfqQA16T ub.urlybud.aqua.castis.io 라이선스 정상
2023/06/13 10:48:15 [TRACE] auunSEQNHME46lMfqQA16T AudWc CheckExists()
2023/06/13 10:48:15 [TRACE] auunSEQNHME46lMfqQA16T AudWc CheckSecureLink()
2023/06/13 10:48:15 [TRACE] auunSEQNHME46lMfqQA16T AudWc CheckCount()
2023/06/13 10:48:15 [TRACE] auunSEQNHME46lMfqQA16T AudWc CheckExpire()
2023/06/13 10:48:15 [TRACE] auunSEQNHME46lMfqQA16T AudWc CheckAuth()
2023/06/13 10:48:15 [TRACE] auunSEQNHME46lMfqQA16T AudWc ServeLink()
2023/06/13 10:48:15 [TRACE] auunSEQNHME46lMfqQA16T AudWc Redirect()
2023/06/13 10:48:15 [TRACE] auunSEQNHME46lMfqQA16T AudWc GET 리다이렉트
2023/06/13 10:48:15 [TRACE] auunSEQNHME46lMfqQA16T /AudWc 컨텍스트저장 UKey:'AudWc'
2023/06/13 10:48:15 [TRACE] ehBgYSqWll3i59yLLW2gxV /link/get 컨텍스트저장 UKey:''
2023/06/13 10:48:20 [TRACE] eDCUrtCdTQm6DGIsusiM4f ----------------------------------------------------
2023/06/13 10:48:20 [TRACE] eDCUrtCdTQm6DGIsusiM4f /AudWc 요청토큰: 89a266aa-8e1d-40bc-aeb5-a29874d650ce
2023/06/13 10:48:20 [TRACE] eDCUrtCdTQm6DGIsusiM4f 2024-06-07 00:00:00 +0700 +07
2023/06/13 10:48:20 [TRACE] eDCUrtCdTQm6DGIsusiM4f ub.urlybud.aqua.castis.io 라이선스 정상
2023/06/13 10:48:20 [TRACE] eDCUrtCdTQm6DGIsusiM4f AudWc CheckExists()
2023/06/13 10:48:20 [TRACE] eDCUrtCdTQm6DGIsusiM4f AudWc CheckSecureLink()
2023/06/13 10:48:20 [TRACE] eDCUrtCdTQm6DGIsusiM4f AudWc CheckCount()
2023/06/13 10:48:20 [TRACE] eDCUrtCdTQm6DGIsusiM4f AudWc CheckExpire()
2023/06/13 10:48:20 [TRACE] eDCUrtCdTQm6DGIsusiM4f AudWc CheckAuth()
2023/06/13 10:48:20 [TRACE] eDCUrtCdTQm6DGIsusiM4f AudWc ServeLink()
2023/06/13 10:48:20 [TRACE] eDCUrtCdTQm6DGIsusiM4f AudWc Redirect()
2023/06/13 10:48:20 [TRACE] eDCUrtCdTQm6DGIsusiM4f AudWc GET 리다이렉트
2023/06/13 10:48:20 [TRACE] eDCUrtCdTQm6DGIsusiM4f /AudWc 컨텍스트저장 UKey:'AudWc'
2023/06/13 10:48:21 [TRACE] ehWG6ElCZyWkzVcuYlSsVJ /link/get 컨텍스트저장 UKey:''
2023/06/13 10:48:36 [TRACE] 7tcXBLQ1UrLjAg1vZ2DLYO ----------------------------------------------------
2023/06/13 10:48:36 [TRACE] 7tcXBLQ1UrLjAg1vZ2DLYO /pkZxz 요청토큰: 89a266aa-8e1d-40bc-aeb5-a29874d650ce
2023/06/13 10:48:36 [TRACE] 7tcXBLQ1UrLjAg1vZ2DLYO 2024-06-07 00:00:00 +0700 +07
2023/06/13 10:48:36 [TRACE] 7tcXBLQ1UrLjAg1vZ2DLYO ub.urlybud.aqua.castis.io 라이선스 정상
2023/06/13 10:48:36 [TRACE] 7tcXBLQ1UrLjAg1vZ2DLYO pkZxz CheckExists()
2023/06/13 10:48:36 [TRACE] 7tcXBLQ1UrLjAg1vZ2DLYO pkZxz CheckSecureLink()
2023/06/13 10:48:36 [TRACE] 7tcXBLQ1UrLjAg1vZ2DLYO pkZxz CheckCount()
2023/06/13 10:48:36 [TRACE] 7tcXBLQ1UrLjAg1vZ2DLYO pkZxz CheckExpire()
2023/06/13 10:48:36 [TRACE] 7tcXBLQ1UrLjAg1vZ2DLYO pkZxz CheckAuth()
2023/06/13 10:48:36 [TRACE] 7tcXBLQ1UrLjAg1vZ2DLYO pkZxz ServeLink()
2023/06/13 10:48:36 [TRACE] 7tcXBLQ1UrLjAg1vZ2DLYO pkZxz Redirect()
2023/06/13 10:48:36 [TRACE] 7tcXBLQ1UrLjAg1vZ2DLYO pkZxz GET 리다이렉트
2023/06/13 10:48:36 [TRACE] 7tcXBLQ1UrLjAg1vZ2DLYO /pkZxz 컨텍스트저장 UKey:'pkZxz'
2023/06/13 10:48:36 [TRACE] 5jYYc1qh13x8aWUxL9GcEp /link/get 컨텍스트저장 UKey:''
2023/06/13 10:48:43 [TRACE] 47fPcKgg0gajJi24uoT0KT ----------------------------------------------------
2023/06/13 10:48:43 [TRACE] 47fPcKgg0gajJi24uoT0KT /652n8 요청토큰: 89a266aa-8e1d-40bc-aeb5-a29874d650ce
2023/06/13 10:48:43 [TRACE] 47fPcKgg0gajJi24uoT0KT 2024-06-07 00:00:00 +0700 +07
2023/06/13 10:48:43 [TRACE] 47fPcKgg0gajJi24uoT0KT ub.urlybud.aqua.castis.io 라이선스 정상
2023/06/13 10:48:43 [TRACE] 47fPcKgg0gajJi24uoT0KT 652n8 CheckExists()
2023/06/13 10:48:43 [TRACE] 47fPcKgg0gajJi24uoT0KT 652n8 CheckSecureLink()
2023/06/13 10:48:43 [TRACE] 47fPcKgg0gajJi24uoT0KT 652n8 CheckCount()
2023/06/13 10:48:43 [TRACE] 47fPcKgg0gajJi24uoT0KT 652n8 CheckExpire()
2023/06/13 10:48:43 [TRACE] 47fPcKgg0gajJi24uoT0KT 652n8 CheckAuth()
2023/06/13 10:48:43 [TRACE] 47fPcKgg0gajJi24uoT0KT 652n8 ServeLink()
2023/06/13 10:48:43 [TRACE] 47fPcKgg0gajJi24uoT0KT 652n8 Redirect()
2023/06/13 10:48:43 [TRACE] 47fPcKgg0gajJi24uoT0KT 652n8 GET 리다이렉트
2023/06/13 10:48:43 [TRACE] 47fPcKgg0gajJi24uoT0KT /652n8 컨텍스트저장 UKey:'652n8'
2023/06/13 10:48:44 [TRACE] 3oeKmLqRdPLaF4OXvdi60M /link/get 컨텍스트저장 UKey:''
2023/06/13 10:48:49 [TRACE] er63mM5hxlukPQ2gdOGKbp ----------------------------------------------------
2023/06/13 10:48:49 [TRACE] er63mM5hxlukPQ2gdOGKbp /DwKqY 요청토큰: 89a266aa-8e1d-40bc-aeb5-a29874d650ce
2023/06/13 10:48:49 [TRACE] er63mM5hxlukPQ2gdOGKbp 2024-06-07 00:00:00 +0700 +07
2023/06/13 10:48:49 [TRACE] er63mM5hxlukPQ2gdOGKbp ub.urlybud.aqua.castis.io 라이선스 정상
2023/06/13 10:48:49 [TRACE] er63mM5hxlukPQ2gdOGKbp DwKqY CheckExists()
2023/06/13 10:48:49 [TRACE] er63mM5hxlukPQ2gdOGKbp DwKqY CheckSecureLink()
2023/06/13 10:48:49 [TRACE] er63mM5hxlukPQ2gdOGKbp DwKqY CheckCount()
2023/06/13 10:48:49 [TRACE] er63mM5hxlukPQ2gdOGKbp DwKqY CheckExpire()
2023/06/13 10:48:49 [TRACE] er63mM5hxlukPQ2gdOGKbp DwKqY CheckAuth()
2023/06/13 10:48:49 [TRACE] er63mM5hxlukPQ2gdOGKbp DwKqY ServeLink()
2023/06/13 10:48:49 [TRACE] er63mM5hxlukPQ2gdOGKbp DwKqY Redirect()
2023/06/13 10:48:49 [TRACE] er63mM5hxlukPQ2gdOGKbp DwKqY GET 리다이렉트
2023/06/13 10:48:49 [TRACE] er63mM5hxlukPQ2gdOGKbp /DwKqY 컨텍스트저장 UKey:'DwKqY'
2023/06/13 10:48:50 [TRACE] 8Glh5rAxhK25x2hxoaAon /link/get 컨텍스트저장 UKey:''
2023/06/13 10:49:37 [TRACE] 2l7uNuetu7ulITVlxnWfD5 /link/get 컨텍스트저장 UKey:''
2023/06/13 10:50:06 [TRACE] cVbtsyLPJTPcbAeTXMppX0 /link/get 컨텍스트저장 UKey:''
2023/06/13 10:50:22 [TRACE] daZSJGrB36c9OfmBaFaRab /link/get 컨텍스트저장 UKey:''
2023/06/13 10:52:18 [TRACE] iDJIBhgCRno3M6UTCeTK5y /link/get 컨텍스트저장 UKey:''
2023/06/13 10:55:52 [TRACE] lnDwcf6yWh47LxnFf0GTIm /link/get 컨텍스트저장 UKey:''
2023/06/13 10:56:10 [TRACE] ijOFvdDDNa9gBMvbTcFPQO /link/get 컨텍스트저장 UKey:''
2023/06/13 10:57:25 [TRACE] bw5rLhYBvfjccUX4ORYsR4 /link/get 컨텍스트저장 UKey:''
2023/06/13 10:57:50 [TRACE] 2qAgSCjbndZ3JDRUuEtLSB /link/get 컨텍스트저장 UKey:''
2023/06/13 10:57:56 [TRACE] 5ZRUhejmZCrbmnspPDF2vR /link/get 컨텍스트저장 UKey:''
2023/06/13 10:58:01 [TRACE] jindt2voCl22wFutJXmjqh /link/get 컨텍스트저장 UKey:''
2023/06/13 10:58:13 [TRACE] 22wqrOCXA3SiHvFmk1P7Dx /link/get 컨텍스트저장 UKey:''
2023/06/13 10:58:27 [TRACE] 6vxs2anfuKd8M52IhKjySQ /link/get 컨텍스트저장 UKey:''
2023/06/13 10:59:39 [TRACE] 1EaL9nQHtpJjLxLe1JPUZW /link/get 컨텍스트저장 UKey:''
2023/06/13 11:02:13 [TRACE] 6VNRD9rRDWGj6mxuL9o7Nx /link/get 컨텍스트저장 UKey:''
2023/06/13 11:02:17 [TRACE] 78US2XtP7mO7m35oz3d6yD /link/get 컨텍스트저장 UKey:''
2023/06/13 11:03:58 [TRACE] 6FeMW2zEGJ312MoRU06CJv /link/get 컨텍스트저장 UKey:''
2023/06/13 13:36:36 [TRACE] lWaF7z1qvQ974bsktfoWmH /link/get 컨텍스트저장 UKey:''
2023/06/13 13:59:41 [TRACE] hnkpKct38Mx9vulJRdaU2v /link/get 컨텍스트저장 UKey:''
2023/06/13 14:02:59 [TRACE] 6XWgk2WQmCi8MviIAfTCWZ ----------------------------------------------------
2023/06/13 14:02:59 [TRACE] 6XWgk2WQmCi8MviIAfTCWZ /OFZe0 토큰생성: ad3b8208-a1ab-4e94-8c8e-8ebe76ae5f91
2023/06/13 14:02:59 [TRACE] 6XWgk2WQmCi8MviIAfTCWZ 2024-06-07 00:00:00 +0700 +07
2023/06/13 14:02:59 [TRACE] 6XWgk2WQmCi8MviIAfTCWZ ub.urlybud.aqua.castis.io 라이선스 정상
2023/06/13 14:02:59 [TRACE] 6XWgk2WQmCi8MviIAfTCWZ OFZe0 CheckExists()
2023/06/13 14:02:59 [TRACE] 6XWgk2WQmCi8MviIAfTCWZ OFZe0 CheckSecureLink()
2023/06/13 14:02:59 [TRACE] 6XWgk2WQmCi8MviIAfTCWZ OFZe0 CheckCount()
2023/06/13 14:02:59 [TRACE] 6XWgk2WQmCi8MviIAfTCWZ OFZe0 CheckExpire()
2023/06/13 14:02:59 [TRACE] 6XWgk2WQmCi8MviIAfTCWZ OFZe0 CheckAuth()
2023/06/13 14:02:59 [TRACE] 6XWgk2WQmCi8MviIAfTCWZ OFZe0 ServeLink()
2023/06/13 14:02:59 [TRACE] 6XWgk2WQmCi8MviIAfTCWZ OFZe0 Redirect()
2023/06/13 14:02:59 [TRACE] 6XWgk2WQmCi8MviIAfTCWZ OFZe0 GET 리다이렉트
2023/06/13 14:02:59 [TRACE] 6XWgk2WQmCi8MviIAfTCWZ /OFZe0 컨텍스트저장 UKey:'OFZe0'
2023/06/13 14:03:00 [TRACE] ekw4tIrozSGl0glE4EZF4i /link/get 컨텍스트저장 UKey:''
2023/06/13 14:06:08 [TRACE] 925hwYkpbV51PADjUN6u2R ----------------------------------------------------
2023/06/13 14:06:08 [TRACE] 925hwYkpbV51PADjUN6u2R /OFZe0 요청토큰: ad3b8208-a1ab-4e94-8c8e-8ebe76ae5f91
2023/06/13 14:06:08 [TRACE] 925hwYkpbV51PADjUN6u2R 2024-06-07 00:00:00 +0700 +07
2023/06/13 14:06:08 [TRACE] 925hwYkpbV51PADjUN6u2R ub.urlybud.aqua.castis.io 라이선스 정상
2023/06/13 14:06:08 [TRACE] 925hwYkpbV51PADjUN6u2R OFZe0 CheckExists()
2023/06/13 14:06:08 [TRACE] 925hwYkpbV51PADjUN6u2R OFZe0 CheckSecureLink()
2023/06/13 14:06:08 [TRACE] 925hwYkpbV51PADjUN6u2R OFZe0 CheckCount()
2023/06/13 14:06:08 [TRACE] 925hwYkpbV51PADjUN6u2R OFZe0 CheckExpire()
2023/06/13 14:06:08 [TRACE] 925hwYkpbV51PADjUN6u2R OFZe0 CheckAuth()
2023/06/13 14:06:08 [TRACE] 925hwYkpbV51PADjUN6u2R OFZe0 ServeLink()
2023/06/13 14:06:08 [TRACE] 925hwYkpbV51PADjUN6u2R OFZe0 Redirect()
2023/06/13 14:06:08 [TRACE] 925hwYkpbV51PADjUN6u2R OFZe0 GET 리다이렉트
2023/06/13 14:06:08 [TRACE] 925hwYkpbV51PADjUN6u2R /OFZe0 컨텍스트저장 UKey:'OFZe0'
2023/06/13 14:06:08 [TRACE] 8A5lU2dQDmViSs6aKvt0o9 /link/get 컨텍스트저장 UKey:''
2023/06/13 14:06:28 [TRACE] 5VYRAdZNDUl4Pq1eVXxpNm ----------------------------------------------------
2023/06/13 14:06:28 [TRACE] 5VYRAdZNDUl4Pq1eVXxpNm /OFZe0 토큰생성: eeb2d124-36b8-4e0e-b535-abc323f8dc7c
2023/06/13 14:06:28 [TRACE] 5VYRAdZNDUl4Pq1eVXxpNm 2024-06-07 00:00:00 +0700 +07
2023/06/13 14:06:28 [TRACE] 5VYRAdZNDUl4Pq1eVXxpNm ub.urlybud.aqua.castis.io 라이선스 정상
2023/06/13 14:06:28 [TRACE] 5VYRAdZNDUl4Pq1eVXxpNm OFZe0 CheckExists()
2023/06/13 14:06:28 [TRACE] 5VYRAdZNDUl4Pq1eVXxpNm OFZe0 CheckSecureLink()
2023/06/13 14:06:28 [TRACE] 5VYRAdZNDUl4Pq1eVXxpNm OFZe0 CheckCount()
2023/06/13 14:06:28 [TRACE] 5VYRAdZNDUl4Pq1eVXxpNm OFZe0 CheckExpire()
2023/06/13 14:06:28 [TRACE] 5VYRAdZNDUl4Pq1eVXxpNm OFZe0 CheckAuth()
2023/06/13 14:06:28 [TRACE] 5VYRAdZNDUl4Pq1eVXxpNm OFZe0 ServeLink()
2023/06/13 14:06:28 [TRACE] 5VYRAdZNDUl4Pq1eVXxpNm OFZe0 Redirect()
2023/06/13 14:06:28 [TRACE] 5VYRAdZNDUl4Pq1eVXxpNm OFZe0 GET 리다이렉트
2023/06/13 14:06:28 [TRACE] 5VYRAdZNDUl4Pq1eVXxpNm /OFZe0 컨텍스트저장 UKey:'OFZe0'
2023/06/13 14:06:29 [TRACE] glGnpCaAsvSaB61lr9lCVe /link/get 컨텍스트저장 UKey:''
2023/06/13 14:07:52 [TRACE] elDubmidJr28kNVj2qopsz /link/get 컨텍스트저장 UKey:''
2023/06/13 14:09:04 [TRACE] g3zgEZD02b761D50lrIz1i /link/get 컨텍스트저장 UKey:''
2023/06/13 14:09:10 [TRACE] 7AnpMfGJuswa0GK80J9GfF /link/get 컨텍스트저장 UKey:''
2023/06/13 14:10:11 [TRACE] lyTVCX4f3VZiCGuE00NBCh /link/get 컨텍스트저장 UKey:''
2023/06/13 14:11:25 [TRACE] 3VcZLMgrg0ables1hCQIcN /link/get 컨텍스트저장 UKey:''
2023/06/13 14:11:51 [TRACE] aeCxhN26TES3vXAwfCtGES /link/get 컨텍스트저장 UKey:''
2023/06/13 14:14:11 [TRACE] 3mJqxzBjQVz5bJoDHhUyok ----------------------------------------------------
2023/06/13 14:14:11 [TRACE] 3mJqxzBjQVz5bJoDHhUyok /KCCXg 토큰생성: 7262336a-3d77-4e8e-af7e-ea5e4fcbdab9
2023/06/13 14:14:11 [TRACE] 3mJqxzBjQVz5bJoDHhUyok 2024-06-07 00:00:00 +0700 +07
2023/06/13 14:14:11 [TRACE] 3mJqxzBjQVz5bJoDHhUyok ub.urlybud.aqua.castis.io 라이선스 정상
2023/06/13 14:14:11 [TRACE] 3mJqxzBjQVz5bJoDHhUyok KCCXg CheckExists()
2023/06/13 14:14:11 [TRACE] 3mJqxzBjQVz5bJoDHhUyok KCCXg CheckSecureLink()
2023/06/13 14:14:11 [TRACE] 3mJqxzBjQVz5bJoDHhUyok KCCXg CheckCount()
2023/06/13 14:14:11 [TRACE] 3mJqxzBjQVz5bJoDHhUyok KCCXg CheckExpire()
2023/06/13 14:14:11 [TRACE] 3mJqxzBjQVz5bJoDHhUyok KCCXg CheckAuth()
2023/06/13 14:14:11 [TRACE] 3mJqxzBjQVz5bJoDHhUyok KCCXg ServeLink()
2023/06/13 14:14:11 [TRACE] 3mJqxzBjQVz5bJoDHhUyok KCCXg Redirect()
2023/06/13 14:14:11 [TRACE] 3mJqxzBjQVz5bJoDHhUyok KCCXg GET 리다이렉트
2023/06/13 14:14:11 [TRACE] 3mJqxzBjQVz5bJoDHhUyok /KCCXg 컨텍스트저장 UKey:'KCCXg'
2023/06/13 14:14:12 [TRACE] 11KsbBSISTA3wSu50JRj9k /link/get 컨텍스트저장 UKey:''
2023/06/13 14:15:06 [TRACE] edXRLmU5V7pk5XJyGvAP7C ----------------------------------------------------
2023/06/13 14:15:06 [TRACE] edXRLmU5V7pk5XJyGvAP7C /if79q 토큰생성: 504cb07b-315b-4070-b436-3a8802b8e347
2023/06/13 14:15:06 [TRACE] edXRLmU5V7pk5XJyGvAP7C 2024-06-07 00:00:00 +0700 +07
2023/06/13 14:15:06 [TRACE] edXRLmU5V7pk5XJyGvAP7C ub.urlybud.aqua.castis.io 라이선스 정상
2023/06/13 14:15:06 [TRACE] edXRLmU5V7pk5XJyGvAP7C if79q CheckExists()
2023/06/13 14:15:06 [TRACE] edXRLmU5V7pk5XJyGvAP7C if79q CheckSecureLink()
2023/06/13 14:15:06 [TRACE] edXRLmU5V7pk5XJyGvAP7C if79q CheckCount()
2023/06/13 14:15:06 [TRACE] edXRLmU5V7pk5XJyGvAP7C if79q CheckExpire()
2023/06/13 14:15:06 [TRACE] edXRLmU5V7pk5XJyGvAP7C if79q CheckAuth()
2023/06/13 14:15:06 [TRACE] edXRLmU5V7pk5XJyGvAP7C if79q ServeLink()
2023/06/13 14:15:06 [TRACE] edXRLmU5V7pk5XJyGvAP7C if79q Redirect()
2023/06/13 14:15:06 [TRACE] edXRLmU5V7pk5XJyGvAP7C if79q GET 리다이렉트
2023/06/13 14:15:06 [TRACE] edXRLmU5V7pk5XJyGvAP7C /if79q 컨텍스트저장 UKey:'if79q'
2023/06/13 14:15:07 [TRACE] dvySwJf1bAjgxdQrZx2eZG /link/get 컨텍스트저장 UKey:''
2023/06/13 14:16:45 [TRACE] jRaHGPmwcLfhrcRDb1cTk4 /link/get 컨텍스트저장 UKey:''
2023/06/13 14:17:08 [TRACE] 4KNYGBDEpqD1f6DSGk2uqj ----------------------------------------------------
2023/06/13 14:17:08 [TRACE] 4KNYGBDEpqD1f6DSGk2uqj /SJloM 토큰생성: eec345b5-8fe7-492b-91e1-3b69171e7331
2023/06/13 14:17:08 [TRACE] 4KNYGBDEpqD1f6DSGk2uqj 2024-06-07 00:00:00 +0700 +07
2023/06/13 14:17:08 [TRACE] 4KNYGBDEpqD1f6DSGk2uqj ub.urlybud.aqua.castis.io 라이선스 정상
2023/06/13 14:17:08 [TRACE] 4KNYGBDEpqD1f6DSGk2uqj SJloM CheckExists()
2023/06/13 14:17:08 [TRACE] 4KNYGBDEpqD1f6DSGk2uqj SJloM CheckSecureLink()
2023/06/13 14:17:08 [TRACE] 4KNYGBDEpqD1f6DSGk2uqj SJloM CheckCount()
2023/06/13 14:17:08 [TRACE] 4KNYGBDEpqD1f6DSGk2uqj SJloM CheckExpire()
2023/06/13 14:17:08 [TRACE] 4KNYGBDEpqD1f6DSGk2uqj SJloM CheckAuth()
2023/06/13 14:17:08 [TRACE] 4KNYGBDEpqD1f6DSGk2uqj SJloM ServeLink()
2023/06/13 14:17:08 [TRACE] 4KNYGBDEpqD1f6DSGk2uqj SJloM Redirect()
2023/06/13 14:17:08 [TRACE] 4KNYGBDEpqD1f6DSGk2uqj SJloM GET 리다이렉트
2023/06/13 14:17:08 [TRACE] 4KNYGBDEpqD1f6DSGk2uqj /SJloM 컨텍스트저장 UKey:'SJloM'
2023/06/13 14:17:09 [TRACE] 1Xh3wQK2zlW6XTe7YoZLQd /link/get 컨텍스트저장 UKey:''
2023/06/13 14:17:15 [TRACE] fQbQNMsWauzgfMTccU7kzy ----------------------------------------------------
2023/06/13 14:17:15 [TRACE] fQbQNMsWauzgfMTccU7kzy /ztodb 토큰생성: d88e3245-a4e6-4145-9b78-6704e564e276
2023/06/13 14:17:15 [TRACE] fQbQNMsWauzgfMTccU7kzy 2024-06-07 00:00:00 +0700 +07
2023/06/13 14:17:15 [TRACE] fQbQNMsWauzgfMTccU7kzy ub.urlybud.aqua.castis.io 라이선스 정상
2023/06/13 14:17:15 [TRACE] fQbQNMsWauzgfMTccU7kzy ztodb CheckExists()
2023/06/13 14:17:15 [TRACE] fQbQNMsWauzgfMTccU7kzy ztodb CheckSecureLink()
2023/06/13 14:17:15 [TRACE] fQbQNMsWauzgfMTccU7kzy ztodb CheckCount()
2023/06/13 14:17:15 [TRACE] fQbQNMsWauzgfMTccU7kzy ztodb CheckExpire()
2023/06/13 14:17:15 [TRACE] fQbQNMsWauzgfMTccU7kzy ztodb CheckAuth()
2023/06/13 14:17:15 [TRACE] fQbQNMsWauzgfMTccU7kzy ztodb ServeLink()
2023/06/13 14:17:15 [TRACE] fQbQNMsWauzgfMTccU7kzy ztodb Redirect()
2023/06/13 14:17:15 [TRACE] fQbQNMsWauzgfMTccU7kzy ztodb GET 리다이렉트
2023/06/13 14:17:15 [TRACE] fQbQNMsWauzgfMTccU7kzy /ztodb 컨텍스트저장 UKey:'ztodb'
2023/06/13 14:17:15 [TRACE] 9uc2DNsuR2LbtmCvzaPbEM /link/get 컨텍스트저장 UKey:''
2023/06/13 14:17:23 [TRACE] aXh56r1kfNocJKH7DDIhHe ----------------------------------------------------
2023/06/13 14:17:23 [TRACE] aXh56r1kfNocJKH7DDIhHe /OFZe0 토큰생성: a7263bbf-a8b0-4faf-9341-cb7edc4c9141
2023/06/13 14:17:23 [TRACE] aXh56r1kfNocJKH7DDIhHe 2024-06-07 00:00:00 +0700 +07
2023/06/13 14:17:23 [TRACE] aXh56r1kfNocJKH7DDIhHe ub.urlybud.aqua.castis.io 라이선스 정상
2023/06/13 14:17:23 [TRACE] aXh56r1kfNocJKH7DDIhHe OFZe0 CheckExists()
2023/06/13 14:17:23 [TRACE] aXh56r1kfNocJKH7DDIhHe OFZe0 CheckSecureLink()
2023/06/13 14:17:23 [TRACE] aXh56r1kfNocJKH7DDIhHe OFZe0 CheckCount()
2023/06/13 14:17:23 [TRACE] aXh56r1kfNocJKH7DDIhHe OFZe0 CheckExpire()
2023/06/13 14:17:23 [TRACE] aXh56r1kfNocJKH7DDIhHe OFZe0 CheckAuth()
2023/06/13 14:17:23 [TRACE] aXh56r1kfNocJKH7DDIhHe OFZe0 ServeLink()
2023/06/13 14:17:23 [TRACE] aXh56r1kfNocJKH7DDIhHe OFZe0 Redirect()
2023/06/13 14:17:23 [TRACE] aXh56r1kfNocJKH7DDIhHe OFZe0 GET 리다이렉트
2023/06/13 14:17:23 [TRACE] aXh56r1kfNocJKH7DDIhHe /OFZe0 컨텍스트저장 UKey:'OFZe0'
2023/06/13 14:17:24 [TRACE] a1gYlQVmVEq739p9QK7Y4Q /link/get 컨텍스트저장 UKey:''
2023/06/13 14:18:09 [TRACE] 6WXBn68ANvBlGCdlOYMOrv ----------------------------------------------------
2023/06/13 14:18:09 [TRACE] 6WXBn68ANvBlGCdlOYMOrv /OFZe0 토큰생성: 9b7602bc-3cb9-4a99-847f-3a82550c8e50
2023/06/13 14:18:09 [TRACE] 6WXBn68ANvBlGCdlOYMOrv 2024-06-07 00:00:00 +0700 +07
2023/06/13 14:18:09 [TRACE] 6WXBn68ANvBlGCdlOYMOrv ub.urlybud.aqua.castis.io 라이선스 정상
2023/06/13 14:18:09 [TRACE] 6WXBn68ANvBlGCdlOYMOrv OFZe0 CheckExists()
2023/06/13 14:18:09 [TRACE] 6WXBn68ANvBlGCdlOYMOrv OFZe0 CheckSecureLink()
2023/06/13 14:18:09 [TRACE] 6WXBn68ANvBlGCdlOYMOrv OFZe0 CheckCount()
2023/06/13 14:18:09 [TRACE] 6WXBn68ANvBlGCdlOYMOrv OFZe0 CheckExpire()
2023/06/13 14:18:09 [TRACE] 6WXBn68ANvBlGCdlOYMOrv OFZe0 CheckAuth()
2023/06/13 14:18:09 [TRACE] 6WXBn68ANvBlGCdlOYMOrv OFZe0 ServeLink()
2023/06/13 14:18:09 [TRACE] 6WXBn68ANvBlGCdlOYMOrv OFZe0 Redirect()
2023/06/13 14:18:09 [TRACE] 6WXBn68ANvBlGCdlOYMOrv OFZe0 GET 리다이렉트
2023/06/13 14:18:09 [TRACE] 6WXBn68ANvBlGCdlOYMOrv /OFZe0 컨텍스트저장 UKey:'OFZe0'
2023/06/13 14:18:10 [TRACE] 4P6Ong6kxBxaaciGx25h3L /link/get 컨텍스트저장 UKey:''
2023/06/13 14:18:26 [TRACE] deYBmOl9iXgbRT83PazHrx /link/get 컨텍스트저장 UKey:''
2023/06/13 14:18:34 [TRACE] glCIhzbk9Kw8XNyVqAqv2A ----------------------------------------------------
2023/06/13 14:18:34 [TRACE] glCIhzbk9Kw8XNyVqAqv2A /KCCXg 토큰생성: 16332e05-6274-4158-8bb1-41b8398addf2
2023/06/13 14:18:34 [TRACE] glCIhzbk9Kw8XNyVqAqv2A 2024-06-07 00:00:00 +0700 +07
2023/06/13 14:18:34 [TRACE] glCIhzbk9Kw8XNyVqAqv2A ub.urlybud.aqua.castis.io 라이선스 정상
2023/06/13 14:18:34 [TRACE] glCIhzbk9Kw8XNyVqAqv2A KCCXg CheckExists()
2023/06/13 14:18:34 [TRACE] glCIhzbk9Kw8XNyVqAqv2A KCCXg CheckSecureLink()
2023/06/13 14:18:34 [TRACE] glCIhzbk9Kw8XNyVqAqv2A KCCXg CheckCount()
2023/06/13 14:18:34 [TRACE] glCIhzbk9Kw8XNyVqAqv2A KCCXg CheckExpire()
2023/06/13 14:18:34 [TRACE] glCIhzbk9Kw8XNyVqAqv2A KCCXg CheckAuth()
2023/06/13 14:18:34 [TRACE] glCIhzbk9Kw8XNyVqAqv2A KCCXg ServeLink()
2023/06/13 14:18:34 [TRACE] glCIhzbk9Kw8XNyVqAqv2A KCCXg Redirect()
2023/06/13 14:18:34 [TRACE] glCIhzbk9Kw8XNyVqAqv2A KCCXg GET 리다이렉트
2023/06/13 14:18:34 [TRACE] glCIhzbk9Kw8XNyVqAqv2A /KCCXg 컨텍스트저장 UKey:'KCCXg'
2023/06/13 14:18:35 [TRACE] BMtSPlwJo24NxkLTKutw6 /link/get 컨텍스트저장 UKey:''
2023/06/13 14:18:53 [TRACE] 2zEMDxhBFni8X6A0Mgz5Mo ----------------------------------------------------
2023/06/13 14:18:53 [TRACE] 2zEMDxhBFni8X6A0Mgz5Mo /ztodb 토큰생성: 5eda89bd-b758-4063-abe4-d6cdbf465375
2023/06/13 14:18:53 [TRACE] 2zEMDxhBFni8X6A0Mgz5Mo 2024-06-07 00:00:00 +0700 +07
2023/06/13 14:18:53 [TRACE] 2zEMDxhBFni8X6A0Mgz5Mo ub.urlybud.aqua.castis.io 라이선스 정상
2023/06/13 14:18:53 [TRACE] 2zEMDxhBFni8X6A0Mgz5Mo ztodb CheckExists()
2023/06/13 14:18:53 [TRACE] 2zEMDxhBFni8X6A0Mgz5Mo ztodb CheckSecureLink()
2023/06/13 14:18:53 [TRACE] 2zEMDxhBFni8X6A0Mgz5Mo ztodb CheckCount()
2023/06/13 14:18:53 [TRACE] 2zEMDxhBFni8X6A0Mgz5Mo ztodb CheckExpire()
2023/06/13 14:18:53 [TRACE] 2zEMDxhBFni8X6A0Mgz5Mo ztodb CheckAuth()
2023/06/13 14:18:53 [TRACE] 2zEMDxhBFni8X6A0Mgz5Mo ztodb ServeLink()
2023/06/13 14:18:53 [TRACE] 2zEMDxhBFni8X6A0Mgz5Mo ztodb Redirect()
2023/06/13 14:18:53 [TRACE] 2zEMDxhBFni8X6A0Mgz5Mo ztodb GET 리다이렉트
2023/06/13 14:18:53 [TRACE] 2zEMDxhBFni8X6A0Mgz5Mo /ztodb 컨텍스트저장 UKey:'ztodb'
2023/06/13 14:18:54 [TRACE] fBTMJAJs0pBgH96NWOtdC2 /link/get 컨텍스트저장 UKey:''
2023/06/13 14:19:31 [TRACE] c2q3O0qCUswgiuOo2Finit /link/get 컨텍스트저장 UKey:''
2023/06/13 14:20:40 [TRACE] clxe1A5dD2LjXUi4CBMUlt /link/get 컨텍스트저장 UKey:''
2023/06/13 14:24:46 [TRACE] jtSBUfNaEW61D7GR3SGAKY ----------------------------------------------------
2023/06/13 14:24:46 [TRACE] jtSBUfNaEW61D7GR3SGAKY /gdr0Y 토큰생성: 52643dc3-d188-47d4-a847-51cf03fd8bb4
2023/06/13 14:24:46 [TRACE] jtSBUfNaEW61D7GR3SGAKY 2024-06-07 00:00:00 +0700 +07
2023/06/13 14:24:46 [TRACE] jtSBUfNaEW61D7GR3SGAKY ub.urlybud.aqua.castis.io 라이선스 정상
2023/06/13 14:24:46 [TRACE] jtSBUfNaEW61D7GR3SGAKY gdr0Y CheckExists()
2023/06/13 14:24:46 [TRACE] jtSBUfNaEW61D7GR3SGAKY gdr0Y CheckSecureLink()
2023/06/13 14:24:46 [TRACE] jtSBUfNaEW61D7GR3SGAKY gdr0Y CheckCount()
2023/06/13 14:24:46 [TRACE] jtSBUfNaEW61D7GR3SGAKY gdr0Y CheckExpire()
2023/06/13 14:24:46 [TRACE] jtSBUfNaEW61D7GR3SGAKY gdr0Y CheckAuth()
2023/06/13 14:24:46 [TRACE] jtSBUfNaEW61D7GR3SGAKY gdr0Y ServeLink()
2023/06/13 14:24:46 [TRACE] jtSBUfNaEW61D7GR3SGAKY gdr0Y Redirect()
2023/06/13 14:24:46 [TRACE] jtSBUfNaEW61D7GR3SGAKY gdr0Y GET 리다이렉트
2023/06/13 14:24:46 [TRACE] jtSBUfNaEW61D7GR3SGAKY /gdr0Y 컨텍스트저장 UKey:'gdr0Y'
2023/06/13 14:24:47 [TRACE] e4HNycQUgO7kD1MslGcvIz /link/get 컨텍스트저장 UKey:''
2023/06/13 14:31:00 [TRACE] aD4dVoo49R1bEZTNUZb5Jw /link/get 컨텍스트저장 UKey:''
2023/06/13 14:33:39 [TRACE] fXDlM3Dg6jm4XoZlzI836D /link/get 컨텍스트저장 UKey:''
2023/06/13 14:36:34 [TRACE] dJuL7tofuf6dBsdDsVEc3p /link/get 컨텍스트저장 UKey:''
2023/06/13 14:45:08 [TRACE] 2I4qmYessEcamCSHaB2FB /link/get 컨텍스트저장 UKey:''
2023/06/13 14:46:09 [TRACE] eCCVvqjraiA2ZE9l2byar4 /link/get 컨텍스트저장 UKey:''
2023/06/13 14:46:28 [TRACE] eCQlu8kiQpli9OoiqwMWg2 /link/get 컨텍스트저장 UKey:''
2023/06/13 14:47:13 [TRACE] a4MJD3DeEHS4oGGpHltAG1 /link/get 컨텍스트저장 UKey:''
2023/06/13 14:48:08 [TRACE] cq54gyMoTUUhULjHouU4A4 /link/get 컨텍스트저장 UKey:''
2023/06/13 14:49:09 [TRACE] lmQ92Ex0ysPaFjbxmZQJhT /link/get 컨텍스트저장 UKey:''
2023/06/13 14:49:15 [TRACE] 1C13LgrIITQc8hJvvpuJtB /link/get 컨텍스트저장 UKey:''
2023/06/13 14:49:51 [TRACE] 1dVHEPcEHkw3U1Pa2LdJX9 /link/get 컨텍스트저장 UKey:''
2023/06/13 14:50:04 [TRACE] dPEgklm8qE82Ldn2iSvhrP /link/get 컨텍스트저장 UKey:''
2023/06/13 14:50:18 [TRACE] lGjc9qvFgN32NDWAtvNAng /link/get 컨텍스트저장 UKey:''
2023/06/13 14:50:25 [TRACE] 6Qa7CCVcmsrb4fJSWeb0js /link/get 컨텍스트저장 UKey:''
2023/06/13 14:50:39 [TRACE] ezlfCbH4C0VaOegpsg9fKS /link/get 컨텍스트저장 UKey:''
2023/06/13 14:51:07 [TRACE] 143TtbbcAF081wzY9D8Djl /link/get 컨텍스트저장 UKey:''
2023/06/13 14:51:18 [TRACE] hgMjNcTft4F6VNaKSvd2I9 /link/get 컨텍스트저장 UKey:''
2023/06/13 14:51:32 [TRACE] 7EpDIs6U7NRbAxfoioOcbH /link/get 컨텍스트저장 UKey:''
2023/06/13 14:51:45 [TRACE] trBrdFRfWk2y9xsKjBssr ----------------------------------------------------
2023/06/13 14:51:45 [TRACE] trBrdFRfWk2y9xsKjBssr /OFZe0 토큰생성: 71cfc9ed-b590-44cb-9982-adf692502189
2023/06/13 14:51:45 [TRACE] trBrdFRfWk2y9xsKjBssr 2024-06-07 00:00:00 +0700 +07
2023/06/13 14:51:45 [TRACE] trBrdFRfWk2y9xsKjBssr ub.urlybud.aqua.castis.io 라이선스 정상
2023/06/13 14:51:45 [TRACE] trBrdFRfWk2y9xsKjBssr OFZe0 CheckExists()
2023/06/13 14:51:45 [TRACE] trBrdFRfWk2y9xsKjBssr OFZe0 CheckSecureLink()
2023/06/13 14:51:45 [TRACE] trBrdFRfWk2y9xsKjBssr OFZe0 CheckCount()
2023/06/13 14:51:45 [TRACE] trBrdFRfWk2y9xsKjBssr OFZe0 CheckExpire()
2023/06/13 14:51:45 [TRACE] trBrdFRfWk2y9xsKjBssr OFZe0 CheckAuth()
2023/06/13 14:51:45 [TRACE] trBrdFRfWk2y9xsKjBssr OFZe0 ServeLink()
2023/06/13 14:51:45 [TRACE] trBrdFRfWk2y9xsKjBssr OFZe0 Redirect()
2023/06/13 14:51:45 [TRACE] trBrdFRfWk2y9xsKjBssr OFZe0 GET 리다이렉트
2023/06/13 14:51:45 [TRACE] trBrdFRfWk2y9xsKjBssr /OFZe0 컨텍스트저장 UKey:'OFZe0'
2023/06/13 14:51:46 [TRACE] 7VRnJJiZltwrhoIY3yMXf /link/get 컨텍스트저장 UKey:''
2023/06/13 14:53:25 [TRACE] jhUGnr8epInfIPoSqR38vC ----------------------------------------------------
2023/06/13 14:53:25 [TRACE] jhUGnr8epInfIPoSqR38vC /ztodb 토큰생성: e8d0b2e7-84b0-4f51-84e0-4f95bbf1ec21
2023/06/13 14:53:25 [TRACE] jhUGnr8epInfIPoSqR38vC 2024-06-07 00:00:00 +0700 +07
2023/06/13 14:53:25 [TRACE] jhUGnr8epInfIPoSqR38vC ub.urlybud.aqua.castis.io 라이선스 정상
2023/06/13 14:53:25 [TRACE] jhUGnr8epInfIPoSqR38vC ztodb CheckExists()
2023/06/13 14:53:25 [TRACE] jhUGnr8epInfIPoSqR38vC ztodb CheckSecureLink()
2023/06/13 14:53:25 [TRACE] jhUGnr8epInfIPoSqR38vC ztodb CheckCount()
2023/06/13 14:53:25 [TRACE] jhUGnr8epInfIPoSqR38vC ztodb CheckExpire()
2023/06/13 14:53:25 [TRACE] jhUGnr8epInfIPoSqR38vC ztodb CheckAuth()
2023/06/13 14:53:25 [TRACE] jhUGnr8epInfIPoSqR38vC ztodb ServeLink()
2023/06/13 14:53:25 [TRACE] jhUGnr8epInfIPoSqR38vC ztodb Redirect()
2023/06/13 14:53:25 [TRACE] jhUGnr8epInfIPoSqR38vC ztodb GET 리다이렉트
2023/06/13 14:53:25 [TRACE] jhUGnr8epInfIPoSqR38vC /ztodb 컨텍스트저장 UKey:'ztodb'
2023/06/13 14:53:26 [TRACE] 1RvrsyVRYeL4quCXE6U4r0 /link/get 컨텍스트저장 UKey:''
2023/06/13 14:53:27 [TRACE] irilWqnJuKgi8KcDXsuReV /link/get 컨텍스트저장 UKey:''
2023/06/13 14:54:34 [TRACE] aXz7860hpFcfx9ZTIFWNoZ /link/get 컨텍스트저장 UKey:''
2023/06/13 14:54:36 [TRACE] 5HcSExTor2OiD7xKls6aff /link/get 컨텍스트저장 UKey:''
2023/06/13 14:54:53 [TRACE] 69eq2jIoe97hHfISIlJu1I ----------------------------------------------------
2023/06/13 14:54:53 [TRACE] 69eq2jIoe97hHfISIlJu1I /ztodb 토큰생성: a904cd4f-5488-44b8-becc-e0e8ebae0a04
2023/06/13 14:54:53 [TRACE] 69eq2jIoe97hHfISIlJu1I 2024-06-07 00:00:00 +0700 +07
2023/06/13 14:54:53 [TRACE] 69eq2jIoe97hHfISIlJu1I ub.urlybud.aqua.castis.io 라이선스 정상
2023/06/13 14:54:53 [TRACE] 69eq2jIoe97hHfISIlJu1I ztodb CheckExists()
2023/06/13 14:54:53 [TRACE] 69eq2jIoe97hHfISIlJu1I ztodb CheckSecureLink()
2023/06/13 14:54:53 [TRACE] 69eq2jIoe97hHfISIlJu1I ztodb CheckCount()
2023/06/13 14:54:53 [TRACE] 69eq2jIoe97hHfISIlJu1I ztodb CheckExpire()
2023/06/13 14:54:53 [TRACE] 69eq2jIoe97hHfISIlJu1I ztodb CheckAuth()
2023/06/13 14:54:53 [TRACE] 69eq2jIoe97hHfISIlJu1I ztodb ServeLink()
2023/06/13 14:54:53 [TRACE] 69eq2jIoe97hHfISIlJu1I ztodb Redirect()
2023/06/13 14:54:53 [TRACE] 69eq2jIoe97hHfISIlJu1I ztodb GET 리다이렉트
2023/06/13 14:54:53 [TRACE] 69eq2jIoe97hHfISIlJu1I /ztodb 컨텍스트저장 UKey:'ztodb'
2023/06/13 14:54:53 [TRACE] aZaQxYstibvgZoAJVtWUW4 /link/get 컨텍스트저장 UKey:''
2023/06/13 14:55:50 [TRACE] 5J6LuHhoWkIkE3NDcQdT2Q /link/get 컨텍스트저장 UKey:''
2023/06/13 14:55:55 [TRACE] 4Ud1UOEFYLc5V4wU25RNme ----------------------------------------------------
2023/06/13 14:55:55 [TRACE] 4Ud1UOEFYLc5V4wU25RNme /OFZe0 토큰생성: c0c393c5-d87a-4804-bcbc-e19f094ae18e
2023/06/13 14:55:55 [TRACE] 4Ud1UOEFYLc5V4wU25RNme 2024-06-07 00:00:00 +0700 +07
2023/06/13 14:55:55 [TRACE] 4Ud1UOEFYLc5V4wU25RNme ub.urlybud.aqua.castis.io 라이선스 정상
2023/06/13 14:55:55 [TRACE] 4Ud1UOEFYLc5V4wU25RNme OFZe0 CheckExists()
2023/06/13 14:55:55 [TRACE] 4Ud1UOEFYLc5V4wU25RNme OFZe0 CheckSecureLink()
2023/06/13 14:55:55 [TRACE] 4Ud1UOEFYLc5V4wU25RNme OFZe0 CheckCount()
2023/06/13 14:55:55 [TRACE] 4Ud1UOEFYLc5V4wU25RNme OFZe0 CheckExpire()
2023/06/13 14:55:55 [TRACE] 4Ud1UOEFYLc5V4wU25RNme OFZe0 CheckAuth()
2023/06/13 14:55:55 [TRACE] 4Ud1UOEFYLc5V4wU25RNme OFZe0 ServeLink()
2023/06/13 14:55:55 [TRACE] 4Ud1UOEFYLc5V4wU25RNme OFZe0 Redirect()
2023/06/13 14:55:55 [TRACE] 4Ud1UOEFYLc5V4wU25RNme OFZe0 GET 리다이렉트
2023/06/13 14:55:55 [TRACE] 4Ud1UOEFYLc5V4wU25RNme /OFZe0 컨텍스트저장 UKey:'OFZe0'
2023/06/13 14:55:56 [TRACE] cVfZv2odKbe0b8FoXQzm5 /link/get 컨텍스트저장 UKey:''
2023/06/13 14:55:59 [TRACE] 8SPHl4zrqz3l4mQhzh3Ki8 /link/get 컨텍스트저장 UKey:''
2023/06/13 14:57:37 [TRACE] i3EIeGzcP3h0TgtII06k ----------------------------------------------------
2023/06/13 14:57:37 [TRACE] i3EIeGzcP3h0TgtII06k /KCCXg 토큰생성: 26e5b2b7-df12-4cc7-9fe7-aeb999c1854c
2023/06/13 14:57:37 [TRACE] i3EIeGzcP3h0TgtII06k 2024-06-07 00:00:00 +0700 +07
2023/06/13 14:57:37 [TRACE] i3EIeGzcP3h0TgtII06k ub.urlybud.aqua.castis.io 라이선스 정상
2023/06/13 14:57:37 [TRACE] i3EIeGzcP3h0TgtII06k KCCXg CheckExists()
2023/06/13 14:57:37 [TRACE] i3EIeGzcP3h0TgtII06k KCCXg CheckSecureLink()
2023/06/13 14:57:37 [TRACE] i3EIeGzcP3h0TgtII06k KCCXg CheckCount()
2023/06/13 14:57:37 [TRACE] i3EIeGzcP3h0TgtII06k KCCXg CheckExpire()
2023/06/13 14:57:37 [TRACE] i3EIeGzcP3h0TgtII06k KCCXg CheckAuth()
2023/06/13 14:57:37 [TRACE] i3EIeGzcP3h0TgtII06k KCCXg ServeLink()
2023/06/13 14:57:37 [TRACE] i3EIeGzcP3h0TgtII06k KCCXg Redirect()
2023/06/13 14:57:37 [TRACE] i3EIeGzcP3h0TgtII06k KCCXg GET 리다이렉트
2023/06/13 14:57:37 [TRACE] i3EIeGzcP3h0TgtII06k /KCCXg 컨텍스트저장 UKey:'KCCXg'
2023/06/13 14:57:38 [TRACE] cg0YQS8ZQGnip72TWrQSop /link/get 컨텍스트저장 UKey:''
2023/06/13 14:57:46 [TRACE] 4hmYuSUlVl5dXrpKLH4duW ----------------------------------------------------
2023/06/13 14:57:46 [TRACE] 4hmYuSUlVl5dXrpKLH4duW /FyqEF 요청토큰: 669bd32c-4eea-44de-82ae-aa25c7cbceb6
2023/06/13 14:57:46 [TRACE] 4hmYuSUlVl5dXrpKLH4duW 2024-06-07 00:00:00 +0700 +07
2023/06/13 14:57:46 [TRACE] 4hmYuSUlVl5dXrpKLH4duW ub.urlybud.aqua.castis.io 라이선스 정상
2023/06/13 14:57:46 [TRACE] 4hmYuSUlVl5dXrpKLH4duW FyqEF CheckExists()
2023/06/13 14:57:46 [TRACE] 4hmYuSUlVl5dXrpKLH4duW FyqEF CheckSecureLink()
2023/06/13 14:57:46 [TRACE] 4hmYuSUlVl5dXrpKLH4duW FyqEF CheckCount()
2023/06/13 14:57:46 [TRACE] 4hmYuSUlVl5dXrpKLH4duW FyqEF CheckExpire()
2023/06/13 14:57:46 [TRACE] 4hmYuSUlVl5dXrpKLH4duW FyqEF CheckAuth()
2023/06/13 14:57:46 [TRACE] 4hmYuSUlVl5dXrpKLH4duW FyqEF ServeLink()
2023/06/13 14:57:46 [TRACE] 4hmYuSUlVl5dXrpKLH4duW FyqEF Redirect()
2023/06/13 14:57:46 [TRACE] 4hmYuSUlVl5dXrpKLH4duW FyqEF GET 리다이렉트
2023/06/13 14:57:46 [TRACE] 4hmYuSUlVl5dXrpKLH4duW /FyqEF 컨텍스트저장 UKey:'FyqEF'
2023/06/13 14:57:48 [TRACE] fLj7ju8rsPjbBqOLJRHCho /link/get 컨텍스트저장 UKey:''
2023/06/13 14:59:10 [TRACE] 44n3Ph0Dm5bh3Rzh4ZdRFd /link/get 컨텍스트저장 UKey:''
2023/06/13 14:59:16 [TRACE] 3x0pDxKkjvF1M4peTGB5Av /link/get 컨텍스트저장 UKey:''
2023/06/13 15:02:40 [TRACE] 7gg6r8b7FGh4N7Nq6fBYVg ----------------------------------------------------
2023/06/13 15:02:40 [TRACE] 7gg6r8b7FGh4N7Nq6fBYVg /RIvnr 요청토큰: 669bd32c-4eea-44de-82ae-aa25c7cbceb6
2023/06/13 15:02:40 [TRACE] 7gg6r8b7FGh4N7Nq6fBYVg 2024-06-07 00:00:00 +0700 +07
2023/06/13 15:02:40 [TRACE] 7gg6r8b7FGh4N7Nq6fBYVg ub.urlybud.aqua.castis.io 라이선스 정상
2023/06/13 15:02:40 [TRACE] 7gg6r8b7FGh4N7Nq6fBYVg RIvnr CheckExists()
2023/06/13 15:02:40 [TRACE] 7gg6r8b7FGh4N7Nq6fBYVg RIvnr CheckSecureLink()
2023/06/13 15:02:40 [TRACE] 7gg6r8b7FGh4N7Nq6fBYVg RIvnr CheckCount()
2023/06/13 15:02:40 [TRACE] 7gg6r8b7FGh4N7Nq6fBYVg RIvnr CheckExpire()
2023/06/13 15:02:40 [TRACE] 7gg6r8b7FGh4N7Nq6fBYVg RIvnr CheckAuth()
2023/06/13 15:02:40 [TRACE] 7gg6r8b7FGh4N7Nq6fBYVg RIvnr ServeLink()
2023/06/13 15:02:40 [TRACE] 7gg6r8b7FGh4N7Nq6fBYVg RIvnr Redirect()
2023/06/13 15:02:40 [TRACE] 7gg6r8b7FGh4N7Nq6fBYVg RIvnr GET 리다이렉트
2023/06/13 15:02:40 [TRACE] 7gg6r8b7FGh4N7Nq6fBYVg /RIvnr 컨텍스트저장 UKey:'RIvnr'
2023/06/13 15:02:42 [TRACE] cwMT2XUig202ThdTngBSHO /link/get 컨텍스트저장 UKey:''
2023/06/13 15:02:49 [TRACE] 8a4WLtGW18glfWNQVYObIM ----------------------------------------------------
2023/06/13 15:02:49 [TRACE] 8a4WLtGW18glfWNQVYObIM /RIvnr 요청토큰: 669bd32c-4eea-44de-82ae-aa25c7cbceb6
2023/06/13 15:02:49 [TRACE] 8a4WLtGW18glfWNQVYObIM 2024-06-07 00:00:00 +0700 +07
2023/06/13 15:02:49 [TRACE] 8a4WLtGW18glfWNQVYObIM ub.urlybud.aqua.castis.io 라이선스 정상
2023/06/13 15:02:49 [TRACE] 8a4WLtGW18glfWNQVYObIM RIvnr CheckExists()
2023/06/13 15:02:49 [TRACE] 8a4WLtGW18glfWNQVYObIM RIvnr CheckSecureLink()
2023/06/13 15:02:49 [TRACE] 8a4WLtGW18glfWNQVYObIM RIvnr CheckCount()
2023/06/13 15:02:49 [TRACE] 8a4WLtGW18glfWNQVYObIM RIvnr CheckExpire()
2023/06/13 15:02:49 [TRACE] 8a4WLtGW18glfWNQVYObIM RIvnr CheckAuth()
2023/06/13 15:02:49 [TRACE] 8a4WLtGW18glfWNQVYObIM RIvnr ServeLink()
2023/06/13 15:02:49 [TRACE] 8a4WLtGW18glfWNQVYObIM RIvnr Redirect()
2023/06/13 15:02:49 [TRACE] 8a4WLtGW18glfWNQVYObIM RIvnr GET 리다이렉트
2023/06/13 15:02:49 [TRACE] 8a4WLtGW18glfWNQVYObIM /RIvnr 컨텍스트저장 UKey:'RIvnr'
2023/06/13 15:02:50 [TRACE] 5vtmlV3rPRQkwHu0Y4UvSb /link/get 컨텍스트저장 UKey:''
2023/06/13 15:02:56 [TRACE] h9jt81HfQWaCXBkTz3vEj /link/get 컨텍스트저장 UKey:''
2023/06/13 15:06:21 [TRACE] 2xeuF4HcmLL979wjDnsScd /link/get 컨텍스트저장 UKey:''
2023/06/13 15:06:26 [TRACE] cFC9TAwP9HIiRD9l7dlO6Q /link/get 컨텍스트저장 UKey:''
2023/06/13 15:06:32 [TRACE] 60xH75CKsHKj4ZeQbQWcVO /link/get 컨텍스트저장 UKey:''
2023/06/13 15:06:47 [TRACE] dekBOGFRlGD1bFdH7nc1Ua /link/get 컨텍스트저장 UKey:''
2023/06/13 15:06:56 [TRACE] 251Vd9xhclA4siGvGiBIA ----------------------------------------------------
2023/06/13 15:06:56 [TRACE] 251Vd9xhclA4siGvGiBIA /OFZe0 토큰생성: a84a60d1-cedc-4540-8fae-b41530a5d3ec
2023/06/13 15:06:56 [TRACE] 251Vd9xhclA4siGvGiBIA 2024-06-07 00:00:00 +0700 +07
2023/06/13 15:06:56 [TRACE] 251Vd9xhclA4siGvGiBIA ub.urlybud.aqua.castis.io 라이선스 정상
2023/06/13 15:06:56 [TRACE] 251Vd9xhclA4siGvGiBIA OFZe0 CheckExists()
2023/06/13 15:06:56 [TRACE] 251Vd9xhclA4siGvGiBIA OFZe0 CheckSecureLink()
2023/06/13 15:06:56 [TRACE] 251Vd9xhclA4siGvGiBIA OFZe0 CheckCount()
2023/06/13 15:06:56 [TRACE] 251Vd9xhclA4siGvGiBIA OFZe0 CheckExpire()
2023/06/13 15:06:56 [TRACE] 251Vd9xhclA4siGvGiBIA OFZe0 CheckAuth()
2023/06/13 15:06:56 [TRACE] 251Vd9xhclA4siGvGiBIA OFZe0 ServeLink()
2023/06/13 15:06:56 [TRACE] 251Vd9xhclA4siGvGiBIA OFZe0 Redirect()
2023/06/13 15:06:56 [TRACE] 251Vd9xhclA4siGvGiBIA OFZe0 GET 리다이렉트
2023/06/13 15:06:56 [TRACE] 251Vd9xhclA4siGvGiBIA /OFZe0 컨텍스트저장 UKey:'OFZe0'
2023/06/13 15:06:58 [TRACE] 7Kyo7UHPjrahlo4OrysrjG /link/get 컨텍스트저장 UKey:''
2023/06/13 15:07:07 [TRACE] lnimvzqlgP91h98cbUAhSN /link/get 컨텍스트저장 UKey:''
2023/06/13 15:07:14 [TRACE] ii3DlvRgzHhdbkW5DJToTH /link/get 컨텍스트저장 UKey:''
2023/06/13 15:07:20 [TRACE] 6Ol7UlTkWrsiDlVal2W0Lw ----------------------------------------------------
2023/06/13 15:07:20 [TRACE] 6Ol7UlTkWrsiDlVal2W0Lw /KCCXg 토큰생성: e3891b1c-6f97-4a70-84a3-b334077ec0f4
2023/06/13 15:07:20 [TRACE] 6Ol7UlTkWrsiDlVal2W0Lw 2024-06-07 00:00:00 +0700 +07
2023/06/13 15:07:20 [TRACE] 6Ol7UlTkWrsiDlVal2W0Lw ub.urlybud.aqua.castis.io 라이선스 정상
2023/06/13 15:07:20 [TRACE] 6Ol7UlTkWrsiDlVal2W0Lw KCCXg CheckExists()
2023/06/13 15:07:20 [TRACE] 6Ol7UlTkWrsiDlVal2W0Lw KCCXg CheckSecureLink()
2023/06/13 15:07:20 [TRACE] 6Ol7UlTkWrsiDlVal2W0Lw KCCXg CheckCount()
2023/06/13 15:07:20 [TRACE] 6Ol7UlTkWrsiDlVal2W0Lw KCCXg CheckExpire()
2023/06/13 15:07:20 [TRACE] 6Ol7UlTkWrsiDlVal2W0Lw KCCXg CheckAuth()
2023/06/13 15:07:20 [TRACE] 6Ol7UlTkWrsiDlVal2W0Lw KCCXg ServeLink()
2023/06/13 15:07:20 [TRACE] 6Ol7UlTkWrsiDlVal2W0Lw KCCXg Redirect()
2023/06/13 15:07:20 [TRACE] 6Ol7UlTkWrsiDlVal2W0Lw KCCXg GET 리다이렉트
2023/06/13 15:07:20 [TRACE] 6Ol7UlTkWrsiDlVal2W0Lw /KCCXg 컨텍스트저장 UKey:'KCCXg'
2023/06/13 15:07:21 [TRACE] gj1HTtrSLTB1UslRoRKEFr /link/get 컨텍스트저장 UKey:''
2023/06/13 15:07:22 [TRACE] hO0CkeP08pI2slohn1VbXb /link/get 컨텍스트저장 UKey:''
2023/06/13 15:07:27 [TRACE] fKL2fLJGk5IetKRzhWXvtT ----------------------------------------------------
2023/06/13 15:07:27 [TRACE] fKL2fLJGk5IetKRzhWXvtT /if79q 토큰생성: 27edcd51-8f8b-4086-b6c4-960e9a34bfde
2023/06/13 15:07:27 [TRACE] fKL2fLJGk5IetKRzhWXvtT 2024-06-07 00:00:00 +0700 +07
2023/06/13 15:07:27 [TRACE] fKL2fLJGk5IetKRzhWXvtT ub.urlybud.aqua.castis.io 라이선스 정상
2023/06/13 15:07:27 [TRACE] fKL2fLJGk5IetKRzhWXvtT if79q CheckExists()
2023/06/13 15:07:27 [TRACE] fKL2fLJGk5IetKRzhWXvtT if79q CheckSecureLink()
2023/06/13 15:07:27 [TRACE] fKL2fLJGk5IetKRzhWXvtT if79q CheckCount()
2023/06/13 15:07:27 [TRACE] fKL2fLJGk5IetKRzhWXvtT if79q CheckExpire()
2023/06/13 15:07:27 [TRACE] fKL2fLJGk5IetKRzhWXvtT if79q CheckAuth()
2023/06/13 15:07:27 [TRACE] fKL2fLJGk5IetKRzhWXvtT if79q ServeLink()
2023/06/13 15:07:27 [TRACE] fKL2fLJGk5IetKRzhWXvtT if79q Redirect()
2023/06/13 15:07:27 [TRACE] fKL2fLJGk5IetKRzhWXvtT if79q GET 리다이렉트
2023/06/13 15:07:27 [TRACE] fKL2fLJGk5IetKRzhWXvtT /if79q 컨텍스트저장 UKey:'if79q'
2023/06/13 15:07:28 [TRACE] 95oezAujmGy3vYC3ZoAZ4D /link/get 컨텍스트저장 UKey:''
2023/06/13 15:07:34 [TRACE] 5K8bm7WEHYd9U0AGMcNVHq /link/get 컨텍스트저장 UKey:''
2023/06/13 15:09:32 [TRACE] cVFYxdVLXzR5nOr4CxeU1Y ----------------------------------------------------
2023/06/13 15:09:32 [TRACE] cVFYxdVLXzR5nOr4CxeU1Y /if79q 요청토큰: 669bd32c-4eea-44de-82ae-aa25c7cbceb6
2023/06/13 15:09:32 [TRACE] cVFYxdVLXzR5nOr4CxeU1Y 2024-06-07 00:00:00 +0700 +07
2023/06/13 15:09:32 [TRACE] cVFYxdVLXzR5nOr4CxeU1Y ub.urlybud.aqua.castis.io 라이선스 정상
2023/06/13 15:09:32 [TRACE] cVFYxdVLXzR5nOr4CxeU1Y if79q CheckExists()
2023/06/13 15:09:32 [TRACE] cVFYxdVLXzR5nOr4CxeU1Y if79q CheckSecureLink()
2023/06/13 15:09:32 [TRACE] cVFYxdVLXzR5nOr4CxeU1Y if79q CheckCount()
2023/06/13 15:09:32 [TRACE] cVFYxdVLXzR5nOr4CxeU1Y if79q CheckExpire()
2023/06/13 15:09:32 [TRACE] cVFYxdVLXzR5nOr4CxeU1Y if79q CheckAuth()
2023/06/13 15:09:32 [TRACE] cVFYxdVLXzR5nOr4CxeU1Y if79q ServeLink()
2023/06/13 15:09:32 [TRACE] cVFYxdVLXzR5nOr4CxeU1Y if79q Redirect()
2023/06/13 15:09:32 [TRACE] cVFYxdVLXzR5nOr4CxeU1Y if79q GET 리다이렉트
2023/06/13 15:09:32 [TRACE] cVFYxdVLXzR5nOr4CxeU1Y /if79q 컨텍스트저장 UKey:'if79q'
2023/06/13 15:09:33 [TRACE] evaZrLVt0hKkYpyUGkXGMx /link/get 컨텍스트저장 UKey:''
2023/06/13 15:09:40 [TRACE] dGWWm8vlyttajJYDyPyTJz ----------------------------------------------------
2023/06/13 15:09:40 [TRACE] dGWWm8vlyttajJYDyPyTJz /OFZe0 토큰생성: 4d0e2de3-ecdc-4b2e-a2a2-49db12f1dcec
2023/06/13 15:09:40 [TRACE] dGWWm8vlyttajJYDyPyTJz 2024-06-07 00:00:00 +0700 +07
2023/06/13 15:09:40 [TRACE] dGWWm8vlyttajJYDyPyTJz ub.urlybud.aqua.castis.io 라이선스 정상
2023/06/13 15:09:40 [TRACE] dGWWm8vlyttajJYDyPyTJz OFZe0 CheckExists()
2023/06/13 15:09:40 [TRACE] dGWWm8vlyttajJYDyPyTJz OFZe0 CheckSecureLink()
2023/06/13 15:09:40 [TRACE] dGWWm8vlyttajJYDyPyTJz OFZe0 CheckCount()
2023/06/13 15:09:40 [TRACE] dGWWm8vlyttajJYDyPyTJz OFZe0 CheckExpire()
2023/06/13 15:09:40 [TRACE] dGWWm8vlyttajJYDyPyTJz OFZe0 CheckAuth()
2023/06/13 15:09:40 [TRACE] dGWWm8vlyttajJYDyPyTJz OFZe0 ServeLink()
2023/06/13 15:09:40 [TRACE] dGWWm8vlyttajJYDyPyTJz OFZe0 Redirect()
2023/06/13 15:09:40 [TRACE] dGWWm8vlyttajJYDyPyTJz OFZe0 GET 리다이렉트
2023/06/13 15:09:40 [TRACE] dGWWm8vlyttajJYDyPyTJz /OFZe0 컨텍스트저장 UKey:'OFZe0'
2023/06/13 15:09:41 [TRACE] hOILjpky5W2cJkL6zRbS2L /link/get 컨텍스트저장 UKey:''
2023/06/13 15:09:55 [TRACE] 4xzq5rhEtAd2LqTpLf1Agg /link/get 컨텍스트저장 UKey:''
2023/06/13 15:13:52 [TRACE] lVHBpDY2a0Z5jKqeOShPhC ----------------------------------------------------
2023/06/13 15:13:52 [TRACE] lVHBpDY2a0Z5jKqeOShPhC /if79q 요청토큰: 669bd32c-4eea-44de-82ae-aa25c7cbceb6
2023/06/13 15:13:52 [TRACE] lVHBpDY2a0Z5jKqeOShPhC 2024-06-07 00:00:00 +0700 +07
2023/06/13 15:13:52 [TRACE] lVHBpDY2a0Z5jKqeOShPhC ub.urlybud.aqua.castis.io 라이선스 정상
2023/06/13 15:13:52 [TRACE] lVHBpDY2a0Z5jKqeOShPhC if79q CheckExists()
2023/06/13 15:13:52 [TRACE] lVHBpDY2a0Z5jKqeOShPhC if79q CheckSecureLink()
2023/06/13 15:13:52 [TRACE] lVHBpDY2a0Z5jKqeOShPhC if79q CheckCount()
2023/06/13 15:13:52 [TRACE] lVHBpDY2a0Z5jKqeOShPhC if79q CheckExpire()
2023/06/13 15:13:52 [TRACE] lVHBpDY2a0Z5jKqeOShPhC if79q CheckAuth()
2023/06/13 15:13:52 [TRACE] lVHBpDY2a0Z5jKqeOShPhC if79q ServeLink()
2023/06/13 15:13:52 [TRACE] lVHBpDY2a0Z5jKqeOShPhC if79q Redirect()
2023/06/13 15:13:52 [TRACE] lVHBpDY2a0Z5jKqeOShPhC if79q GET 리다이렉트
2023/06/13 15:13:52 [TRACE] lVHBpDY2a0Z5jKqeOShPhC /if79q 컨텍스트저장 UKey:'if79q'
2023/06/13 15:13:53 [TRACE] 2RwsisUgyQqbQCa1xpYcVI /link/get 컨텍스트저장 UKey:''
2023/06/13 15:15:34 [TRACE] ctt5IhDUScSgQq9dGJbNvx /link/get 컨텍스트저장 UKey:''
2023/06/13 15:15:42 [TRACE] 5GI316SfrA94gzcTFuLJAw ----------------------------------------------------
2023/06/13 15:15:42 [TRACE] 5GI316SfrA94gzcTFuLJAw /KCCXg 토큰생성: 9529dfe6-33bb-4246-981f-97bb5fb1393c
2023/06/13 15:15:42 [TRACE] 5GI316SfrA94gzcTFuLJAw 2024-06-07 00:00:00 +0700 +07
2023/06/13 15:15:42 [TRACE] 5GI316SfrA94gzcTFuLJAw ub.urlybud.aqua.castis.io 라이선스 정상
2023/06/13 15:15:42 [TRACE] 5GI316SfrA94gzcTFuLJAw KCCXg CheckExists()
2023/06/13 15:15:42 [TRACE] 5GI316SfrA94gzcTFuLJAw KCCXg CheckSecureLink()
2023/06/13 15:15:42 [TRACE] 5GI316SfrA94gzcTFuLJAw KCCXg CheckCount()
2023/06/13 15:15:42 [TRACE] 5GI316SfrA94gzcTFuLJAw KCCXg CheckExpire()
2023/06/13 15:15:42 [TRACE] 5GI316SfrA94gzcTFuLJAw KCCXg CheckAuth()
2023/06/13 15:15:42 [TRACE] 5GI316SfrA94gzcTFuLJAw KCCXg ServeLink()
2023/06/13 15:15:42 [TRACE] 5GI316SfrA94gzcTFuLJAw KCCXg Redirect()
2023/06/13 15:15:42 [TRACE] 5GI316SfrA94gzcTFuLJAw KCCXg GET 리다이렉트
2023/06/13 15:15:42 [TRACE] 5GI316SfrA94gzcTFuLJAw /KCCXg 컨텍스트저장 UKey:'KCCXg'
2023/06/13 15:15:42 [TRACE] Ng7dKPAKSPjfNeJXGduih /link/get 컨텍스트저장 UKey:''
2023/06/13 15:15:46 [TRACE] aGPSVHw7x0fbPFw4asi1Yv ----------------------------------------------------
2023/06/13 15:15:46 [TRACE] aGPSVHw7x0fbPFw4asi1Yv /if79q 토큰생성: b283fb0d-9ec7-4e30-94f8-6f6de0f5e911
2023/06/13 15:15:46 [TRACE] aGPSVHw7x0fbPFw4asi1Yv 2024-06-07 00:00:00 +0700 +07
2023/06/13 15:15:46 [TRACE] aGPSVHw7x0fbPFw4asi1Yv ub.urlybud.aqua.castis.io 라이선스 정상
2023/06/13 15:15:46 [TRACE] aGPSVHw7x0fbPFw4asi1Yv if79q CheckExists()
2023/06/13 15:15:46 [TRACE] aGPSVHw7x0fbPFw4asi1Yv if79q CheckSecureLink()
2023/06/13 15:15:46 [TRACE] aGPSVHw7x0fbPFw4asi1Yv if79q CheckCount()
2023/06/13 15:15:46 [TRACE] aGPSVHw7x0fbPFw4asi1Yv if79q CheckExpire()
2023/06/13 15:15:46 [TRACE] aGPSVHw7x0fbPFw4asi1Yv if79q CheckAuth()
2023/06/13 15:15:46 [TRACE] aGPSVHw7x0fbPFw4asi1Yv if79q ServeLink()
2023/06/13 15:15:46 [TRACE] aGPSVHw7x0fbPFw4asi1Yv if79q Redirect()
2023/06/13 15:15:46 [TRACE] aGPSVHw7x0fbPFw4asi1Yv if79q GET 리다이렉트
2023/06/13 15:15:46 [TRACE] aGPSVHw7x0fbPFw4asi1Yv /if79q 컨텍스트저장 UKey:'if79q'
2023/06/13 15:15:47 [TRACE] 85UamvIpW3i5wbqwzuVwqe /link/get 컨텍스트저장 UKey:''
2023/06/13 15:16:20 [TRACE] egn755LzystlErZppe4ptS ----------------------------------------------------
2023/06/13 15:16:20 [TRACE] egn755LzystlErZppe4ptS /if79q 토큰생성: 4b2e3c99-688b-4dd0-8d9d-921d909a354f
2023/06/13 15:16:20 [TRACE] egn755LzystlErZppe4ptS 2024-06-07 00:00:00 +0700 +07
2023/06/13 15:16:20 [TRACE] egn755LzystlErZppe4ptS ub.urlybud.aqua.castis.io 라이선스 정상
2023/06/13 15:16:20 [TRACE] egn755LzystlErZppe4ptS if79q CheckExists()
2023/06/13 15:16:20 [TRACE] egn755LzystlErZppe4ptS if79q CheckSecureLink()
2023/06/13 15:16:20 [TRACE] egn755LzystlErZppe4ptS if79q CheckCount()
2023/06/13 15:16:20 [TRACE] egn755LzystlErZppe4ptS if79q CheckExpire()
2023/06/13 15:16:20 [TRACE] egn755LzystlErZppe4ptS if79q CheckAuth()
2023/06/13 15:16:20 [TRACE] egn755LzystlErZppe4ptS if79q ServeLink()
2023/06/13 15:16:20 [TRACE] egn755LzystlErZppe4ptS if79q Redirect()
2023/06/13 15:16:20 [TRACE] egn755LzystlErZppe4ptS if79q GET 리다이렉트
2023/06/13 15:16:20 [TRACE] egn755LzystlErZppe4ptS /if79q 컨텍스트저장 UKey:'if79q'
2023/06/13 15:16:20 [TRACE] i4axamGsDm0g8nPflCmLeB /link/get 컨텍스트저장 UKey:''
2023/06/13 15:16:24 [TRACE] fxAn70rsqGgpqlA98TNdY ----------------------------------------------------
2023/06/13 15:16:24 [TRACE] fxAn70rsqGgpqlA98TNdY /if79q 요청토큰: 4b2e3c99-688b-4dd0-8d9d-921d909a354f
2023/06/13 15:16:24 [TRACE] fxAn70rsqGgpqlA98TNdY 2024-06-07 00:00:00 +0700 +07
2023/06/13 15:16:24 [TRACE] fxAn70rsqGgpqlA98TNdY ub.urlybud.aqua.castis.io 라이선스 정상
2023/06/13 15:16:24 [TRACE] fxAn70rsqGgpqlA98TNdY if79q CheckExists()
2023/06/13 15:16:24 [TRACE] fxAn70rsqGgpqlA98TNdY if79q CheckSecureLink()
2023/06/13 15:16:24 [TRACE] fxAn70rsqGgpqlA98TNdY if79q CheckCount()
2023/06/13 15:16:24 [TRACE] fxAn70rsqGgpqlA98TNdY if79q CheckExpire()
2023/06/13 15:16:24 [TRACE] fxAn70rsqGgpqlA98TNdY if79q CheckAuth()
2023/06/13 15:16:24 [TRACE] fxAn70rsqGgpqlA98TNdY if79q ServeLink()
2023/06/13 15:16:24 [TRACE] fxAn70rsqGgpqlA98TNdY if79q Redirect()
2023/06/13 15:16:24 [TRACE] fxAn70rsqGgpqlA98TNdY if79q GET 리다이렉트
2023/06/13 15:16:24 [TRACE] fxAn70rsqGgpqlA98TNdY /if79q 컨텍스트저장 UKey:'if79q'
2023/06/13 15:16:24 [TRACE] 7MBngWlfM5okwjZP0XGOWo /link/get 컨텍스트저장 UKey:''
2023/06/13 15:16:28 [TRACE] g1S2OtyaEvJ9uCuWjd0poO ----------------------------------------------------
2023/06/13 15:16:28 [TRACE] g1S2OtyaEvJ9uCuWjd0poO /FyqEF 요청토큰: 4b2e3c99-688b-4dd0-8d9d-921d909a354f
2023/06/13 15:16:28 [TRACE] g1S2OtyaEvJ9uCuWjd0poO 2024-06-07 00:00:00 +0700 +07
2023/06/13 15:16:28 [TRACE] g1S2OtyaEvJ9uCuWjd0poO ub.urlybud.aqua.castis.io 라이선스 정상
2023/06/13 15:16:28 [TRACE] g1S2OtyaEvJ9uCuWjd0poO FyqEF CheckExists()
2023/06/13 15:16:28 [TRACE] g1S2OtyaEvJ9uCuWjd0poO FyqEF CheckSecureLink()
2023/06/13 15:16:28 [TRACE] g1S2OtyaEvJ9uCuWjd0poO FyqEF CheckCount()
2023/06/13 15:16:28 [TRACE] g1S2OtyaEvJ9uCuWjd0poO FyqEF CheckExpire()
2023/06/13 15:16:28 [TRACE] g1S2OtyaEvJ9uCuWjd0poO FyqEF CheckAuth()
2023/06/13 15:16:28 [TRACE] g1S2OtyaEvJ9uCuWjd0poO FyqEF ServeLink()
2023/06/13 15:16:28 [TRACE] g1S2OtyaEvJ9uCuWjd0poO FyqEF Redirect()
2023/06/13 15:16:28 [TRACE] g1S2OtyaEvJ9uCuWjd0poO FyqEF GET 리다이렉트
2023/06/13 15:16:28 [TRACE] g1S2OtyaEvJ9uCuWjd0poO /FyqEF 컨텍스트저장 UKey:'FyqEF'
2023/06/13 15:16:28 [TRACE] izbs1dU1BmjgG2dcPVJIuo /link/get 컨텍스트저장 UKey:''
2023/06/13 15:16:32 [TRACE] 6KsQErU1E4J3RzIWIS9vn8 ----------------------------------------------------
2023/06/13 15:16:32 [TRACE] 6KsQErU1E4J3RzIWIS9vn8 /if79q 요청토큰: 4b2e3c99-688b-4dd0-8d9d-921d909a354f
2023/06/13 15:16:32 [TRACE] 6KsQErU1E4J3RzIWIS9vn8 2024-06-07 00:00:00 +0700 +07
2023/06/13 15:16:32 [TRACE] 6KsQErU1E4J3RzIWIS9vn8 ub.urlybud.aqua.castis.io 라이선스 정상
2023/06/13 15:16:32 [TRACE] 6KsQErU1E4J3RzIWIS9vn8 if79q CheckExists()
2023/06/13 15:16:32 [TRACE] 6KsQErU1E4J3RzIWIS9vn8 if79q CheckSecureLink()
2023/06/13 15:16:32 [TRACE] 6KsQErU1E4J3RzIWIS9vn8 if79q CheckCount()
2023/06/13 15:16:32 [TRACE] 6KsQErU1E4J3RzIWIS9vn8 if79q CheckExpire()
2023/06/13 15:16:32 [TRACE] 6KsQErU1E4J3RzIWIS9vn8 if79q CheckAuth()
2023/06/13 15:16:32 [TRACE] 6KsQErU1E4J3RzIWIS9vn8 if79q ServeLink()
2023/06/13 15:16:32 [TRACE] 6KsQErU1E4J3RzIWIS9vn8 if79q Redirect()
2023/06/13 15:16:32 [TRACE] 6KsQErU1E4J3RzIWIS9vn8 if79q GET 리다이렉트
2023/06/13 15:16:32 [TRACE] 6KsQErU1E4J3RzIWIS9vn8 /if79q 컨텍스트저장 UKey:'if79q'
2023/06/13 15:16:32 [TRACE] 9oh02siFamthZBSPQhFK63 /link/get 컨텍스트저장 UKey:''
2023/06/13 15:16:34 [TRACE] jFscBao6EPOlQu3v8HSNTa ----------------------------------------------------
2023/06/13 15:16:34 [TRACE] jFscBao6EPOlQu3v8HSNTa /FyqEF 요청토큰: 4b2e3c99-688b-4dd0-8d9d-921d909a354f
2023/06/13 15:16:34 [TRACE] jFscBao6EPOlQu3v8HSNTa 2024-06-07 00:00:00 +0700 +07
2023/06/13 15:16:34 [TRACE] jFscBao6EPOlQu3v8HSNTa ub.urlybud.aqua.castis.io 라이선스 정상
2023/06/13 15:16:34 [TRACE] jFscBao6EPOlQu3v8HSNTa FyqEF CheckExists()
2023/06/13 15:16:34 [TRACE] jFscBao6EPOlQu3v8HSNTa FyqEF CheckSecureLink()
2023/06/13 15:16:34 [TRACE] jFscBao6EPOlQu3v8HSNTa FyqEF CheckCount()
2023/06/13 15:16:34 [TRACE] jFscBao6EPOlQu3v8HSNTa FyqEF CheckExpire()
2023/06/13 15:16:34 [TRACE] jFscBao6EPOlQu3v8HSNTa FyqEF CheckAuth()
2023/06/13 15:16:34 [TRACE] jFscBao6EPOlQu3v8HSNTa FyqEF ServeLink()
2023/06/13 15:16:34 [TRACE] jFscBao6EPOlQu3v8HSNTa FyqEF Redirect()
2023/06/13 15:16:34 [TRACE] jFscBao6EPOlQu3v8HSNTa FyqEF GET 리다이렉트
2023/06/13 15:16:34 [TRACE] jFscBao6EPOlQu3v8HSNTa /FyqEF 컨텍스트저장 UKey:'FyqEF'
2023/06/13 15:16:34 [TRACE] 4DIQ22vFfMtdiUP6Jn36uc /link/get 컨텍스트저장 UKey:''
2023/06/13 15:16:40 [TRACE] j81CUpyUN2nd0f4ihXoWQh ----------------------------------------------------
2023/06/13 15:16:40 [TRACE] j81CUpyUN2nd0f4ihXoWQh /if79q 요청토큰: 4b2e3c99-688b-4dd0-8d9d-921d909a354f
2023/06/13 15:16:40 [TRACE] j81CUpyUN2nd0f4ihXoWQh 2024-06-07 00:00:00 +0700 +07
2023/06/13 15:16:40 [TRACE] j81CUpyUN2nd0f4ihXoWQh ub.urlybud.aqua.castis.io 라이선스 정상
2023/06/13 15:16:40 [TRACE] j81CUpyUN2nd0f4ihXoWQh if79q CheckExists()
2023/06/13 15:16:40 [TRACE] j81CUpyUN2nd0f4ihXoWQh if79q CheckSecureLink()
2023/06/13 15:16:40 [TRACE] j81CUpyUN2nd0f4ihXoWQh if79q CheckCount()
2023/06/13 15:16:40 [TRACE] j81CUpyUN2nd0f4ihXoWQh if79q CheckExpire()
2023/06/13 15:16:40 [TRACE] j81CUpyUN2nd0f4ihXoWQh if79q CheckAuth()
2023/06/13 15:16:40 [TRACE] j81CUpyUN2nd0f4ihXoWQh if79q ServeLink()
2023/06/13 15:16:40 [TRACE] j81CUpyUN2nd0f4ihXoWQh if79q Redirect()
2023/06/13 15:16:40 [TRACE] j81CUpyUN2nd0f4ihXoWQh if79q GET 리다이렉트
2023/06/13 15:16:40 [TRACE] j81CUpyUN2nd0f4ihXoWQh /if79q 컨텍스트저장 UKey:'if79q'
2023/06/13 15:16:40 [TRACE] bACQ479qi01duQsvIUA4PU /link/get 컨텍스트저장 UKey:''
2023/06/13 15:16:49 [TRACE] cJBKIGtNOch4dlIDY2FQrr ----------------------------------------------------
2023/06/13 15:16:49 [TRACE] cJBKIGtNOch4dlIDY2FQrr /if79q 요청토큰: 4b2e3c99-688b-4dd0-8d9d-921d909a354f
2023/06/13 15:16:49 [TRACE] cJBKIGtNOch4dlIDY2FQrr 2024-06-07 00:00:00 +0700 +07
2023/06/13 15:16:49 [TRACE] cJBKIGtNOch4dlIDY2FQrr ub.urlybud.aqua.castis.io 라이선스 정상
2023/06/13 15:16:49 [TRACE] cJBKIGtNOch4dlIDY2FQrr if79q CheckExists()
2023/06/13 15:16:49 [TRACE] cJBKIGtNOch4dlIDY2FQrr if79q CheckSecureLink()
2023/06/13 15:16:49 [TRACE] cJBKIGtNOch4dlIDY2FQrr if79q CheckCount()
2023/06/13 15:16:49 [TRACE] cJBKIGtNOch4dlIDY2FQrr if79q CheckExpire()
2023/06/13 15:16:49 [TRACE] cJBKIGtNOch4dlIDY2FQrr if79q CheckAuth()
2023/06/13 15:16:49 [TRACE] cJBKIGtNOch4dlIDY2FQrr if79q ServeLink()
2023/06/13 15:16:49 [TRACE] cJBKIGtNOch4dlIDY2FQrr if79q Redirect()
2023/06/13 15:16:49 [TRACE] cJBKIGtNOch4dlIDY2FQrr if79q GET 리다이렉트
2023/06/13 15:16:49 [TRACE] cJBKIGtNOch4dlIDY2FQrr /if79q 컨텍스트저장 UKey:'if79q'
2023/06/13 15:16:49 [TRACE] 7AqYih5LTzYhLzUGX6vliA /link/get 컨텍스트저장 UKey:''
2023/06/13 15:16:53 [TRACE] 2TsCHcwIia8fDHo70C0BDe ----------------------------------------------------
2023/06/13 15:16:53 [TRACE] 2TsCHcwIia8fDHo70C0BDe /gdr0Y 요청토큰: 4b2e3c99-688b-4dd0-8d9d-921d909a354f
2023/06/13 15:16:53 [TRACE] 2TsCHcwIia8fDHo70C0BDe 2024-06-07 00:00:00 +0700 +07
2023/06/13 15:16:53 [TRACE] 2TsCHcwIia8fDHo70C0BDe ub.urlybud.aqua.castis.io 라이선스 정상
2023/06/13 15:16:53 [TRACE] 2TsCHcwIia8fDHo70C0BDe gdr0Y CheckExists()
2023/06/13 15:16:53 [TRACE] 2TsCHcwIia8fDHo70C0BDe gdr0Y CheckSecureLink()
2023/06/13 15:16:53 [TRACE] 2TsCHcwIia8fDHo70C0BDe gdr0Y CheckCount()
2023/06/13 15:16:53 [TRACE] 2TsCHcwIia8fDHo70C0BDe gdr0Y CheckExpire()
2023/06/13 15:16:53 [TRACE] 2TsCHcwIia8fDHo70C0BDe gdr0Y CheckAuth()
2023/06/13 15:16:53 [TRACE] 2TsCHcwIia8fDHo70C0BDe gdr0Y ServeLink()
2023/06/13 15:16:53 [TRACE] 2TsCHcwIia8fDHo70C0BDe gdr0Y Redirect()
2023/06/13 15:16:53 [TRACE] 2TsCHcwIia8fDHo70C0BDe gdr0Y GET 리다이렉트
2023/06/13 15:16:53 [TRACE] 2TsCHcwIia8fDHo70C0BDe /gdr0Y 컨텍스트저장 UKey:'gdr0Y'
2023/06/13 15:16:53 [TRACE] 7xbAq0wLSxcfQ5fqtWMgMA /link/get 컨텍스트저장 UKey:''
2023/06/13 15:16:56 [TRACE] 3jxlz53hupZduoeNmMSJiC ----------------------------------------------------
2023/06/13 15:16:56 [TRACE] 3jxlz53hupZduoeNmMSJiC /gdr0Y 요청토큰: 4b2e3c99-688b-4dd0-8d9d-921d909a354f
2023/06/13 15:16:56 [TRACE] 3jxlz53hupZduoeNmMSJiC 2024-06-07 00:00:00 +0700 +07
2023/06/13 15:16:56 [TRACE] 3jxlz53hupZduoeNmMSJiC ub.urlybud.aqua.castis.io 라이선스 정상
2023/06/13 15:16:56 [TRACE] 3jxlz53hupZduoeNmMSJiC gdr0Y CheckExists()
2023/06/13 15:16:56 [TRACE] 3jxlz53hupZduoeNmMSJiC gdr0Y CheckSecureLink()
2023/06/13 15:16:56 [TRACE] 3jxlz53hupZduoeNmMSJiC gdr0Y CheckCount()
2023/06/13 15:16:56 [TRACE] 3jxlz53hupZduoeNmMSJiC gdr0Y CheckExpire()
2023/06/13 15:16:56 [TRACE] 3jxlz53hupZduoeNmMSJiC gdr0Y CheckAuth()
2023/06/13 15:16:56 [TRACE] 3jxlz53hupZduoeNmMSJiC gdr0Y ServeLink()
2023/06/13 15:16:56 [TRACE] 3jxlz53hupZduoeNmMSJiC gdr0Y Redirect()
2023/06/13 15:16:56 [TRACE] 3jxlz53hupZduoeNmMSJiC gdr0Y GET 리다이렉트
2023/06/13 15:16:56 [TRACE] 3jxlz53hupZduoeNmMSJiC /gdr0Y 컨텍스트저장 UKey:'gdr0Y'
2023/06/13 15:16:56 [TRACE] 8eNYgdMbmHN7F3MC18nPr9 /link/get 컨텍스트저장 UKey:''
2023/06/13 15:16:59 [TRACE] 6u0OqO10BKA8l1zm1sVihY ----------------------------------------------------
2023/06/13 15:16:59 [TRACE] 6u0OqO10BKA8l1zm1sVihY /gdr0Y 요청토큰: 4b2e3c99-688b-4dd0-8d9d-921d909a354f
2023/06/13 15:16:59 [TRACE] 6u0OqO10BKA8l1zm1sVihY 2024-06-07 00:00:00 +0700 +07
2023/06/13 15:16:59 [TRACE] 6u0OqO10BKA8l1zm1sVihY ub.urlybud.aqua.castis.io 라이선스 정상
2023/06/13 15:16:59 [TRACE] 6u0OqO10BKA8l1zm1sVihY gdr0Y CheckExists()
2023/06/13 15:16:59 [TRACE] 6u0OqO10BKA8l1zm1sVihY gdr0Y CheckSecureLink()
2023/06/13 15:16:59 [TRACE] 6u0OqO10BKA8l1zm1sVihY gdr0Y CheckCount()
2023/06/13 15:16:59 [TRACE] 6u0OqO10BKA8l1zm1sVihY gdr0Y CheckExpire()
2023/06/13 15:16:59 [TRACE] 6u0OqO10BKA8l1zm1sVihY gdr0Y CheckAuth()
2023/06/13 15:16:59 [TRACE] 6u0OqO10BKA8l1zm1sVihY gdr0Y ServeLink()
2023/06/13 15:16:59 [TRACE] 6u0OqO10BKA8l1zm1sVihY gdr0Y Redirect()
2023/06/13 15:16:59 [TRACE] 6u0OqO10BKA8l1zm1sVihY gdr0Y GET 리다이렉트
2023/06/13 15:16:59 [TRACE] 6u0OqO10BKA8l1zm1sVihY /gdr0Y 컨텍스트저장 UKey:'gdr0Y'
2023/06/13 15:16:59 [TRACE] 8NCv7tYktyej0HI6bRrIU5 /link/get 컨텍스트저장 UKey:''
2023/06/13 15:17:00 [TRACE] 3mH53CQX725ezw2yzabVqm ----------------------------------------------------
2023/06/13 15:17:00 [TRACE] 3mH53CQX725ezw2yzabVqm /if79q 요청토큰: 669bd32c-4eea-44de-82ae-aa25c7cbceb6
2023/06/13 15:17:00 [TRACE] 3mH53CQX725ezw2yzabVqm 2024-06-07 00:00:00 +0700 +07
2023/06/13 15:17:00 [TRACE] 3mH53CQX725ezw2yzabVqm ub.urlybud.aqua.castis.io 라이선스 정상
2023/06/13 15:17:00 [TRACE] 3mH53CQX725ezw2yzabVqm if79q CheckExists()
2023/06/13 15:17:00 [TRACE] 3mH53CQX725ezw2yzabVqm if79q CheckSecureLink()
2023/06/13 15:17:00 [TRACE] 3mH53CQX725ezw2yzabVqm if79q CheckCount()
2023/06/13 15:17:00 [TRACE] 3mH53CQX725ezw2yzabVqm if79q CheckExpire()
2023/06/13 15:17:00 [TRACE] 3mH53CQX725ezw2yzabVqm if79q CheckAuth()
2023/06/13 15:17:00 [TRACE] 3mH53CQX725ezw2yzabVqm if79q ServeLink()
2023/06/13 15:17:00 [TRACE] 3mH53CQX725ezw2yzabVqm if79q Redirect()
2023/06/13 15:17:00 [TRACE] 3mH53CQX725ezw2yzabVqm if79q GET 리다이렉트
2023/06/13 15:17:00 [TRACE] 3mH53CQX725ezw2yzabVqm /if79q 컨텍스트저장 UKey:'if79q'
2023/06/13 15:17:02 [TRACE] iq5ZDUlE8v25FErioWGQey /link/get 컨텍스트저장 UKey:''
2023/06/13 15:17:04 [TRACE] 7G5qQu45G8u2nzmSdfjy4T ----------------------------------------------------
2023/06/13 15:17:04 [TRACE] 7G5qQu45G8u2nzmSdfjy4T /FyqEF 요청토큰: 4b2e3c99-688b-4dd0-8d9d-921d909a354f
2023/06/13 15:17:04 [TRACE] 7G5qQu45G8u2nzmSdfjy4T 2024-06-07 00:00:00 +0700 +07
2023/06/13 15:17:04 [TRACE] 7G5qQu45G8u2nzmSdfjy4T ub.urlybud.aqua.castis.io 라이선스 정상
2023/06/13 15:17:04 [TRACE] 7G5qQu45G8u2nzmSdfjy4T FyqEF CheckExists()
2023/06/13 15:17:04 [TRACE] 7G5qQu45G8u2nzmSdfjy4T FyqEF CheckSecureLink()
2023/06/13 15:17:04 [TRACE] 7G5qQu45G8u2nzmSdfjy4T FyqEF CheckCount()
2023/06/13 15:17:04 [TRACE] 7G5qQu45G8u2nzmSdfjy4T FyqEF CheckExpire()
2023/06/13 15:17:04 [TRACE] 7G5qQu45G8u2nzmSdfjy4T FyqEF CheckAuth()
2023/06/13 15:17:04 [TRACE] 7G5qQu45G8u2nzmSdfjy4T FyqEF ServeLink()
2023/06/13 15:17:04 [TRACE] 7G5qQu45G8u2nzmSdfjy4T FyqEF Redirect()
2023/06/13 15:17:04 [TRACE] 7G5qQu45G8u2nzmSdfjy4T FyqEF GET 리다이렉트
2023/06/13 15:17:04 [TRACE] 7G5qQu45G8u2nzmSdfjy4T /FyqEF 컨텍스트저장 UKey:'FyqEF'
2023/06/13 15:17:04 [TRACE] 3RibOqUMG3lkaU5rRd7VQ4 /link/get 컨텍스트저장 UKey:''
2023/06/13 15:17:11 [TRACE] dmkdJGoGKjv7m2gOV8CWx2 ----------------------------------------------------
2023/06/13 15:17:11 [TRACE] dmkdJGoGKjv7m2gOV8CWx2 /FyqEF 요청토큰: 4b2e3c99-688b-4dd0-8d9d-921d909a354f
2023/06/13 15:17:11 [TRACE] dmkdJGoGKjv7m2gOV8CWx2 2024-06-07 00:00:00 +0700 +07
2023/06/13 15:17:11 [TRACE] dmkdJGoGKjv7m2gOV8CWx2 ub.urlybud.aqua.castis.io 라이선스 정상
2023/06/13 15:17:11 [TRACE] dmkdJGoGKjv7m2gOV8CWx2 FyqEF CheckExists()
2023/06/13 15:17:11 [TRACE] dmkdJGoGKjv7m2gOV8CWx2 FyqEF CheckSecureLink()
2023/06/13 15:17:11 [TRACE] dmkdJGoGKjv7m2gOV8CWx2 FyqEF CheckCount()
2023/06/13 15:17:11 [TRACE] dmkdJGoGKjv7m2gOV8CWx2 FyqEF CheckExpire()
2023/06/13 15:17:11 [TRACE] dmkdJGoGKjv7m2gOV8CWx2 FyqEF CheckAuth()
2023/06/13 15:17:11 [TRACE] dmkdJGoGKjv7m2gOV8CWx2 FyqEF ServeLink()
2023/06/13 15:17:11 [TRACE] dmkdJGoGKjv7m2gOV8CWx2 FyqEF Redirect()
2023/06/13 15:17:11 [TRACE] dmkdJGoGKjv7m2gOV8CWx2 FyqEF GET 리다이렉트
2023/06/13 15:17:11 [TRACE] dmkdJGoGKjv7m2gOV8CWx2 /FyqEF 컨텍스트저장 UKey:'FyqEF'
2023/06/13 15:17:11 [TRACE] iuFEFyvvNoC5DHOcbFg6HC /link/get 컨텍스트저장 UKey:''
2023/06/13 15:17:11 [TRACE] cvFmlAK7YKni1iyVt6tzS5 /link/get 컨텍스트저장 UKey:''
2023/06/13 15:17:23 [TRACE] 2L9jKbFMTGcdTYadSQTjhw /link/get 컨텍스트저장 UKey:''
2023/06/13 15:17:32 [TRACE] 1OzPoxZsuWkl3RRmYImoEq /link/get 컨텍스트저장 UKey:''
2023/06/13 15:17:44 [TRACE] 8EA8HxHMTmS99EsxFr0Gcv /link/get 컨텍스트저장 UKey:''
2023/06/13 15:18:05 [TRACE] 6eKGZejJUTJ4DbT3RWRQys ----------------------------------------------------
2023/06/13 15:18:05 [TRACE] 6eKGZejJUTJ4DbT3RWRQys /if79q 요청토큰: 669bd32c-4eea-44de-82ae-aa25c7cbceb6
2023/06/13 15:18:05 [TRACE] 6eKGZejJUTJ4DbT3RWRQys 2024-06-07 00:00:00 +0700 +07
2023/06/13 15:18:05 [TRACE] 6eKGZejJUTJ4DbT3RWRQys ub.urlybud.aqua.castis.io 라이선스 정상
2023/06/13 15:18:05 [TRACE] 6eKGZejJUTJ4DbT3RWRQys if79q CheckExists()
2023/06/13 15:18:05 [TRACE] 6eKGZejJUTJ4DbT3RWRQys if79q CheckSecureLink()
2023/06/13 15:18:05 [TRACE] 6eKGZejJUTJ4DbT3RWRQys if79q CheckCount()
2023/06/13 15:18:05 [TRACE] 6eKGZejJUTJ4DbT3RWRQys if79q CheckExpire()
2023/06/13 15:18:05 [TRACE] 6eKGZejJUTJ4DbT3RWRQys if79q CheckAuth()
2023/06/13 15:18:05 [TRACE] 6eKGZejJUTJ4DbT3RWRQys if79q ServeLink()
2023/06/13 15:18:05 [TRACE] 6eKGZejJUTJ4DbT3RWRQys if79q Redirect()
2023/06/13 15:18:05 [TRACE] 6eKGZejJUTJ4DbT3RWRQys if79q GET 리다이렉트
2023/06/13 15:18:05 [TRACE] 6eKGZejJUTJ4DbT3RWRQys /if79q 컨텍스트저장 UKey:'if79q'
2023/06/13 15:18:06 [TRACE] jHvPSuhP34v7X7gsBzrO12 /link/get 컨텍스트저장 UKey:''
2023/06/13 15:18:12 [TRACE] hKdZW8uQw0fgaJpAkQfK3v ----------------------------------------------------
2023/06/13 15:18:12 [TRACE] hKdZW8uQw0fgaJpAkQfK3v /FyqEF 요청토큰: 669bd32c-4eea-44de-82ae-aa25c7cbceb6
2023/06/13 15:18:12 [TRACE] hKdZW8uQw0fgaJpAkQfK3v 2024-06-07 00:00:00 +0700 +07
2023/06/13 15:18:12 [TRACE] hKdZW8uQw0fgaJpAkQfK3v ub.urlybud.aqua.castis.io 라이선스 정상
2023/06/13 15:18:12 [TRACE] hKdZW8uQw0fgaJpAkQfK3v FyqEF CheckExists()
2023/06/13 15:18:12 [TRACE] hKdZW8uQw0fgaJpAkQfK3v FyqEF CheckSecureLink()
2023/06/13 15:18:12 [TRACE] hKdZW8uQw0fgaJpAkQfK3v FyqEF CheckCount()
2023/06/13 15:18:12 [TRACE] hKdZW8uQw0fgaJpAkQfK3v FyqEF CheckExpire()
2023/06/13 15:18:12 [TRACE] hKdZW8uQw0fgaJpAkQfK3v FyqEF CheckAuth()
2023/06/13 15:18:12 [TRACE] hKdZW8uQw0fgaJpAkQfK3v FyqEF ServeLink()
2023/06/13 15:18:12 [TRACE] hKdZW8uQw0fgaJpAkQfK3v FyqEF Redirect()
2023/06/13 15:18:12 [TRACE] hKdZW8uQw0fgaJpAkQfK3v FyqEF GET 리다이렉트
2023/06/13 15:18:12 [TRACE] hKdZW8uQw0fgaJpAkQfK3v /FyqEF 컨텍스트저장 UKey:'FyqEF'
2023/06/13 15:18:13 [TRACE] eYPbuABEbobfq7NSs9j8UE /link/get 컨텍스트저장 UKey:''
2023/06/13 15:20:09 [TRACE] cToqHQeIuiqjfxJ23cuvno ----------------------------------------------------
2023/06/13 15:20:09 [TRACE] cToqHQeIuiqjfxJ23cuvno /FyqEF 요청토큰: 669bd32c-4eea-44de-82ae-aa25c7cbceb6
2023/06/13 15:20:09 [TRACE] cToqHQeIuiqjfxJ23cuvno 2024-06-07 00:00:00 +0700 +07
2023/06/13 15:20:09 [TRACE] cToqHQeIuiqjfxJ23cuvno ub.urlybud.aqua.castis.io 라이선스 정상
2023/06/13 15:20:09 [TRACE] cToqHQeIuiqjfxJ23cuvno FyqEF CheckExists()
2023/06/13 15:20:09 [TRACE] cToqHQeIuiqjfxJ23cuvno FyqEF CheckSecureLink()
2023/06/13 15:20:09 [TRACE] cToqHQeIuiqjfxJ23cuvno FyqEF CheckCount()
2023/06/13 15:20:09 [TRACE] cToqHQeIuiqjfxJ23cuvno FyqEF CheckExpire()
2023/06/13 15:20:09 [TRACE] cToqHQeIuiqjfxJ23cuvno FyqEF CheckAuth()
2023/06/13 15:20:09 [TRACE] cToqHQeIuiqjfxJ23cuvno FyqEF ServeLink()
2023/06/13 15:20:09 [TRACE] cToqHQeIuiqjfxJ23cuvno FyqEF Redirect()
2023/06/13 15:20:09 [TRACE] cToqHQeIuiqjfxJ23cuvno FyqEF GET 리다이렉트
2023/06/13 15:20:09 [TRACE] cToqHQeIuiqjfxJ23cuvno /FyqEF 컨텍스트저장 UKey:'FyqEF'
2023/06/13 15:20:12 [TRACE] 6qdEZVQxDfseufYw7TIycI /link/get 컨텍스트저장 UKey:''
2023/06/13 15:20:15 [TRACE] 5I9mCardwze4wFfC8EAJhv /link/get 컨텍스트저장 UKey:''
2023/06/13 15:26:48 [TRACE] 8zU77h6qRQc9vTT53RgCkD ----------------------------------------------------
2023/06/13 15:26:48 [TRACE] 8zU77h6qRQc9vTT53RgCkD /FyqEF 요청토큰: 4b2e3c99-688b-4dd0-8d9d-921d909a354f
2023/06/13 15:26:48 [TRACE] 8zU77h6qRQc9vTT53RgCkD 2024-06-07 00:00:00 +0700 +07
2023/06/13 15:26:48 [TRACE] 8zU77h6qRQc9vTT53RgCkD ub.urlybud.aqua.castis.io 라이선스 정상
2023/06/13 15:26:48 [TRACE] 8zU77h6qRQc9vTT53RgCkD FyqEF CheckExists()
2023/06/13 15:26:48 [TRACE] 8zU77h6qRQc9vTT53RgCkD FyqEF CheckSecureLink()
2023/06/13 15:26:48 [TRACE] 8zU77h6qRQc9vTT53RgCkD FyqEF CheckCount()
2023/06/13 15:26:48 [TRACE] 8zU77h6qRQc9vTT53RgCkD FyqEF CheckExpire()
2023/06/13 15:26:48 [TRACE] 8zU77h6qRQc9vTT53RgCkD FyqEF CheckAuth()
2023/06/13 15:26:48 [TRACE] 8zU77h6qRQc9vTT53RgCkD FyqEF ServeLink()
2023/06/13 15:26:48 [TRACE] 8zU77h6qRQc9vTT53RgCkD FyqEF Redirect()
2023/06/13 15:26:48 [TRACE] 8zU77h6qRQc9vTT53RgCkD FyqEF GET 리다이렉트
2023/06/13 15:26:48 [TRACE] 8zU77h6qRQc9vTT53RgCkD /FyqEF 컨텍스트저장 UKey:'FyqEF'
2023/06/13 15:26:49 [TRACE] gcj7kyFgL779NsaBm42b1y /link/get 컨텍스트저장 UKey:''
2023/06/13 15:26:55 [TRACE] 4YaaEE6O83j6mtdXBfIcoW ----------------------------------------------------
2023/06/13 15:26:55 [TRACE] 4YaaEE6O83j6mtdXBfIcoW /if79q 요청토큰: 4b2e3c99-688b-4dd0-8d9d-921d909a354f
2023/06/13 15:26:55 [TRACE] 4YaaEE6O83j6mtdXBfIcoW 2024-06-07 00:00:00 +0700 +07
2023/06/13 15:26:55 [TRACE] 4YaaEE6O83j6mtdXBfIcoW ub.urlybud.aqua.castis.io 라이선스 정상
2023/06/13 15:26:55 [TRACE] 4YaaEE6O83j6mtdXBfIcoW if79q CheckExists()
2023/06/13 15:26:55 [TRACE] 4YaaEE6O83j6mtdXBfIcoW if79q CheckSecureLink()
2023/06/13 15:26:55 [TRACE] 4YaaEE6O83j6mtdXBfIcoW if79q CheckCount()
2023/06/13 15:26:55 [TRACE] 4YaaEE6O83j6mtdXBfIcoW if79q CheckExpire()
2023/06/13 15:26:55 [TRACE] 4YaaEE6O83j6mtdXBfIcoW if79q CheckAuth()
2023/06/13 15:26:55 [TRACE] 4YaaEE6O83j6mtdXBfIcoW if79q ServeLink()
2023/06/13 15:26:55 [TRACE] 4YaaEE6O83j6mtdXBfIcoW if79q Redirect()
2023/06/13 15:26:55 [TRACE] 4YaaEE6O83j6mtdXBfIcoW if79q GET 리다이렉트
2023/06/13 15:26:55 [TRACE] 4YaaEE6O83j6mtdXBfIcoW /if79q 컨텍스트저장 UKey:'if79q'
2023/06/13 15:26:55 [TRACE] b1yuOcdTlVx8GkyJiGc16N /link/get 컨텍스트저장 UKey:''
2023/06/13 15:26:59 [TRACE] 9U6Mpmk7qzAbnyQ2avLvoC ----------------------------------------------------
2023/06/13 15:26:59 [TRACE] 9U6Mpmk7qzAbnyQ2avLvoC /FyqEF 요청토큰: 4b2e3c99-688b-4dd0-8d9d-921d909a354f
2023/06/13 15:26:59 [TRACE] 9U6Mpmk7qzAbnyQ2avLvoC 2024-06-07 00:00:00 +0700 +07
2023/06/13 15:26:59 [TRACE] 9U6Mpmk7qzAbnyQ2avLvoC ub.urlybud.aqua.castis.io 라이선스 정상
2023/06/13 15:26:59 [TRACE] 9U6Mpmk7qzAbnyQ2avLvoC FyqEF CheckExists()
2023/06/13 15:26:59 [TRACE] 9U6Mpmk7qzAbnyQ2avLvoC FyqEF CheckSecureLink()
2023/06/13 15:26:59 [TRACE] 9U6Mpmk7qzAbnyQ2avLvoC FyqEF CheckCount()
2023/06/13 15:26:59 [TRACE] 9U6Mpmk7qzAbnyQ2avLvoC FyqEF CheckExpire()
2023/06/13 15:26:59 [TRACE] 9U6Mpmk7qzAbnyQ2avLvoC FyqEF CheckAuth()
2023/06/13 15:26:59 [TRACE] 9U6Mpmk7qzAbnyQ2avLvoC FyqEF ServeLink()
2023/06/13 15:26:59 [TRACE] 9U6Mpmk7qzAbnyQ2avLvoC FyqEF Redirect()
2023/06/13 15:26:59 [TRACE] 9U6Mpmk7qzAbnyQ2avLvoC FyqEF GET 리다이렉트
2023/06/13 15:26:59 [TRACE] 9U6Mpmk7qzAbnyQ2avLvoC /FyqEF 컨텍스트저장 UKey:'FyqEF'
2023/06/13 15:26:59 [TRACE] kgFMreKXSvqkZaKpHTe4Gt /link/get 컨텍스트저장 UKey:''
2023/06/13 15:27:01 [TRACE] lEzPsNHHsB9bMAl58ZDXdA ----------------------------------------------------
2023/06/13 15:27:01 [TRACE] lEzPsNHHsB9bMAl58ZDXdA /gdr0Y 요청토큰: 4b2e3c99-688b-4dd0-8d9d-921d909a354f
2023/06/13 15:27:01 [TRACE] lEzPsNHHsB9bMAl58ZDXdA 2024-06-07 00:00:00 +0700 +07
2023/06/13 15:27:01 [TRACE] lEzPsNHHsB9bMAl58ZDXdA ub.urlybud.aqua.castis.io 라이선스 정상
2023/06/13 15:27:01 [TRACE] lEzPsNHHsB9bMAl58ZDXdA gdr0Y CheckExists()
2023/06/13 15:27:01 [TRACE] lEzPsNHHsB9bMAl58ZDXdA gdr0Y CheckSecureLink()
2023/06/13 15:27:01 [TRACE] lEzPsNHHsB9bMAl58ZDXdA gdr0Y CheckCount()
2023/06/13 15:27:01 [TRACE] lEzPsNHHsB9bMAl58ZDXdA gdr0Y CheckExpire()
2023/06/13 15:27:01 [TRACE] lEzPsNHHsB9bMAl58ZDXdA gdr0Y CheckAuth()
2023/06/13 15:27:01 [TRACE] lEzPsNHHsB9bMAl58ZDXdA gdr0Y ServeLink()
2023/06/13 15:27:01 [TRACE] lEzPsNHHsB9bMAl58ZDXdA gdr0Y Redirect()
2023/06/13 15:27:01 [TRACE] lEzPsNHHsB9bMAl58ZDXdA gdr0Y GET 리다이렉트
2023/06/13 15:27:01 [TRACE] lEzPsNHHsB9bMAl58ZDXdA /gdr0Y 컨텍스트저장 UKey:'gdr0Y'
2023/06/13 15:27:01 [TRACE] 2dhDw5tLPGMlTfpig7yJrs /link/get 컨텍스트저장 UKey:''
2023/06/13 15:27:30 [TRACE] Gv5vjECY2q8QADdd8u2Jo ----------------------------------------------------
2023/06/13 15:27:30 [TRACE] Gv5vjECY2q8QADdd8u2Jo /if79q 요청토큰: 4b2e3c99-688b-4dd0-8d9d-921d909a354f
2023/06/13 15:27:30 [TRACE] Gv5vjECY2q8QADdd8u2Jo 2024-06-07 00:00:00 +0700 +07
2023/06/13 15:27:30 [TRACE] Gv5vjECY2q8QADdd8u2Jo ub.urlybud.aqua.castis.io 라이선스 정상
2023/06/13 15:27:30 [TRACE] Gv5vjECY2q8QADdd8u2Jo if79q CheckExists()
2023/06/13 15:27:30 [TRACE] Gv5vjECY2q8QADdd8u2Jo if79q CheckSecureLink()
2023/06/13 15:27:30 [TRACE] Gv5vjECY2q8QADdd8u2Jo if79q CheckCount()
2023/06/13 15:27:30 [TRACE] Gv5vjECY2q8QADdd8u2Jo if79q CheckExpire()
2023/06/13 15:27:30 [TRACE] Gv5vjECY2q8QADdd8u2Jo if79q CheckAuth()
2023/06/13 15:27:30 [TRACE] Gv5vjECY2q8QADdd8u2Jo if79q ServeLink()
2023/06/13 15:27:30 [TRACE] Gv5vjECY2q8QADdd8u2Jo if79q Redirect()
2023/06/13 15:27:30 [TRACE] Gv5vjECY2q8QADdd8u2Jo if79q GET 리다이렉트
2023/06/13 15:27:30 [TRACE] Gv5vjECY2q8QADdd8u2Jo /if79q 컨텍스트저장 UKey:'if79q'
2023/06/13 15:27:30 [TRACE] 3XLTB9r8a2jj6NXxPxRouP /link/get 컨텍스트저장 UKey:''
2023/06/13 15:27:54 [TRACE] QoIHsGCaxS2jG48UlXngd /link/get 컨텍스트저장 UKey:''
2023/06/13 15:29:04 [TRACE] 6mF0SB9xHzzir75eIoRo7x /link/set 컨텍스트저장 UKey:'Bv4pc'
2023/06/13 15:29:17 [TRACE] aJUC4nswNddakdWSXXUUd4 ----------------------------------------------------
2023/06/13 15:29:17 [TRACE] aJUC4nswNddakdWSXXUUd4 /Bv4pc 토큰생성: 709be66a-4a3b-4f7f-86ba-3dbb137830aa
2023/06/13 15:29:17 [TRACE] aJUC4nswNddakdWSXXUUd4 2024-06-07 00:00:00 +0700 +07
2023/06/13 15:29:17 [TRACE] aJUC4nswNddakdWSXXUUd4 ub.urlybud.aqua.castis.io 라이선스 정상
2023/06/13 15:29:17 [TRACE] aJUC4nswNddakdWSXXUUd4 Bv4pc CheckExists()
2023/06/13 15:29:17 [TRACE] aJUC4nswNddakdWSXXUUd4 Bv4pc CheckSecureLink()
2023/06/13 15:29:17 [TRACE] aJUC4nswNddakdWSXXUUd4 Bv4pc CheckCount()
2023/06/13 15:29:17 [TRACE] aJUC4nswNddakdWSXXUUd4 Bv4pc CheckExpire()
2023/06/13 15:29:17 [TRACE] aJUC4nswNddakdWSXXUUd4 Bv4pc CheckAuth()
2023/06/13 15:29:17 [TRACE] aJUC4nswNddakdWSXXUUd4 Bv4pc ServeLink()
2023/06/13 15:29:17 [TRACE] aJUC4nswNddakdWSXXUUd4 Bv4pc Redirect()
2023/06/13 15:29:17 [TRACE] aJUC4nswNddakdWSXXUUd4 Bv4pc GET 리다이렉트
2023/06/13 15:29:17 [TRACE] aJUC4nswNddakdWSXXUUd4 /Bv4pc 컨텍스트저장 UKey:'Bv4pc'
2023/06/13 15:29:18 [TRACE] fIxrUdIw99d8GygeovB678 /link/get 컨텍스트저장 UKey:''
2023/06/13 15:30:03 [TRACE] kYuvxY9xJEa5vhui7FcyjZ /link/get 컨텍스트저장 UKey:''
2023/06/13 15:30:35 [TRACE] 8D1I32omD0CkgaDc9874EG /link/get 컨텍스트저장 UKey:''
2023/06/13 15:30:40 [TRACE] 3HGXnKVzk9lkRCAamWSV3U /link/get 컨텍스트저장 UKey:''
2023/06/13 15:34:41 [TRACE] 3GyZgcoNH8RjvugQsxtwYc ----------------------------------------------------
2023/06/13 15:34:41 [TRACE] 3GyZgcoNH8RjvugQsxtwYc /Bv4pc 토큰생성: 1340a127-a604-4603-8ed5-454b347e9690
2023/06/13 15:34:41 [TRACE] 3GyZgcoNH8RjvugQsxtwYc 2024-06-07 00:00:00 +0700 +07
2023/06/13 15:34:41 [TRACE] 3GyZgcoNH8RjvugQsxtwYc ub.urlybud.aqua.castis.io 라이선스 정상
2023/06/13 15:34:41 [TRACE] 3GyZgcoNH8RjvugQsxtwYc Bv4pc CheckExists()
2023/06/13 15:34:41 [TRACE] 3GyZgcoNH8RjvugQsxtwYc Bv4pc CheckSecureLink()
2023/06/13 15:34:41 [TRACE] 3GyZgcoNH8RjvugQsxtwYc Bv4pc CheckCount()
2023/06/13 15:34:41 [TRACE] 3GyZgcoNH8RjvugQsxtwYc Bv4pc CheckExpire()
2023/06/13 15:34:41 [TRACE] 3GyZgcoNH8RjvugQsxtwYc Bv4pc CheckAuth()
2023/06/13 15:34:41 [TRACE] 3GyZgcoNH8RjvugQsxtwYc Bv4pc ServeLink()
2023/06/13 15:34:41 [TRACE] 3GyZgcoNH8RjvugQsxtwYc Bv4pc Redirect()
2023/06/13 15:34:41 [TRACE] 3GyZgcoNH8RjvugQsxtwYc Bv4pc GET 리다이렉트
2023/06/13 15:34:41 [TRACE] 3GyZgcoNH8RjvugQsxtwYc /Bv4pc 컨텍스트저장 UKey:'Bv4pc'
2023/06/13 15:34:42 [TRACE] cdIfHkH1Q3LhDGnfZQvYaA /link/get 컨텍스트저장 UKey:''
2023/06/13 15:35:00 [TRACE] 7HRfslue4ne3feRYybRuyR /link/get 컨텍스트저장 UKey:''
2023/06/13 15:40:10 [TRACE] hELw8YKu7BpdLqKMmNEY6v ----------------------------------------------------
2023/06/13 15:40:10 [TRACE] hELw8YKu7BpdLqKMmNEY6v /FyqEF 요청토큰: 5bfe519b-efc2-4820-bb32-fe25e41277f0
2023/06/13 15:40:10 [TRACE] hELw8YKu7BpdLqKMmNEY6v 2024-06-07 00:00:00 +0700 +07
2023/06/13 15:40:10 [TRACE] hELw8YKu7BpdLqKMmNEY6v ub.urlybud.aqua.castis.io 라이선스 정상
2023/06/13 15:40:10 [TRACE] hELw8YKu7BpdLqKMmNEY6v FyqEF CheckExists()
2023/06/13 15:40:10 [TRACE] hELw8YKu7BpdLqKMmNEY6v FyqEF CheckSecureLink()
2023/06/13 15:40:10 [TRACE] hELw8YKu7BpdLqKMmNEY6v FyqEF CheckCount()
2023/06/13 15:40:10 [TRACE] hELw8YKu7BpdLqKMmNEY6v FyqEF CheckExpire()
2023/06/13 15:40:10 [TRACE] hELw8YKu7BpdLqKMmNEY6v FyqEF CheckAuth()
2023/06/13 15:40:10 [TRACE] hELw8YKu7BpdLqKMmNEY6v FyqEF ServeLink()
2023/06/13 15:40:10 [TRACE] hELw8YKu7BpdLqKMmNEY6v FyqEF Redirect()
2023/06/13 15:40:10 [TRACE] hELw8YKu7BpdLqKMmNEY6v FyqEF GET 리다이렉트
2023/06/13 15:40:10 [TRACE] hELw8YKu7BpdLqKMmNEY6v /FyqEF 컨텍스트저장 UKey:'FyqEF'
2023/06/13 15:40:11 [TRACE] abKRpO8usS6dL40vUINlVN /link/get 컨텍스트저장 UKey:''
2023/06/13 15:40:17 [TRACE] f4c3Ph4gJyJcnag0zsYTt /link/get 컨텍스트저장 UKey:''
2023/06/13 16:00:20 [TRACE] 30IhCJRky6x78hTqbnmetp ----------------------------------------------------
2023/06/13 16:00:20 [TRACE] 30IhCJRky6x78hTqbnmetp /Bv4pc 토큰생성: a2d2ee7b-bc55-44de-b386-deeb470bfff5
2023/06/13 16:00:20 [TRACE] 30IhCJRky6x78hTqbnmetp 2024-06-07 00:00:00 +0700 +07
2023/06/13 16:00:20 [TRACE] 30IhCJRky6x78hTqbnmetp ub.urlybud.aqua.castis.io 라이선스 정상
2023/06/13 16:00:20 [TRACE] 30IhCJRky6x78hTqbnmetp Bv4pc CheckExists()
2023/06/13 16:00:20 [TRACE] 30IhCJRky6x78hTqbnmetp Bv4pc CheckSecureLink()
2023/06/13 16:00:20 [TRACE] 30IhCJRky6x78hTqbnmetp Bv4pc CheckCount()
2023/06/13 16:00:20 [TRACE] 30IhCJRky6x78hTqbnmetp Bv4pc CheckExpire()
2023/06/13 16:00:20 [TRACE] 30IhCJRky6x78hTqbnmetp Bv4pc CheckAuth()
2023/06/13 16:00:20 [TRACE] 30IhCJRky6x78hTqbnmetp Bv4pc ServeLink()
2023/06/13 16:00:20 [TRACE] 30IhCJRky6x78hTqbnmetp Bv4pc Redirect()
2023/06/13 16:00:20 [TRACE] 30IhCJRky6x78hTqbnmetp Bv4pc GET 리다이렉트
2023/06/13 16:00:20 [TRACE] 30IhCJRky6x78hTqbnmetp /Bv4pc 컨텍스트저장 UKey:'Bv4pc'
2023/06/13 16:00:21 [TRACE] a0jfGddwZKE7EECpSXnifq /link/get 컨텍스트저장 UKey:''
2023/06/13 16:00:24 [TRACE] 9RSyWv3fnTxiui0AgW3xoL ----------------------------------------------------
2023/06/13 16:00:24 [TRACE] 9RSyWv3fnTxiui0AgW3xoL /OFZe0 토큰생성: 38cf161d-e7bc-4ebb-ae82-4d9fd3d1fcea
2023/06/13 16:00:24 [TRACE] 9RSyWv3fnTxiui0AgW3xoL 2024-06-07 00:00:00 +0700 +07
2023/06/13 16:00:24 [TRACE] 9RSyWv3fnTxiui0AgW3xoL ub.urlybud.aqua.castis.io 라이선스 정상
2023/06/13 16:00:24 [TRACE] 9RSyWv3fnTxiui0AgW3xoL OFZe0 CheckExists()
2023/06/13 16:00:24 [TRACE] 9RSyWv3fnTxiui0AgW3xoL OFZe0 CheckSecureLink()
2023/06/13 16:00:24 [TRACE] 9RSyWv3fnTxiui0AgW3xoL OFZe0 CheckCount()
2023/06/13 16:00:24 [TRACE] 9RSyWv3fnTxiui0AgW3xoL OFZe0 CheckExpire()
2023/06/13 16:00:24 [TRACE] 9RSyWv3fnTxiui0AgW3xoL OFZe0 CheckAuth()
2023/06/13 16:00:24 [TRACE] 9RSyWv3fnTxiui0AgW3xoL OFZe0 ServeLink()
2023/06/13 16:00:24 [TRACE] 9RSyWv3fnTxiui0AgW3xoL OFZe0 Redirect()
2023/06/13 16:00:24 [TRACE] 9RSyWv3fnTxiui0AgW3xoL OFZe0 GET 리다이렉트
2023/06/13 16:00:24 [TRACE] 9RSyWv3fnTxiui0AgW3xoL /OFZe0 컨텍스트저장 UKey:'OFZe0'
2023/06/13 16:00:24 [TRACE] 9xC40TKxgnfaE0tf27PoI /link/get 컨텍스트저장 UKey:''
2023/06/13 16:00:28 [TRACE] d1T0EX2yG0c1vLQZbKJS4c ----------------------------------------------------
2023/06/13 16:00:28 [TRACE] d1T0EX2yG0c1vLQZbKJS4c /KCCXg 토큰생성: a8337474-3d11-402f-8937-f9fedac80599
2023/06/13 16:00:28 [TRACE] d1T0EX2yG0c1vLQZbKJS4c 2024-06-07 00:00:00 +0700 +07
2023/06/13 16:00:28 [TRACE] d1T0EX2yG0c1vLQZbKJS4c ub.urlybud.aqua.castis.io 라이선스 정상
2023/06/13 16:00:28 [TRACE] d1T0EX2yG0c1vLQZbKJS4c KCCXg CheckExists()
2023/06/13 16:00:28 [TRACE] d1T0EX2yG0c1vLQZbKJS4c KCCXg CheckSecureLink()
2023/06/13 16:00:28 [TRACE] d1T0EX2yG0c1vLQZbKJS4c KCCXg CheckCount()
2023/06/13 16:00:28 [TRACE] d1T0EX2yG0c1vLQZbKJS4c KCCXg CheckExpire()
2023/06/13 16:00:28 [TRACE] d1T0EX2yG0c1vLQZbKJS4c KCCXg CheckAuth()
2023/06/13 16:00:28 [TRACE] d1T0EX2yG0c1vLQZbKJS4c KCCXg ServeLink()
2023/06/13 16:00:28 [TRACE] d1T0EX2yG0c1vLQZbKJS4c KCCXg Redirect()
2023/06/13 16:00:28 [TRACE] d1T0EX2yG0c1vLQZbKJS4c KCCXg GET 리다이렉트
2023/06/13 16:00:28 [TRACE] d1T0EX2yG0c1vLQZbKJS4c /KCCXg 컨텍스트저장 UKey:'KCCXg'
2023/06/13 16:00:28 [TRACE] 1kEeu23pVWyeTh09B8Zleu /link/get 컨텍스트저장 UKey:''
2023/06/13 16:00:32 [TRACE] 7l8Et1F6yN16Jha58vMZjX ----------------------------------------------------
2023/06/13 16:00:32 [TRACE] 7l8Et1F6yN16Jha58vMZjX /if79q 토큰생성: d406cf99-18f2-440d-8756-3d16ff3f98ef
2023/06/13 16:00:32 [TRACE] 7l8Et1F6yN16Jha58vMZjX 2024-06-07 00:00:00 +0700 +07
2023/06/13 16:00:32 [TRACE] 7l8Et1F6yN16Jha58vMZjX ub.urlybud.aqua.castis.io 라이선스 정상
2023/06/13 16:00:32 [TRACE] 7l8Et1F6yN16Jha58vMZjX if79q CheckExists()
2023/06/13 16:00:32 [TRACE] 7l8Et1F6yN16Jha58vMZjX if79q CheckSecureLink()
2023/06/13 16:00:32 [TRACE] 7l8Et1F6yN16Jha58vMZjX if79q CheckCount()
2023/06/13 16:00:32 [TRACE] 7l8Et1F6yN16Jha58vMZjX if79q CheckExpire()
2023/06/13 16:00:32 [TRACE] 7l8Et1F6yN16Jha58vMZjX if79q CheckAuth()
2023/06/13 16:00:32 [TRACE] 7l8Et1F6yN16Jha58vMZjX if79q ServeLink()
2023/06/13 16:00:32 [TRACE] 7l8Et1F6yN16Jha58vMZjX if79q Redirect()
2023/06/13 16:00:32 [TRACE] 7l8Et1F6yN16Jha58vMZjX if79q GET 리다이렉트
2023/06/13 16:00:32 [TRACE] 7l8Et1F6yN16Jha58vMZjX /if79q 컨텍스트저장 UKey:'if79q'
2023/06/13 16:00:32 [TRACE] gMNpmXNYFeD57DOSLVFCGo /link/get 컨텍스트저장 UKey:''
2023/06/13 16:00:35 [TRACE] aeBFALHCPv2fMQJhQRk8NX ----------------------------------------------------
2023/06/13 16:00:35 [TRACE] aeBFALHCPv2fMQJhQRk8NX /gdr0Y 토큰생성: c41b4f39-af9d-453b-800d-1599f4f56421
2023/06/13 16:00:35 [TRACE] aeBFALHCPv2fMQJhQRk8NX 2024-06-07 00:00:00 +0700 +07
2023/06/13 16:00:35 [TRACE] aeBFALHCPv2fMQJhQRk8NX ub.urlybud.aqua.castis.io 라이선스 정상
2023/06/13 16:00:35 [TRACE] aeBFALHCPv2fMQJhQRk8NX gdr0Y CheckExists()
2023/06/13 16:00:35 [TRACE] aeBFALHCPv2fMQJhQRk8NX gdr0Y CheckSecureLink()
2023/06/13 16:00:35 [TRACE] aeBFALHCPv2fMQJhQRk8NX gdr0Y CheckCount()
2023/06/13 16:00:35 [TRACE] aeBFALHCPv2fMQJhQRk8NX gdr0Y CheckExpire()
2023/06/13 16:00:35 [TRACE] aeBFALHCPv2fMQJhQRk8NX gdr0Y CheckAuth()
2023/06/13 16:00:35 [TRACE] aeBFALHCPv2fMQJhQRk8NX gdr0Y ServeLink()
2023/06/13 16:00:35 [TRACE] aeBFALHCPv2fMQJhQRk8NX gdr0Y Redirect()
2023/06/13 16:00:35 [TRACE] aeBFALHCPv2fMQJhQRk8NX gdr0Y GET 리다이렉트
2023/06/13 16:00:35 [TRACE] aeBFALHCPv2fMQJhQRk8NX /gdr0Y 컨텍스트저장 UKey:'gdr0Y'
2023/06/13 16:00:36 [TRACE] eUYnPav3Yk89L6YPC9rrCd /link/get 컨텍스트저장 UKey:''
2023/06/13 16:01:54 [TRACE] 8s3xOOzL6FXe7NQ9k1KCXl /link/get 컨텍스트저장 UKey:''
2023/06/13 16:02:13 [TRACE] kGGgPR5gUw9hYXv3XtwWSV ----------------------------------------------------
2023/06/13 16:02:13 [TRACE] kGGgPR5gUw9hYXv3XtwWSV /gdr0Y 토큰생성: acb053c1-78ea-4ec8-ba06-60e9ff4a7223
2023/06/13 16:02:13 [TRACE] kGGgPR5gUw9hYXv3XtwWSV 2024-06-07 00:00:00 +0700 +07
2023/06/13 16:02:13 [TRACE] kGGgPR5gUw9hYXv3XtwWSV ub.urlybud.aqua.castis.io 라이선스 정상
2023/06/13 16:02:13 [TRACE] kGGgPR5gUw9hYXv3XtwWSV gdr0Y CheckExists()
2023/06/13 16:02:13 [TRACE] kGGgPR5gUw9hYXv3XtwWSV gdr0Y CheckSecureLink()
2023/06/13 16:02:13 [TRACE] kGGgPR5gUw9hYXv3XtwWSV gdr0Y CheckCount()
2023/06/13 16:02:13 [TRACE] kGGgPR5gUw9hYXv3XtwWSV gdr0Y CheckExpire()
2023/06/13 16:02:13 [TRACE] kGGgPR5gUw9hYXv3XtwWSV gdr0Y CheckAuth()
2023/06/13 16:02:13 [TRACE] kGGgPR5gUw9hYXv3XtwWSV gdr0Y ServeLink()
2023/06/13 16:02:13 [TRACE] kGGgPR5gUw9hYXv3XtwWSV gdr0Y Redirect()
2023/06/13 16:02:13 [TRACE] kGGgPR5gUw9hYXv3XtwWSV gdr0Y GET 리다이렉트
2023/06/13 16:02:13 [TRACE] kGGgPR5gUw9hYXv3XtwWSV /gdr0Y 컨텍스트저장 UKey:'gdr0Y'
2023/06/13 16:02:13 [TRACE] hNjXtFmWmQDdYQGDvsPRoR /link/get 컨텍스트저장 UKey:''
2023/06/13 16:02:20 [TRACE] 1cLjzeG6HIQlQTzuCNwu8s ----------------------------------------------------
2023/06/13 16:02:20 [TRACE] 1cLjzeG6HIQlQTzuCNwu8s /FyqEF 요청토큰: acb053c1-78ea-4ec8-ba06-60e9ff4a7223
2023/06/13 16:02:20 [TRACE] 1cLjzeG6HIQlQTzuCNwu8s 2024-06-07 00:00:00 +0700 +07
2023/06/13 16:02:20 [TRACE] 1cLjzeG6HIQlQTzuCNwu8s ub.urlybud.aqua.castis.io 라이선스 정상
2023/06/13 16:02:20 [TRACE] 1cLjzeG6HIQlQTzuCNwu8s FyqEF CheckExists()
2023/06/13 16:02:20 [TRACE] 1cLjzeG6HIQlQTzuCNwu8s FyqEF CheckSecureLink()
2023/06/13 16:02:20 [TRACE] 1cLjzeG6HIQlQTzuCNwu8s FyqEF CheckCount()
2023/06/13 16:02:20 [TRACE] 1cLjzeG6HIQlQTzuCNwu8s FyqEF CheckExpire()
2023/06/13 16:02:20 [TRACE] 1cLjzeG6HIQlQTzuCNwu8s FyqEF CheckAuth()
2023/06/13 16:02:20 [TRACE] 1cLjzeG6HIQlQTzuCNwu8s FyqEF ServeLink()
2023/06/13 16:02:20 [TRACE] 1cLjzeG6HIQlQTzuCNwu8s FyqEF Redirect()
2023/06/13 16:02:20 [TRACE] 1cLjzeG6HIQlQTzuCNwu8s FyqEF GET 리다이렉트
2023/06/13 16:02:20 [TRACE] 1cLjzeG6HIQlQTzuCNwu8s /FyqEF 컨텍스트저장 UKey:'FyqEF'
2023/06/13 16:02:20 [TRACE] bvwdgZdppAflD5zWwdK5Ma /link/get 컨텍스트저장 UKey:''
2023/06/13 16:02:29 [TRACE] ldwldA1rvO8cusS2WZv9jQ ----------------------------------------------------
2023/06/13 16:02:29 [TRACE] ldwldA1rvO8cusS2WZv9jQ /gdr0Y 요청토큰: acb053c1-78ea-4ec8-ba06-60e9ff4a7223
2023/06/13 16:02:29 [TRACE] ldwldA1rvO8cusS2WZv9jQ 2024-06-07 00:00:00 +0700 +07
2023/06/13 16:02:29 [TRACE] ldwldA1rvO8cusS2WZv9jQ ub.urlybud.aqua.castis.io 라이선스 정상
2023/06/13 16:02:29 [TRACE] ldwldA1rvO8cusS2WZv9jQ gdr0Y CheckExists()
2023/06/13 16:02:29 [TRACE] ldwldA1rvO8cusS2WZv9jQ gdr0Y CheckSecureLink()
2023/06/13 16:02:29 [TRACE] ldwldA1rvO8cusS2WZv9jQ gdr0Y CheckCount()
2023/06/13 16:02:29 [TRACE] ldwldA1rvO8cusS2WZv9jQ gdr0Y CheckExpire()
2023/06/13 16:02:29 [TRACE] ldwldA1rvO8cusS2WZv9jQ gdr0Y CheckAuth()
2023/06/13 16:02:29 [TRACE] ldwldA1rvO8cusS2WZv9jQ gdr0Y ServeLink()
2023/06/13 16:02:29 [TRACE] ldwldA1rvO8cusS2WZv9jQ gdr0Y Redirect()
2023/06/13 16:02:29 [TRACE] ldwldA1rvO8cusS2WZv9jQ gdr0Y GET 리다이렉트
2023/06/13 16:02:29 [TRACE] ldwldA1rvO8cusS2WZv9jQ /gdr0Y 컨텍스트저장 UKey:'gdr0Y'
2023/06/13 16:02:29 [TRACE] iAAfgyjcR9ilGHMk8ctQjP /link/get 컨텍스트저장 UKey:''
2023/06/13 16:02:38 [TRACE] ekgznkWmt9g8P38qb98J1U /link/get 컨텍스트저장 UKey:''
2023/06/13 16:04:51 [TRACE] hIe3O5Pzx8kfT9N4hftHxm ----------------------------------------------------
2023/06/13 16:04:51 [TRACE] hIe3O5Pzx8kfT9N4hftHxm /gdr0Y 토큰생성: 3807eea7-fc5d-4c96-beca-3b467100bc2c
2023/06/13 16:04:51 [TRACE] hIe3O5Pzx8kfT9N4hftHxm 2024-06-07 00:00:00 +0700 +07
2023/06/13 16:04:51 [TRACE] hIe3O5Pzx8kfT9N4hftHxm ub.urlybud.aqua.castis.io 라이선스 정상
2023/06/13 16:04:51 [TRACE] hIe3O5Pzx8kfT9N4hftHxm gdr0Y CheckExists()
2023/06/13 16:04:51 [TRACE] hIe3O5Pzx8kfT9N4hftHxm gdr0Y CheckSecureLink()
2023/06/13 16:04:51 [TRACE] hIe3O5Pzx8kfT9N4hftHxm gdr0Y CheckCount()
2023/06/13 16:04:51 [TRACE] hIe3O5Pzx8kfT9N4hftHxm gdr0Y CheckExpire()
2023/06/13 16:04:51 [TRACE] hIe3O5Pzx8kfT9N4hftHxm gdr0Y CheckAuth()
2023/06/13 16:04:51 [TRACE] hIe3O5Pzx8kfT9N4hftHxm gdr0Y ServeLink()
2023/06/13 16:04:51 [TRACE] hIe3O5Pzx8kfT9N4hftHxm gdr0Y Redirect()
2023/06/13 16:04:51 [TRACE] hIe3O5Pzx8kfT9N4hftHxm gdr0Y GET 리다이렉트
2023/06/13 16:04:51 [TRACE] hIe3O5Pzx8kfT9N4hftHxm /gdr0Y 컨텍스트저장 UKey:'gdr0Y'
2023/06/13 16:04:52 [TRACE] kgtfzmfNZxO4UyXLqVy59c /link/get 컨텍스트저장 UKey:''
2023/06/13 16:05:48 [TRACE] bjPRONtxb8ddEJfMYyWToU /link/get 컨텍스트저장 UKey:''
2023/06/13 16:06:05 [TRACE] eQEq1vpyLHdkFum7x6L6Zu /link/get 컨텍스트저장 UKey:''
2023/06/13 16:06:17 [TRACE] c9WOjZ0AM8Cf3WVt9izolR ----------------------------------------------------
2023/06/13 16:06:17 [TRACE] c9WOjZ0AM8Cf3WVt9izolR /gdr0Y 토큰생성: 1d59153f-5f64-45bd-b6bb-004b5b57c0de
2023/06/13 16:06:17 [TRACE] c9WOjZ0AM8Cf3WVt9izolR 2024-06-07 00:00:00 +0700 +07
2023/06/13 16:06:17 [TRACE] c9WOjZ0AM8Cf3WVt9izolR ub.urlybud.aqua.castis.io 라이선스 정상
2023/06/13 16:06:17 [TRACE] c9WOjZ0AM8Cf3WVt9izolR gdr0Y CheckExists()
2023/06/13 16:06:17 [TRACE] c9WOjZ0AM8Cf3WVt9izolR gdr0Y CheckSecureLink()
2023/06/13 16:06:17 [TRACE] c9WOjZ0AM8Cf3WVt9izolR gdr0Y CheckCount()
2023/06/13 16:06:17 [TRACE] c9WOjZ0AM8Cf3WVt9izolR gdr0Y CheckExpire()
2023/06/13 16:06:17 [TRACE] c9WOjZ0AM8Cf3WVt9izolR gdr0Y CheckAuth()
2023/06/13 16:06:17 [TRACE] c9WOjZ0AM8Cf3WVt9izolR gdr0Y ServeLink()
2023/06/13 16:06:17 [TRACE] c9WOjZ0AM8Cf3WVt9izolR gdr0Y Redirect()
2023/06/13 16:06:17 [TRACE] c9WOjZ0AM8Cf3WVt9izolR gdr0Y GET 리다이렉트
2023/06/13 16:06:17 [TRACE] c9WOjZ0AM8Cf3WVt9izolR /gdr0Y 컨텍스트저장 UKey:'gdr0Y'
2023/06/13 16:06:18 [TRACE] cmBQG7jS76U86C2UdrRN7D /link/get 컨텍스트저장 UKey:''
2023/06/13 16:06:25 [TRACE] SKFxgAs4eIe3HuPKpriCT ----------------------------------------------------
2023/06/13 16:06:25 [TRACE] SKFxgAs4eIe3HuPKpriCT /if79q 토큰생성: ca37bb86-10ee-4229-813b-cd6770f10dd1
2023/06/13 16:06:25 [TRACE] SKFxgAs4eIe3HuPKpriCT 2024-06-07 00:00:00 +0700 +07
2023/06/13 16:06:25 [TRACE] SKFxgAs4eIe3HuPKpriCT ub.urlybud.aqua.castis.io 라이선스 정상
2023/06/13 16:06:25 [TRACE] SKFxgAs4eIe3HuPKpriCT if79q CheckExists()
2023/06/13 16:06:25 [TRACE] SKFxgAs4eIe3HuPKpriCT if79q CheckSecureLink()
2023/06/13 16:06:25 [TRACE] SKFxgAs4eIe3HuPKpriCT if79q CheckCount()
2023/06/13 16:06:25 [TRACE] SKFxgAs4eIe3HuPKpriCT if79q CheckExpire()
2023/06/13 16:06:25 [TRACE] SKFxgAs4eIe3HuPKpriCT if79q CheckAuth()
2023/06/13 16:06:25 [TRACE] SKFxgAs4eIe3HuPKpriCT if79q ServeLink()
2023/06/13 16:06:25 [TRACE] SKFxgAs4eIe3HuPKpriCT if79q Redirect()
2023/06/13 16:06:25 [TRACE] SKFxgAs4eIe3HuPKpriCT if79q GET 리다이렉트
2023/06/13 16:06:25 [TRACE] SKFxgAs4eIe3HuPKpriCT /if79q 컨텍스트저장 UKey:'if79q'
2023/06/13 16:06:26 [TRACE] e0HAE9x6pG03tKaOfX3dXR /link/get 컨텍스트저장 UKey:''
2023/06/13 16:06:39 [TRACE] lQeFpJ6jYsmatbzXUbzAkm ----------------------------------------------------
2023/06/13 16:06:39 [TRACE] lQeFpJ6jYsmatbzXUbzAkm /FyqEF 토큰생성: 02b2dddb-22fb-4c24-bce8-f6a0152f9484
2023/06/13 16:06:39 [TRACE] lQeFpJ6jYsmatbzXUbzAkm 2024-06-07 00:00:00 +0700 +07
2023/06/13 16:06:39 [TRACE] lQeFpJ6jYsmatbzXUbzAkm ub.urlybud.aqua.castis.io 라이선스 정상
2023/06/13 16:06:39 [TRACE] lQeFpJ6jYsmatbzXUbzAkm FyqEF CheckExists()
2023/06/13 16:06:39 [TRACE] lQeFpJ6jYsmatbzXUbzAkm FyqEF CheckSecureLink()
2023/06/13 16:06:39 [TRACE] lQeFpJ6jYsmatbzXUbzAkm FyqEF CheckCount()
2023/06/13 16:06:39 [TRACE] lQeFpJ6jYsmatbzXUbzAkm FyqEF CheckExpire()
2023/06/13 16:06:39 [TRACE] lQeFpJ6jYsmatbzXUbzAkm FyqEF CheckAuth()
2023/06/13 16:06:39 [TRACE] lQeFpJ6jYsmatbzXUbzAkm FyqEF ServeLink()
2023/06/13 16:06:39 [TRACE] lQeFpJ6jYsmatbzXUbzAkm FyqEF Redirect()
2023/06/13 16:06:39 [TRACE] lQeFpJ6jYsmatbzXUbzAkm FyqEF GET 리다이렉트
2023/06/13 16:06:39 [TRACE] lQeFpJ6jYsmatbzXUbzAkm /FyqEF 컨텍스트저장 UKey:'FyqEF'
2023/06/13 16:06:40 [TRACE] 81wXXqVddoQ8PfoAxd3MFG /link/get 컨텍스트저장 UKey:''
2023/06/13 16:11:21 [TRACE] gy0mWjX6Rtv1NtItyEp8Mz /link/get 컨텍스트저장 UKey:''
2023/06/13 17:13:26 [TRACE] akx8jPlRDphhW8MGvRuCAX /link/get 컨텍스트저장 UKey:''
2023/06/13 17:15:00 [TRACE] bJZpNNBtB5mlDn77pDTpmQ /link/get 컨텍스트저장 UKey:''
2023/06/13 17:15:10 [TRACE] cylEZxLISBz3mcIkcm6PlI /link/get 컨텍스트저장 UKey:''
2023/06/13 17:15:15 [TRACE] ezO2WpQfnvahFFTCLRCSss ----------------------------------------------------
2023/06/13 17:15:15 [TRACE] ezO2WpQfnvahFFTCLRCSss /FyqEF 요청토큰: 669bd32c-4eea-44de-82ae-aa25c7cbceb6
2023/06/13 17:15:15 [TRACE] ezO2WpQfnvahFFTCLRCSss 2024-06-07 00:00:00 +0700 +07
2023/06/13 17:15:15 [TRACE] ezO2WpQfnvahFFTCLRCSss ub.urlybud.aqua.castis.io 라이선스 정상
2023/06/13 17:15:15 [TRACE] ezO2WpQfnvahFFTCLRCSss FyqEF CheckExists()
2023/06/13 17:15:15 [TRACE] ezO2WpQfnvahFFTCLRCSss FyqEF CheckSecureLink()
2023/06/13 17:15:15 [TRACE] ezO2WpQfnvahFFTCLRCSss FyqEF CheckCount()
2023/06/13 17:15:15 [TRACE] ezO2WpQfnvahFFTCLRCSss FyqEF CheckExpire()
2023/06/13 17:15:15 [TRACE] ezO2WpQfnvahFFTCLRCSss FyqEF CheckAuth()
2023/06/13 17:15:15 [TRACE] ezO2WpQfnvahFFTCLRCSss FyqEF ServeLink()
2023/06/13 17:15:15 [TRACE] ezO2WpQfnvahFFTCLRCSss FyqEF Redirect()
2023/06/13 17:15:15 [TRACE] ezO2WpQfnvahFFTCLRCSss FyqEF GET 리다이렉트
2023/06/13 17:15:15 [TRACE] ezO2WpQfnvahFFTCLRCSss /FyqEF 컨텍스트저장 UKey:'FyqEF'
2023/06/13 17:15:17 [TRACE] fn4YTlpxViBaoNddFXEBIA /link/get 컨텍스트저장 UKey:''
2023/06/13 17:15:26 [TRACE] dkBCvfAUPUL2MrCXkh5nuQ /link/set 컨텍스트저장 UKey:'ebKUG'
2023/06/13 17:15:56 [TRACE] 5RBNQ4OLJ9n14XqZtCaH3S ----------------------------------------------------
2023/06/13 17:15:56 [TRACE] 5RBNQ4OLJ9n14XqZtCaH3S /FyqEF 요청토큰: 669bd32c-4eea-44de-82ae-aa25c7cbceb6
2023/06/13 17:15:56 [TRACE] 5RBNQ4OLJ9n14XqZtCaH3S 2024-06-07 00:00:00 +0700 +07
2023/06/13 17:15:56 [TRACE] 5RBNQ4OLJ9n14XqZtCaH3S ub.urlybud.aqua.castis.io 라이선스 정상
2023/06/13 17:15:56 [TRACE] 5RBNQ4OLJ9n14XqZtCaH3S FyqEF CheckExists()
2023/06/13 17:15:56 [TRACE] 5RBNQ4OLJ9n14XqZtCaH3S FyqEF CheckSecureLink()
2023/06/13 17:15:56 [TRACE] 5RBNQ4OLJ9n14XqZtCaH3S FyqEF CheckCount()
2023/06/13 17:15:56 [TRACE] 5RBNQ4OLJ9n14XqZtCaH3S FyqEF CheckExpire()
2023/06/13 17:15:56 [TRACE] 5RBNQ4OLJ9n14XqZtCaH3S FyqEF CheckAuth()
2023/06/13 17:15:56 [TRACE] 5RBNQ4OLJ9n14XqZtCaH3S FyqEF ServeLink()
2023/06/13 17:15:56 [TRACE] 5RBNQ4OLJ9n14XqZtCaH3S FyqEF Redirect()
2023/06/13 17:15:56 [TRACE] 5RBNQ4OLJ9n14XqZtCaH3S FyqEF GET 리다이렉트
2023/06/13 17:15:56 [TRACE] 5RBNQ4OLJ9n14XqZtCaH3S /FyqEF 컨텍스트저장 UKey:'FyqEF'
2023/06/13 17:15:57 [TRACE] kL3RRMKXJS5cNKkfQcHcj2 /link/get 컨텍스트저장 UKey:''
2023/06/13 17:17:10 [TRACE] fbQnLbpXadf3yXWpgiddtn /link/get 컨텍스트저장 UKey:''
2023/06/13 17:17:12 [TRACE] 6yLZL51DEkD9BOPosrq8K6 /link/get 컨텍스트저장 UKey:''
2023/06/13 17:17:45 [TRACE] lLWtIludtBZjaTJZMaLRMQ /link/get 컨텍스트저장 UKey:''
2023/06/13 17:17:55 [TRACE] 9fkeuywGAw21O2fCdswi52 /link/get 컨텍스트저장 UKey:''
2023/06/13 17:18:12 [TRACE] iEtzPbFRgG7kHjmcNf1TjJ /link/get 컨텍스트저장 UKey:''
2023/06/13 17:18:35 [TRACE] 407PVZND5OJjHdGJyAlz3S /link/get 컨텍스트저장 UKey:''
2023/06/13 17:18:41 [TRACE] jalPTl1nZUi7LgT56YEgnG /link/get 컨텍스트저장 UKey:''
2023/06/13 17:18:49 [TRACE] 9amuE4mzds0jWCFlmLS3kL /link/get 컨텍스트저장 UKey:''
2023/06/13 17:19:33 [TRACE] 2M4CKBC1hQGhD82T45G6dv ----------------------------------------------------
2023/06/13 17:19:33 [TRACE] 2M4CKBC1hQGhD82T45G6dv /gdr0Y 토큰생성: 4baa3c73-9bfe-4bec-8b70-db3b68f0ded9
2023/06/13 17:19:33 [TRACE] 2M4CKBC1hQGhD82T45G6dv 2024-06-07 00:00:00 +0700 +07
2023/06/13 17:19:33 [TRACE] 2M4CKBC1hQGhD82T45G6dv ub.urlybud.aqua.castis.io 라이선스 정상
2023/06/13 17:19:33 [TRACE] 2M4CKBC1hQGhD82T45G6dv gdr0Y CheckExists()
2023/06/13 17:19:33 [TRACE] 2M4CKBC1hQGhD82T45G6dv gdr0Y CheckSecureLink()
2023/06/13 17:19:33 [TRACE] 2M4CKBC1hQGhD82T45G6dv gdr0Y CheckCount()
2023/06/13 17:19:33 [TRACE] 2M4CKBC1hQGhD82T45G6dv gdr0Y CheckExpire()
2023/06/13 17:19:33 [TRACE] 2M4CKBC1hQGhD82T45G6dv gdr0Y CheckAuth()
2023/06/13 17:19:33 [TRACE] 2M4CKBC1hQGhD82T45G6dv gdr0Y ServeLink()
2023/06/13 17:19:33 [TRACE] 2M4CKBC1hQGhD82T45G6dv gdr0Y Redirect()
2023/06/13 17:19:33 [TRACE] 2M4CKBC1hQGhD82T45G6dv gdr0Y GET 리다이렉트
2023/06/13 17:19:33 [TRACE] 2M4CKBC1hQGhD82T45G6dv /gdr0Y 컨텍스트저장 UKey:'gdr0Y'
2023/06/13 17:19:34 [TRACE] 85rtdf0EHGFh0wYPvFlJc6 /link/get 컨텍스트저장 UKey:''
2023/06/13 17:24:04 [TRACE] 4BXUmu6pFsTbWHDASuGXfk /link/get 컨텍스트저장 UKey:''
2023/06/13 17:25:21 [TRACE] 7SMpqSDRzwZbuo7H3s9vtb /link/get 컨텍스트저장 UKey:''
2023/06/13 17:25:59 [TRACE] 8B3yODZKnqleAJbGPLhnKF /link/get 컨텍스트저장 UKey:''
2023/06/13 17:26:25 [TRACE] ehXDSfK0yXPe76nKfkCPiU /link/get 컨텍스트저장 UKey:''
2023/06/13 17:27:55 [TRACE] 6oznjItcuLwbcXucE72ffO /link/get 컨텍스트저장 UKey:''
2023/06/13 17:31:46 [TRACE] 5mG1oi6qc30ksqbPmn9oi5 ----------------------------------------------------
2023/06/13 17:31:46 [TRACE] 5mG1oi6qc30ksqbPmn9oi5 /Bv4pc 요청토큰: 669bd32c-4eea-44de-82ae-aa25c7cbceb6
2023/06/13 17:31:46 [TRACE] 5mG1oi6qc30ksqbPmn9oi5 2024-06-07 00:00:00 +0700 +07
2023/06/13 17:31:46 [TRACE] 5mG1oi6qc30ksqbPmn9oi5 ub.urlybud.aqua.castis.io 라이선스 정상
2023/06/13 17:31:46 [TRACE] 5mG1oi6qc30ksqbPmn9oi5 Bv4pc CheckExists()
2023/06/13 17:31:46 [TRACE] 5mG1oi6qc30ksqbPmn9oi5 Bv4pc CheckSecureLink()
2023/06/13 17:31:46 [TRACE] 5mG1oi6qc30ksqbPmn9oi5 Bv4pc CheckCount()
2023/06/13 17:31:46 [TRACE] 5mG1oi6qc30ksqbPmn9oi5 Bv4pc CheckExpire()
2023/06/13 17:31:46 [TRACE] 5mG1oi6qc30ksqbPmn9oi5 Bv4pc CheckAuth()
2023/06/13 17:31:46 [TRACE] 5mG1oi6qc30ksqbPmn9oi5 Bv4pc ServeLink()
2023/06/13 17:31:46 [TRACE] 5mG1oi6qc30ksqbPmn9oi5 Bv4pc Redirect()
2023/06/13 17:31:46 [TRACE] 5mG1oi6qc30ksqbPmn9oi5 Bv4pc GET 리다이렉트
2023/06/13 17:31:46 [TRACE] 5mG1oi6qc30ksqbPmn9oi5 /Bv4pc 컨텍스트저장 UKey:'Bv4pc'
2023/06/13 17:31:47 [TRACE] 9WD51L4lhOc6NeDgV6NRxo /link/get 컨텍스트저장 UKey:''
2023/06/13 17:54:54 [TRACE] kwdfb48cSHDhquDtDSyca2 ----------------------------------------------------
2023/06/13 17:54:54 [TRACE] kwdfb48cSHDhquDtDSyca2 /FyqEF 요청토큰: 669bd32c-4eea-44de-82ae-aa25c7cbceb6
2023/06/13 17:54:54 [TRACE] kwdfb48cSHDhquDtDSyca2 2024-06-07 00:00:00 +0700 +07
2023/06/13 17:54:54 [TRACE] kwdfb48cSHDhquDtDSyca2 ub.urlybud.aqua.castis.io 라이선스 정상
2023/06/13 17:54:54 [TRACE] kwdfb48cSHDhquDtDSyca2 FyqEF CheckExists()
2023/06/13 17:54:54 [TRACE] kwdfb48cSHDhquDtDSyca2 FyqEF CheckSecureLink()
2023/06/13 17:54:54 [TRACE] kwdfb48cSHDhquDtDSyca2 FyqEF CheckCount()
2023/06/13 17:54:54 [TRACE] kwdfb48cSHDhquDtDSyca2 FyqEF CheckExpire()
2023/06/13 17:54:54 [TRACE] kwdfb48cSHDhquDtDSyca2 FyqEF CheckAuth()
2023/06/13 17:54:54 [TRACE] kwdfb48cSHDhquDtDSyca2 FyqEF ServeLink()
2023/06/13 17:54:54 [TRACE] kwdfb48cSHDhquDtDSyca2 FyqEF Redirect()
2023/06/13 17:54:54 [TRACE] kwdfb48cSHDhquDtDSyca2 FyqEF GET 리다이렉트
2023/06/13 17:54:54 [TRACE] kwdfb48cSHDhquDtDSyca2 /FyqEF 컨텍스트저장 UKey:'FyqEF'
2023/06/13 17:54:56 [TRACE] 4TqTLHuzhLqe4H7hp2oRmG /link/get 컨텍스트저장 UKey:''
2023/06/13 17:55:06 [TRACE] 14t2XCWMPSJl0ayOXVlLsH /link/get 컨텍스트저장 UKey:''
2023/06/13 17:58:48 [TRACE] avVwhy3u8hqlB0hYX5f47p /link/get 컨텍스트저장 UKey:''
2023/06/13 18:00:57 [TRACE] e2KSokD4ExN4K91HOPvJQj /link/get 컨텍스트저장 UKey:''
2023/06/13 18:02:05 [TRACE] lmBk9vm0qgHfkBi3hWi2O6 /link/get 컨텍스트저장 UKey:''
2023/06/13 18:03:23 [TRACE] kUWmLV5bfxy69xmZzBBpBT /link/get 컨텍스트저장 UKey:''
2023/06/13 18:14:11 [TRACE] iXiLSSVy7iNlR3238nejM7 /link/get 컨텍스트저장 UKey:''
2023/06/13 18:40:01 [TRACE] iGAPFgI7IcN7rjyphNs0CA /link/get 컨텍스트저장 UKey:''
2023/06/13 18:51:35 [TRACE] c2FeaBwsDJo7K7U2MtQjKb ----------------------------------------------------
2023/06/13 18:51:35 [TRACE] c2FeaBwsDJo7K7U2MtQjKb /3dg323 요청토큰: 5fdd4f5a-e321-4a9e-a2d9-2e403f5846d4
2023/06/13 18:51:35 [TRACE] c2FeaBwsDJo7K7U2MtQjKb 2024-06-07 00:00:00 +0700 +07
2023/06/13 18:51:35 [TRACE] c2FeaBwsDJo7K7U2MtQjKb ub.urlybud.aqua.castis.io 라이선스 정상
2023/06/13 18:51:35 [TRACE] c2FeaBwsDJo7K7U2MtQjKb 3dg323 CheckExists()
2023/06/13 18:51:35 [TRACE] c2FeaBwsDJo7K7U2MtQjKb 3dg323 링크를 찾을 수 없음
2023/06/13 18:51:35 [TRACE] c2FeaBwsDJo7K7U2MtQjKb ExpectedError() Code:B404 Param:[]
2023/06/13 18:51:35 [TRACE] c2FeaBwsDJo7K7U2MtQjKb /3dg323 컨텍스트저장 UKey:'3dg323'
