2023/08/01 09:08:25 [TRACE] gZAQBduJIupeQKwNnZZ8B1 /link/get 컨텍스트저장 UKey:'PGOC3'
2023/08/01 09:08:31 [TRACE] gPwe72KyZPM28YLh5rW45I ----------------------------------------------------
2023/08/01 09:08:31 [TRACE] gPwe72KyZPM28YLh5rW45I /PGOC3 토큰생성: c80b0238-4f90-47db-9522-bba0daee92da
2023/08/01 09:08:31 [TRACE] gPwe72KyZPM28YLh5rW45I 2024-06-07 00:00:00 +0700 +07
2023/08/01 09:08:31 [TRACE] gPwe72KyZPM28YLh5rW45I ub.urlybud.aqua.castis.io 라이선스 정상
2023/08/01 09:08:31 [TRACE] gPwe72KyZPM28YLh5rW45I PGOC3 CheckExists()
2023/08/01 09:08:31 [TRACE] gPwe72KyZPM28YLh5rW45I PGOC3 CheckSecureLink()
2023/08/01 09:08:31 [TRACE] gPwe72KyZPM28YLh5rW45I PGOC3 CheckCount()
2023/08/01 09:08:31 [TRACE] gPwe72KyZPM28YLh5rW45I PGOC3 CheckExpire()
2023/08/01 09:08:31 [TRACE] gPwe72KyZPM28YLh5rW45I PGOC3 CheckAuth()
2023/08/01 09:08:31 [TRACE] gPwe72KyZPM28YLh5rW45I PGOC3 ServeLink()
2023/08/01 09:08:31 [TRACE] gPwe72KyZPM28YLh5rW45I PGOC3 Redirect()
2023/08/01 09:08:31 [TRACE] gPwe72KyZPM28YLh5rW45I PGOC3 GET 리다이렉트
2023/08/01 09:08:31 [TRACE] gPwe72KyZPM28YLh5rW45I /PGOC3 컨텍스트저장 UKey:'PGOC3'
2023/08/01 09:08:31 [TRACE] euiRpefxuJ3f5rKWzdxhfS /link/get 컨텍스트저장 UKey:'54d0g'
2023/08/01 09:08:32 [TRACE] yTH2WPZNUYlcQwyzLyghS ----------------------------------------------------
2023/08/01 09:08:32 [TRACE] yTH2WPZNUYlcQwyzLyghS /PGOC3 요청토큰: 2b6cd843-3dd1-4d5e-b54a-c2a8bda628d5
2023/08/01 09:08:32 [TRACE] yTH2WPZNUYlcQwyzLyghS 2024-06-07 00:00:00 +0700 +07
2023/08/01 09:08:32 [TRACE] yTH2WPZNUYlcQwyzLyghS ub.urlybud.aqua.castis.io 라이선스 정상
2023/08/01 09:08:32 [TRACE] yTH2WPZNUYlcQwyzLyghS PGOC3 CheckExists()
2023/08/01 09:08:32 [TRACE] yTH2WPZNUYlcQwyzLyghS PGOC3 CheckSecureLink()
2023/08/01 09:08:32 [TRACE] yTH2WPZNUYlcQwyzLyghS PGOC3 CheckCount()
2023/08/01 09:08:32 [TRACE] yTH2WPZNUYlcQwyzLyghS PGOC3 CheckExpire()
2023/08/01 09:08:32 [TRACE] yTH2WPZNUYlcQwyzLyghS PGOC3 CheckAuth()
2023/08/01 09:08:32 [TRACE] yTH2WPZNUYlcQwyzLyghS PGOC3 ServeLink()
2023/08/01 09:08:32 [TRACE] yTH2WPZNUYlcQwyzLyghS PGOC3 Redirect()
2023/08/01 09:08:32 [TRACE] yTH2WPZNUYlcQwyzLyghS PGOC3 GET 리다이렉트
2023/08/01 09:08:32 [TRACE] yTH2WPZNUYlcQwyzLyghS /PGOC3 컨텍스트저장 UKey:'PGOC3'
2023/08/01 09:09:35 [TRACE] 5AzuLlfq93Ajb7rMKqsgs8 /link/get 컨텍스트저장 UKey:'PGOC3'
2023/08/01 09:12:09 [TRACE] dFDGe7ovTdPh7PONqyZQpO /link/get 컨텍스트저장 UKey:'97zOW'
2023/08/01 09:12:22 [TRACE] d9P3cp1m6W2lWtcHtu4msR /link/get 컨텍스트저장 UKey:'WMPtU'
2023/08/01 09:14:12 [TRACE] 1koe2Ye3ePY7r6pMfXA2n0 /link/get 컨텍스트저장 UKey:'HAcFv'
2023/08/01 09:14:29 [TRACE] 9hJ7nVElllbaMpABMkx4YO /link/get 컨텍스트저장 UKey:'XNFJ2'
2023/08/01 09:14:36 [TRACE] fiWPS93LcNshx0m4LNoB9k /link/set 컨텍스트저장 UKey:'XNG0a'
2023/08/01 09:14:43 [TRACE] aCM6X8MeSMa9ZduFv8DUfS /link/get 컨텍스트저장 UKey:'IB2IM'
2023/08/01 09:14:54 [TRACE] frxkIqHs6dq7W04THehxcp /link/get 컨텍스트저장 UKey:'WMPtU'
2023/08/01 09:15:04 [TRACE] Fue1YEh1O5a6rdj2jVhSD /link/get 컨텍스트저장 UKey:'HAcFv'
2023/08/01 09:15:38 [TRACE] f3HlNOu6PXc7tv8nrIF33f /link/get 컨텍스트저장 UKey:'HAcFv'
2023/08/01 09:23:03 [TRACE] aNTNIzGsOWt5fJxlIwg2lo /link/get 컨텍스트저장 UKey:'WMPtU'
2023/08/01 09:23:12 [TRACE] 5tBf1tIlGJhcdIaVcX9YYq /link/get 컨텍스트저장 UKey:'HAcFv'
2023/08/01 09:23:18 [TRACE] lHwJRSBLCJNcSKtTb88cc2 /link/get 컨텍스트저장 UKey:'WMPtU'
2023/08/01 09:23:24 [TRACE] 2w64frAeNS59DNReIEn2Rj /link/get 컨텍스트저장 UKey:'WMPtU'
2023/08/01 09:23:34 [TRACE] Leo60S4aUJlzh2ekzzdve /link/get 컨텍스트저장 UKey:'WMPtU'
2023/08/01 09:23:54 [TRACE] cbTlCNz0BUqdV66hSvHYPc /link/get 컨텍스트저장 UKey:'HAcFv'
2023/08/01 09:24:12 [TRACE] 14esFzvbU1w1tmJ9MCiAB0 /link/get 컨텍스트저장 UKey:'WMPtU'
2023/08/01 09:24:24 [TRACE] lp7aiGEVGl68zBPpLVTZ7S /link/get 컨텍스트저장 UKey:'WMPtU'
2023/08/01 09:25:57 [TRACE] giIbIzUNLYodGdvLRBs0H6 /link/get 컨텍스트저장 UKey:'WMPtU'
2023/08/01 09:25:57 [TRACE] 2ieefhLqIX6iGp12MMwjyp /link/get 컨텍스트저장 UKey:'54d0g'
2023/08/01 09:26:17 [TRACE] bpdfOWzDiUn3jtHpetS4pK /link/get 컨텍스트저장 UKey:'WMPtU'
2023/08/01 09:26:24 [TRACE] gRMeMoQ9kCjOUeARpmoJD /link/get 컨텍스트저장 UKey:'54d0g'
2023/08/01 09:26:30 [TRACE] QjC2pWEEq33KPhKOKARz7 /link/get 컨텍스트저장 UKey:'WMPtU'
2023/08/01 09:26:36 [TRACE] joMxJVuiKSpfxVdutwgLL9 /link/get 컨텍스트저장 UKey:'WMPtU'
2023/08/01 09:27:05 [TRACE] 2jbxrWb9k1CfYAYDA7A8X5 /link/get 컨텍스트저장 UKey:'WMPtU'
2023/08/01 09:27:12 [TRACE] 25JfR0hIOJhcTSoH2DFYAs /link/get 컨텍스트저장 UKey:'54d0g'
2023/08/01 09:27:13 [TRACE] 8sxQfbVGVQV3QIJ775nnEM /link/get 컨텍스트저장 UKey:'WMPtU'
2023/08/01 09:27:16 [TRACE] aEjHMqeRTFhlbl0NXw1VuT /link/get 컨텍스트저장 UKey:'54d0g'
2023/08/01 09:27:46 [TRACE] fbnYM8NrP36kTSrJ28elVQ /link/get 컨텍스트저장 UKey:'54d0g'
2023/08/01 09:27:46 [TRACE] 6lKJfVO3GUgbFfXv9GhyyH /link/get 컨텍스트저장 UKey:'WMPtU'
2023/08/01 09:27:53 [TRACE] h68bwcH4raZ8iaw8tfZB7r /link/get 컨텍스트저장 UKey:'WMPtU'
2023/08/01 09:28:13 [TRACE] kmZUcbJEUrl2XNgsnG1JjW /link/get 컨텍스트저장 UKey:'WMPtU'
2023/08/01 09:28:19 [TRACE] 5KrZjIg00EOfCAfWxosZJC /link/get 컨텍스트저장 UKey:'54d0g'
2023/08/01 09:28:45 [TRACE] lmFCcz78JE6cpEzSz3FMX4 /link/get 컨텍스트저장 UKey:'WMPtU'
2023/08/01 09:28:49 [TRACE] iU0559Hwuyrl37iwFBhQ8y /link/get 컨텍스트저장 UKey:'HAcFv'
2023/08/01 09:30:20 [TRACE] iNQJLywAlQgbUUnkz9nKru ----------------------------------------------------
2023/08/01 09:30:20 [TRACE] iNQJLywAlQgbUUnkz9nKru /XNG0a 요청토큰: caec1689-70cf-4c6f-8805-be54273b3f01
2023/08/01 09:30:20 [TRACE] iNQJLywAlQgbUUnkz9nKru 2024-06-07 00:00:00 +0700 +07
2023/08/01 09:30:20 [TRACE] iNQJLywAlQgbUUnkz9nKru ub.urlybud.aqua.castis.io 라이선스 정상
2023/08/01 09:30:20 [TRACE] iNQJLywAlQgbUUnkz9nKru XNG0a CheckExists()
2023/08/01 09:30:20 [TRACE] iNQJLywAlQgbUUnkz9nKru XNG0a CheckSecureLink()
2023/08/01 09:30:20 [TRACE] iNQJLywAlQgbUUnkz9nKru XNG0a CheckCount()
2023/08/01 09:30:20 [TRACE] iNQJLywAlQgbUUnkz9nKru XNG0a CheckExpire()
2023/08/01 09:30:20 [TRACE] iNQJLywAlQgbUUnkz9nKru XNG0a CheckAuth()
2023/08/01 09:30:20 [TRACE] iNQJLywAlQgbUUnkz9nKru XNG0a ServeLink()
2023/08/01 09:30:20 [TRACE] iNQJLywAlQgbUUnkz9nKru XNG0a Redirect()
2023/08/01 09:30:20 [TRACE] iNQJLywAlQgbUUnkz9nKru XNG0a GET 리다이렉트
2023/08/01 09:30:20 [TRACE] iNQJLywAlQgbUUnkz9nKru /XNG0a 컨텍스트저장 UKey:'XNG0a'
2023/08/01 09:31:11 [TRACE] 3x5dXcWd6HX5miklQQqEYN /link/get 컨텍스트저장 UKey:'WMPtU'
2023/08/01 09:31:38 [TRACE] 1dpdyyyfjaX5IKZFbm20e9 /link/get 컨텍스트저장 UKey:'WMPtU'
2023/08/01 09:31:41 [TRACE] bLXa69aAckG8mgdq2X8lo2 /link/get 컨텍스트저장 UKey:'WMPtU'
2023/08/01 09:33:34 [TRACE] gKUyr14oBkO5MVpiHZfSzz /link/get 컨텍스트저장 UKey:'WMPtU'
2023/08/01 09:33:44 [TRACE] cjpIGUSMIZkiQNXYjJMA2N /link/get 컨텍스트저장 UKey:'WMPtU'
2023/08/01 09:33:44 [TRACE] dqnBYgL3yJ71tErwMgU4Xw /link/get 컨텍스트저장 UKey:'WMPtU'
2023/08/01 09:34:30 [TRACE] evclMYc9NRi4Gg0k0tQtNR /link/get 컨텍스트저장 UKey:'54d0g'
2023/08/01 09:34:39 [TRACE] eFZ8uvWRE4Ki7rVQkKxpE2 /link/get 컨텍스트저장 UKey:'WMPtU'
2023/08/01 09:35:32 [TRACE] 3eqHgxqsFO2bgSeZhomoMp /link/get 컨텍스트저장 UKey:'HAcFv'
2023/08/01 09:36:17 [TRACE] jZHaOd8tkBWfvvkM1Wx7Iu /link/get 컨텍스트저장 UKey:'54d0g'
2023/08/01 09:36:48 [TRACE] 6mF1jQomCbegFxDMPYey7w /link/get 컨텍스트저장 UKey:'54d0g'
2023/08/01 09:37:14 [TRACE] kclROgPwD256s1w3MUSM0M /link/get 컨텍스트저장 UKey:'njj9e'
2023/08/01 09:37:16 [TRACE] f5hohwIZZWL3py6r3qTKtE /link/get 컨텍스트저장 UKey:'54d0g'
2023/08/01 09:37:46 [TRACE] kZrnjmpePcu1NBwnENWLDK /link/get 컨텍스트저장 UKey:'54d0g'
2023/08/01 09:37:52 [TRACE] 8xvMphCfMZ7fHYd9dhiYh0 /link/get 컨텍스트저장 UKey:'54d0g'
2023/08/01 09:38:26 [TRACE] bVLuov0Dyvo5cOTMsNKlSe /link/get 컨텍스트저장 UKey:'54d0g'
2023/08/01 09:39:09 [TRACE] iD5lKtRLAmWgPZSPHyTtji /link/get 컨텍스트저장 UKey:'54d0g'
2023/08/01 09:39:15 [TRACE] c7rUJU3dAdd68dvDjyHXWr /link/get 컨텍스트저장 UKey:'54d0g'
2023/08/01 09:39:33 [TRACE] 6NvoD2lIy56iLAgoPatwzp /link/get 컨텍스트저장 UKey:'54d0g'
2023/08/01 09:39:38 [TRACE] hpU1tvxWQFQkULnVJkdpOt /link/get 컨텍스트저장 UKey:'54d0g'
2023/08/01 09:39:41 [TRACE] atfEZSv0Hoo22j8qbJFU9e /link/set 컨텍스트저장 UKey:'NFfYP'
2023/08/01 09:39:53 [TRACE] cJZ5Jhcv5oorPK2DTmAmC /link/get 컨텍스트저장 UKey:'WMPtU'
2023/08/01 09:40:01 [TRACE] 9Dkr6V4YLWDkBoptFo96CL /link/get 컨텍스트저장 UKey:'WMPtU'
2023/08/01 09:40:09 [TRACE] kflUBLkzRYSl1AKFErbtE0 ----------------------------------------------------
2023/08/01 09:40:09 [TRACE] kflUBLkzRYSl1AKFErbtE0 /NFfYP 요청토큰: caec1689-70cf-4c6f-8805-be54273b3f01
2023/08/01 09:40:09 [TRACE] kflUBLkzRYSl1AKFErbtE0 2024-06-07 00:00:00 +0700 +07
2023/08/01 09:40:09 [TRACE] kflUBLkzRYSl1AKFErbtE0 ub.urlybud.aqua.castis.io 라이선스 정상
2023/08/01 09:40:09 [TRACE] kflUBLkzRYSl1AKFErbtE0 NFfYP CheckExists()
2023/08/01 09:40:09 [TRACE] kflUBLkzRYSl1AKFErbtE0 NFfYP CheckSecureLink()
2023/08/01 09:40:09 [TRACE] kflUBLkzRYSl1AKFErbtE0 NFfYP CheckCount()
2023/08/01 09:40:09 [TRACE] kflUBLkzRYSl1AKFErbtE0 NFfYP CheckExpire()
2023/08/01 09:40:09 [TRACE] kflUBLkzRYSl1AKFErbtE0 NFfYP CheckAuth()
2023/08/01 09:40:09 [TRACE] kflUBLkzRYSl1AKFErbtE0 NFfYP ServeLink()
2023/08/01 09:40:09 [TRACE] kflUBLkzRYSl1AKFErbtE0 NFfYP Redirect()
2023/08/01 09:40:09 [TRACE] kflUBLkzRYSl1AKFErbtE0 NFfYP GET 리다이렉트
2023/08/01 09:40:09 [TRACE] kflUBLkzRYSl1AKFErbtE0 /NFfYP 컨텍스트저장 UKey:'NFfYP'
2023/08/01 09:40:20 [TRACE] aFELQdnZqe8gblRjkRsRvo ----------------------------------------------------
2023/08/01 09:40:20 [TRACE] aFELQdnZqe8gblRjkRsRvo /NFfYP 요청토큰: caec1689-70cf-4c6f-8805-be54273b3f01
2023/08/01 09:40:20 [TRACE] aFELQdnZqe8gblRjkRsRvo 2024-06-07 00:00:00 +0700 +07
2023/08/01 09:40:20 [TRACE] aFELQdnZqe8gblRjkRsRvo ub.urlybud.aqua.castis.io 라이선스 정상
2023/08/01 09:40:20 [TRACE] aFELQdnZqe8gblRjkRsRvo NFfYP CheckExists()
2023/08/01 09:40:20 [TRACE] aFELQdnZqe8gblRjkRsRvo NFfYP CheckSecureLink()
2023/08/01 09:40:20 [TRACE] aFELQdnZqe8gblRjkRsRvo NFfYP CheckCount()
2023/08/01 09:40:20 [TRACE] aFELQdnZqe8gblRjkRsRvo NFfYP CheckExpire()
2023/08/01 09:40:20 [TRACE] aFELQdnZqe8gblRjkRsRvo NFfYP CheckAuth()
2023/08/01 09:40:20 [TRACE] aFELQdnZqe8gblRjkRsRvo NFfYP ServeLink()
2023/08/01 09:40:20 [TRACE] aFELQdnZqe8gblRjkRsRvo NFfYP Redirect()
2023/08/01 09:40:20 [TRACE] aFELQdnZqe8gblRjkRsRvo NFfYP GET 리다이렉트
2023/08/01 09:40:20 [TRACE] aFELQdnZqe8gblRjkRsRvo /NFfYP 컨텍스트저장 UKey:'NFfYP'
2023/08/01 09:41:22 [TRACE] julrbcS3tNIgDb0oOPNJ6w /link/get 컨텍스트저장 UKey:'WMPtU'
2023/08/01 09:46:36 [TRACE] dJt40kB7WeCe7b4MH9cfZ0 /link/get 컨텍스트저장 UKey:'54d0g'
2023/08/01 09:46:36 [TRACE] cUfFoz94KKPgEYpzHVKUxN /link/get 컨텍스트저장 UKey:'WMPtU'
2023/08/01 09:48:00 [TRACE] 55bhxtWFtzba9LBVKsoiMH /link/get 컨텍스트저장 UKey:'54d0g'
2023/08/01 09:48:00 [TRACE] 5d1h2Tjw3S21ERwF4vytJX /link/get 컨텍스트저장 UKey:'WMPtU'
2023/08/01 09:48:11 [TRACE] 5apV2zAiFGfhOJQr2IPQXU /link/get 컨텍스트저장 UKey:'WMPtU'
2023/08/01 09:48:12 [TRACE] 6Zf3XGM6j7WadaTKT2406c /link/get 컨텍스트저장 UKey:'54d0g'
2023/08/01 09:50:23 [TRACE] 1eXHRMzGPFubBeaBVBjQo3 /link/get 컨텍스트저장 UKey:'PGOC3'
2023/08/01 09:50:42 [TRACE] 8dxVrqlW3uhmoEttg2SPz /link/get 컨텍스트저장 UKey:'PGOC3'
2023/08/01 09:50:47 [TRACE] 83VTHbhVB3Y7ykqvf3zgBW /link/get 컨텍스트저장 UKey:'PGOC3'
2023/08/01 09:50:50 [TRACE] frx9jK0WzYn2RKQp3uclv8 /link/get 컨텍스트저장 UKey:'PGOC3'
2023/08/01 09:50:52 [TRACE] g2ju6rQGOzc9FWeNSgmpez /link/get 컨텍스트저장 UKey:'PGOC3'
2023/08/01 09:50:55 [TRACE] 3BSgNYJaXmfhOwuvmWqEnP /link/get 컨텍스트저장 UKey:'PGOC3'
2023/08/01 09:50:57 [TRACE] bftjgENf6BS64quZKkvf4L /link/get 컨텍스트저장 UKey:'PGOC3'
2023/08/01 09:50:59 [TRACE] hBpGfh73GuJip8JCAF5Hb8 /link/get 컨텍스트저장 UKey:'PGOC3'
2023/08/01 09:51:17 [TRACE] cG6ZKMw1KTHdmvL2EnloOG /link/get 컨텍스트저장 UKey:'HAcFv'
2023/08/01 09:53:03 [TRACE] 5vNXLBahwEg7qkRwHII373 /link/get 컨텍스트저장 UKey:'HAcFv'
2023/08/01 09:54:37 [TRACE] 9k1CaABczTp4mTMQsr0b1N /link/get 컨텍스트저장 UKey:'njj9e'
2023/08/01 09:55:59 [TRACE] 2ME3hsvCMaHb5ddy7SbbHB ----------------------------------------------------
2023/08/01 09:55:59 [TRACE] 2ME3hsvCMaHb5ddy7SbbHB /NFfYP 요청토큰: caec1689-70cf-4c6f-8805-be54273b3f01
2023/08/01 09:55:59 [TRACE] 2ME3hsvCMaHb5ddy7SbbHB 2024-06-07 00:00:00 +0700 +07
2023/08/01 09:55:59 [TRACE] 2ME3hsvCMaHb5ddy7SbbHB ub.urlybud.aqua.castis.io 라이선스 정상
2023/08/01 09:55:59 [TRACE] 2ME3hsvCMaHb5ddy7SbbHB NFfYP CheckExists()
2023/08/01 09:55:59 [TRACE] 2ME3hsvCMaHb5ddy7SbbHB NFfYP CheckSecureLink()
2023/08/01 09:55:59 [TRACE] 2ME3hsvCMaHb5ddy7SbbHB NFfYP CheckCount()
2023/08/01 09:55:59 [TRACE] 2ME3hsvCMaHb5ddy7SbbHB NFfYP CheckExpire()
2023/08/01 09:55:59 [TRACE] 2ME3hsvCMaHb5ddy7SbbHB NFfYP CheckAuth()
2023/08/01 09:55:59 [TRACE] 2ME3hsvCMaHb5ddy7SbbHB NFfYP ServeLink()
2023/08/01 09:55:59 [TRACE] 2ME3hsvCMaHb5ddy7SbbHB NFfYP Redirect()
2023/08/01 09:55:59 [TRACE] 2ME3hsvCMaHb5ddy7SbbHB NFfYP GET 리다이렉트
2023/08/01 09:55:59 [TRACE] 2ME3hsvCMaHb5ddy7SbbHB /NFfYP 컨텍스트저장 UKey:'NFfYP'
2023/08/01 09:56:40 [TRACE] lRCLCkg0KGX38vKdyG4Xe7 /link/get 컨텍스트저장 UKey:'NFfYP'
2023/08/01 09:59:23 [TRACE] hagyYRSzBH5ii011KgLVVD /link/get 컨텍스트저장 UKey:'HAcFv'
2023/08/01 09:59:45 [TRACE] 4zNGuCKCRzVbiZDXusMOG5 /link/set 컨텍스트저장 UKey:'IB2Yo'
2023/08/01 10:00:03 [TRACE] 9MJYDtIv9zY3XMu0PP530A ----------------------------------------------------
2023/08/01 10:00:03 [TRACE] 9MJYDtIv9zY3XMu0PP530A /IB2Yo 요청토큰: caec1689-70cf-4c6f-8805-be54273b3f01
2023/08/01 10:00:03 [TRACE] 9MJYDtIv9zY3XMu0PP530A 2024-06-07 00:00:00 +0700 +07
2023/08/01 10:00:03 [TRACE] 9MJYDtIv9zY3XMu0PP530A ub.urlybud.aqua.castis.io 라이선스 정상
2023/08/01 10:00:03 [TRACE] 9MJYDtIv9zY3XMu0PP530A IB2Yo CheckExists()
2023/08/01 10:00:03 [TRACE] 9MJYDtIv9zY3XMu0PP530A IB2Yo CheckSecureLink()
2023/08/01 10:00:03 [TRACE] 9MJYDtIv9zY3XMu0PP530A IB2Yo CheckCount()
2023/08/01 10:00:03 [TRACE] 9MJYDtIv9zY3XMu0PP530A IB2Yo CheckExpire()
2023/08/01 10:00:03 [TRACE] 9MJYDtIv9zY3XMu0PP530A IB2Yo CheckAuth()
2023/08/01 10:00:03 [TRACE] 9MJYDtIv9zY3XMu0PP530A IB2Yo ServeLink()
2023/08/01 10:00:03 [TRACE] 9MJYDtIv9zY3XMu0PP530A IB2Yo Redirect()
2023/08/01 10:00:03 [TRACE] 9MJYDtIv9zY3XMu0PP530A IB2Yo GET 리다이렉트
2023/08/01 10:00:03 [TRACE] 9MJYDtIv9zY3XMu0PP530A /IB2Yo 컨텍스트저장 UKey:'IB2Yo'
2023/08/01 10:00:04 [TRACE] gkEiJw3ZCIz88h2W0Ij5Q2 /link/get 컨텍스트저장 UKey:'IB2Yo'
2023/08/01 10:01:36 [TRACE] hxKOJ2cPRKv5VtJfwfdTv ----------------------------------------------------
2023/08/01 10:01:36 [TRACE] hxKOJ2cPRKv5VtJfwfdTv /IB2Yo 요청토큰: 669bd32c-4eea-44de-82ae-aa25c7cbceb6
2023/08/01 10:01:36 [TRACE] hxKOJ2cPRKv5VtJfwfdTv 2024-06-07 00:00:00 +0700 +07
2023/08/01 10:01:36 [TRACE] hxKOJ2cPRKv5VtJfwfdTv ub.urlybud.aqua.castis.io 라이선스 정상
2023/08/01 10:01:36 [TRACE] hxKOJ2cPRKv5VtJfwfdTv IB2Yo CheckExists()
2023/08/01 10:01:36 [TRACE] hxKOJ2cPRKv5VtJfwfdTv IB2Yo CheckSecureLink()
2023/08/01 10:01:36 [TRACE] hxKOJ2cPRKv5VtJfwfdTv IB2Yo CheckCount()
2023/08/01 10:01:36 [TRACE] hxKOJ2cPRKv5VtJfwfdTv IB2Yo CheckExpire()
2023/08/01 10:01:36 [TRACE] hxKOJ2cPRKv5VtJfwfdTv IB2Yo CheckAuth()
2023/08/01 10:01:36 [TRACE] hxKOJ2cPRKv5VtJfwfdTv IB2Yo ServeLink()
2023/08/01 10:01:36 [TRACE] hxKOJ2cPRKv5VtJfwfdTv IB2Yo Redirect()
2023/08/01 10:01:36 [TRACE] hxKOJ2cPRKv5VtJfwfdTv IB2Yo GET 리다이렉트
2023/08/01 10:01:36 [TRACE] hxKOJ2cPRKv5VtJfwfdTv /IB2Yo 컨텍스트저장 UKey:'IB2Yo'
2023/08/01 10:01:37 [TRACE] S44ROfO1egiIqbPzsIP6j /link/get 컨텍스트저장 UKey:'IB2Yo'
2023/08/01 10:02:15 [TRACE] a6CACVQuJ9BjygbMJ4mzqG /link/get 컨텍스트저장 UKey:'IB2Yo'
2023/08/01 10:02:35 [TRACE] cTsDhh3seCA5YIVcgOOSwy /link/get 컨텍스트저장 UKey:'IB2Yo'
2023/08/01 10:03:34 [TRACE] dMpWBrOnLq8kgNMef5TGlr /link/get 컨텍스트저장 UKey:'IB2Yo'
2023/08/01 10:06:12 [TRACE] lsJbYoxu8U5eTk0C5fI5ab /link/get 컨텍스트저장 UKey:'IB2Yo'
2023/08/01 10:11:59 [TRACE] chg0LSUmylS9YqKZ1qlhtI ----------------------------------------------------
2023/08/01 10:11:59 [TRACE] chg0LSUmylS9YqKZ1qlhtI /IB2Yo 요청토큰: caec1689-70cf-4c6f-8805-be54273b3f01
2023/08/01 10:11:59 [TRACE] chg0LSUmylS9YqKZ1qlhtI 2024-06-07 00:00:00 +0700 +07
2023/08/01 10:11:59 [TRACE] chg0LSUmylS9YqKZ1qlhtI ub.urlybud.aqua.castis.io 라이선스 정상
2023/08/01 10:11:59 [TRACE] chg0LSUmylS9YqKZ1qlhtI IB2Yo CheckExists()
2023/08/01 10:11:59 [TRACE] chg0LSUmylS9YqKZ1qlhtI IB2Yo CheckSecureLink()
2023/08/01 10:11:59 [TRACE] chg0LSUmylS9YqKZ1qlhtI IB2Yo CheckCount()
2023/08/01 10:11:59 [TRACE] chg0LSUmylS9YqKZ1qlhtI IB2Yo CheckExpire()
2023/08/01 10:11:59 [TRACE] chg0LSUmylS9YqKZ1qlhtI IB2Yo CheckAuth()
2023/08/01 10:11:59 [TRACE] chg0LSUmylS9YqKZ1qlhtI IB2Yo ServeLink()
2023/08/01 10:11:59 [TRACE] chg0LSUmylS9YqKZ1qlhtI IB2Yo Redirect()
2023/08/01 10:11:59 [TRACE] chg0LSUmylS9YqKZ1qlhtI IB2Yo GET 리다이렉트
2023/08/01 10:11:59 [TRACE] chg0LSUmylS9YqKZ1qlhtI /IB2Yo 컨텍스트저장 UKey:'IB2Yo'
2023/08/01 10:12:00 [TRACE] 20AGK8KV7z93NBoGPGPYHY /link/get 컨텍스트저장 UKey:'IB2Yo'
2023/08/01 10:13:07 [TRACE] l9caKTB5j43ctsaqRMZINt / 컨텍스트저장 UKey:'%!s(<nil>)'
2023/08/01 10:14:13 [TRACE] 4eLyEWL60bIdz5IeMw9v4g /link/get 컨텍스트저장 UKey:'NFfYP'
2023/08/01 10:14:20 [TRACE] 2Ld0MBdvA4JgWEGes0Xg79 /link/get 컨텍스트저장 UKey:'IB2Yo'
2023/08/01 10:16:37 [TRACE] dUOmIuamLqcRsUEutv7CH /link/get 컨텍스트저장 UKey:'IB2Yo'
2023/08/01 10:16:44 [TRACE] 4RpbECVHYgt9ROTWdBY3U8 /link/get 컨텍스트저장 UKey:'IB2Yo'
2023/08/01 10:18:49 [TRACE] fkeSOEDINbyaOW9vmzL0sv /link/get 컨텍스트저장 UKey:'IB2Yo'
2023/08/01 10:19:30 [TRACE] gk5Og7vQvh1586VIkA19r ----------------------------------------------------
2023/08/01 10:19:30 [TRACE] gk5Og7vQvh1586VIkA19r /PGOC3 요청토큰: 2b6cd843-3dd1-4d5e-b54a-c2a8bda628d5
2023/08/01 10:19:30 [TRACE] gk5Og7vQvh1586VIkA19r 2024-06-07 00:00:00 +0700 +07
2023/08/01 10:19:30 [TRACE] gk5Og7vQvh1586VIkA19r ub.urlybud.aqua.castis.io 라이선스 정상
2023/08/01 10:19:30 [TRACE] gk5Og7vQvh1586VIkA19r PGOC3 CheckExists()
2023/08/01 10:19:30 [TRACE] gk5Og7vQvh1586VIkA19r PGOC3 CheckSecureLink()
2023/08/01 10:19:30 [TRACE] gk5Og7vQvh1586VIkA19r PGOC3 CheckCount()
2023/08/01 10:19:30 [TRACE] gk5Og7vQvh1586VIkA19r PGOC3 CheckExpire()
2023/08/01 10:19:30 [TRACE] gk5Og7vQvh1586VIkA19r PGOC3 CheckAuth()
2023/08/01 10:19:30 [TRACE] gk5Og7vQvh1586VIkA19r PGOC3 ServeLink()
2023/08/01 10:19:30 [TRACE] gk5Og7vQvh1586VIkA19r PGOC3 Redirect()
2023/08/01 10:19:30 [TRACE] gk5Og7vQvh1586VIkA19r PGOC3 GET 리다이렉트
2023/08/01 10:19:30 [TRACE] gk5Og7vQvh1586VIkA19r /PGOC3 컨텍스트저장 UKey:'PGOC3'
2023/08/01 10:19:30 [TRACE] 3coD1EUNkZF2E7s5Z33FUO ----------------------------------------------------
2023/08/01 10:19:30 [TRACE] 3coD1EUNkZF2E7s5Z33FUO /PGOC3 요청토큰: 2b6cd843-3dd1-4d5e-b54a-c2a8bda628d5
2023/08/01 10:19:30 [TRACE] 3coD1EUNkZF2E7s5Z33FUO 2024-06-07 00:00:00 +0700 +07
2023/08/01 10:19:30 [TRACE] 3coD1EUNkZF2E7s5Z33FUO ub.urlybud.aqua.castis.io 라이선스 정상
2023/08/01 10:19:30 [TRACE] 3coD1EUNkZF2E7s5Z33FUO PGOC3 CheckExists()
2023/08/01 10:19:30 [TRACE] 3coD1EUNkZF2E7s5Z33FUO PGOC3 CheckSecureLink()
2023/08/01 10:19:30 [TRACE] 3coD1EUNkZF2E7s5Z33FUO PGOC3 CheckCount()
2023/08/01 10:19:30 [TRACE] 3coD1EUNkZF2E7s5Z33FUO PGOC3 CheckExpire()
2023/08/01 10:19:30 [TRACE] 3coD1EUNkZF2E7s5Z33FUO PGOC3 CheckAuth()
2023/08/01 10:19:30 [TRACE] 3coD1EUNkZF2E7s5Z33FUO PGOC3 ServeLink()
2023/08/01 10:19:30 [TRACE] 3coD1EUNkZF2E7s5Z33FUO PGOC3 Redirect()
2023/08/01 10:19:30 [TRACE] 3coD1EUNkZF2E7s5Z33FUO PGOC3 GET 리다이렉트
2023/08/01 10:19:30 [TRACE] 3coD1EUNkZF2E7s5Z33FUO /PGOC3 컨텍스트저장 UKey:'PGOC3'
2023/08/01 10:19:40 [TRACE] a89L9IogSSaq4vxtuCDg5 /link/get 컨텍스트저장 UKey:'IB2Yo'
2023/08/01 10:20:25 [TRACE] 52vm0GmSDOx3GZwOmAcYGD ----------------------------------------------------
2023/08/01 10:20:25 [TRACE] 52vm0GmSDOx3GZwOmAcYGD /PGOC3 요청토큰: c80b0238-4f90-47db-9522-bba0daee92da
2023/08/01 10:20:25 [TRACE] 52vm0GmSDOx3GZwOmAcYGD 2024-06-07 00:00:00 +0700 +07
2023/08/01 10:20:25 [TRACE] 52vm0GmSDOx3GZwOmAcYGD ub.urlybud.aqua.castis.io 라이선스 정상
2023/08/01 10:20:25 [TRACE] 52vm0GmSDOx3GZwOmAcYGD PGOC3 CheckExists()
2023/08/01 10:20:25 [TRACE] 52vm0GmSDOx3GZwOmAcYGD PGOC3 CheckSecureLink()
2023/08/01 10:20:25 [TRACE] 52vm0GmSDOx3GZwOmAcYGD PGOC3 CheckCount()
2023/08/01 10:20:25 [TRACE] 52vm0GmSDOx3GZwOmAcYGD PGOC3 CheckExpire()
2023/08/01 10:20:25 [TRACE] 52vm0GmSDOx3GZwOmAcYGD PGOC3 CheckAuth()
2023/08/01 10:20:25 [TRACE] 52vm0GmSDOx3GZwOmAcYGD PGOC3 ServeLink()
2023/08/01 10:20:25 [TRACE] 52vm0GmSDOx3GZwOmAcYGD PGOC3 Redirect()
2023/08/01 10:20:25 [TRACE] 52vm0GmSDOx3GZwOmAcYGD PGOC3 GET 리다이렉트
2023/08/01 10:20:25 [TRACE] 52vm0GmSDOx3GZwOmAcYGD /PGOC3 컨텍스트저장 UKey:'PGOC3'
2023/08/01 10:20:52 [TRACE] 6oSqQ7UM9HMkQRliQFDxIP ----------------------------------------------------
2023/08/01 10:20:52 [TRACE] 6oSqQ7UM9HMkQRliQFDxIP /PGOC3 토큰생성: c24003cb-352c-4597-bb64-1cb9cb24cbc8
2023/08/01 10:20:52 [TRACE] 6oSqQ7UM9HMkQRliQFDxIP 2024-06-07 00:00:00 +0700 +07
2023/08/01 10:20:52 [TRACE] 6oSqQ7UM9HMkQRliQFDxIP ub.urlybud.aqua.castis.io 라이선스 정상
2023/08/01 10:20:52 [TRACE] 6oSqQ7UM9HMkQRliQFDxIP PGOC3 CheckExists()
2023/08/01 10:20:52 [TRACE] 6oSqQ7UM9HMkQRliQFDxIP PGOC3 CheckSecureLink()
2023/08/01 10:20:52 [TRACE] 6oSqQ7UM9HMkQRliQFDxIP PGOC3 CheckCount()
2023/08/01 10:20:52 [TRACE] 6oSqQ7UM9HMkQRliQFDxIP PGOC3 CheckExpire()
2023/08/01 10:20:52 [TRACE] 6oSqQ7UM9HMkQRliQFDxIP PGOC3 CheckAuth()
2023/08/01 10:20:52 [TRACE] 6oSqQ7UM9HMkQRliQFDxIP PGOC3 ServeLink()
2023/08/01 10:20:52 [TRACE] 6oSqQ7UM9HMkQRliQFDxIP PGOC3 Redirect()
2023/08/01 10:20:52 [TRACE] 6oSqQ7UM9HMkQRliQFDxIP PGOC3 GET 리다이렉트
2023/08/01 10:20:52 [TRACE] 6oSqQ7UM9HMkQRliQFDxIP /PGOC3 컨텍스트저장 UKey:'PGOC3'
2023/08/01 10:20:58 [TRACE] gLcFJrgS5ZVdwk5cQfDzQg ----------------------------------------------------
2023/08/01 10:20:58 [TRACE] gLcFJrgS5ZVdwk5cQfDzQg /PGOC3 토큰생성: 8c28a842-155c-4492-9426-41cb3faec4f2
2023/08/01 10:20:58 [TRACE] gLcFJrgS5ZVdwk5cQfDzQg 2024-06-07 00:00:00 +0700 +07
2023/08/01 10:20:58 [TRACE] gLcFJrgS5ZVdwk5cQfDzQg ub.urlybud.aqua.castis.io 라이선스 정상
2023/08/01 10:20:58 [TRACE] gLcFJrgS5ZVdwk5cQfDzQg PGOC3 CheckExists()
2023/08/01 10:20:58 [TRACE] gLcFJrgS5ZVdwk5cQfDzQg PGOC3 CheckSecureLink()
2023/08/01 10:20:58 [TRACE] gLcFJrgS5ZVdwk5cQfDzQg PGOC3 CheckCount()
2023/08/01 10:20:58 [TRACE] gLcFJrgS5ZVdwk5cQfDzQg PGOC3 CheckExpire()
2023/08/01 10:20:58 [TRACE] gLcFJrgS5ZVdwk5cQfDzQg PGOC3 CheckAuth()
2023/08/01 10:20:58 [TRACE] gLcFJrgS5ZVdwk5cQfDzQg PGOC3 ServeLink()
2023/08/01 10:20:58 [TRACE] gLcFJrgS5ZVdwk5cQfDzQg PGOC3 Redirect()
2023/08/01 10:20:58 [TRACE] gLcFJrgS5ZVdwk5cQfDzQg PGOC3 GET 리다이렉트
2023/08/01 10:20:58 [TRACE] gLcFJrgS5ZVdwk5cQfDzQg /PGOC3 컨텍스트저장 UKey:'PGOC3'
2023/08/01 10:21:05 [TRACE] gRHCvycYfqf6ppMZWkj3cB /link/get 컨텍스트저장 UKey:'HAcFv'
2023/08/01 10:21:06 [TRACE] 8ifBrLzD7397ETGPLglR33 /link/get 컨텍스트저장 UKey:'54d0g'
2023/08/01 10:21:41 [TRACE] 7txoQwWwDeFef3upBTbYi /link/set 컨텍스트저장 UKey:'miwuy'
2023/08/01 10:22:46 [TRACE] bJ5E7W3NmUV2MFgzeLxob5 ----------------------------------------------------
2023/08/01 10:22:46 [TRACE] bJ5E7W3NmUV2MFgzeLxob5 /miwuy 요청토큰: caec1689-70cf-4c6f-8805-be54273b3f01
2023/08/01 10:22:46 [TRACE] bJ5E7W3NmUV2MFgzeLxob5 2024-06-07 00:00:00 +0700 +07
2023/08/01 10:22:46 [TRACE] bJ5E7W3NmUV2MFgzeLxob5 ub.urlybud.aqua.castis.io 라이선스 정상
2023/08/01 10:22:46 [TRACE] bJ5E7W3NmUV2MFgzeLxob5 miwuy CheckExists()
2023/08/01 10:22:46 [TRACE] bJ5E7W3NmUV2MFgzeLxob5 miwuy CheckSecureLink()
2023/08/01 10:22:46 [TRACE] bJ5E7W3NmUV2MFgzeLxob5 miwuy CheckCount()
2023/08/01 10:22:46 [TRACE] bJ5E7W3NmUV2MFgzeLxob5 miwuy CheckExpire()
2023/08/01 10:22:46 [TRACE] bJ5E7W3NmUV2MFgzeLxob5 miwuy CheckAuth()
2023/08/01 10:22:46 [TRACE] bJ5E7W3NmUV2MFgzeLxob5 miwuy ServeLink()
2023/08/01 10:22:46 [TRACE] bJ5E7W3NmUV2MFgzeLxob5 miwuy Redirect()
2023/08/01 10:22:46 [TRACE] bJ5E7W3NmUV2MFgzeLxob5 miwuy GET 리다이렉트
2023/08/01 10:22:46 [TRACE] bJ5E7W3NmUV2MFgzeLxob5 /miwuy 컨텍스트저장 UKey:'miwuy'
2023/08/01 10:22:57 [TRACE] 2TmtaDX2SwUjkf77QqM5xz /link/get 컨텍스트저장 UKey:'miwuy'
2023/08/01 10:23:49 [TRACE] 8NgCiQFCED24ponlZwNSeU /link/set 컨텍스트저장 UKey:'86JDq'
2023/08/01 10:23:49 [TRACE] 1Nhbx0yIo8772vkMGeNk3G /link/set 컨텍스트저장 UKey:'ExGbK'
2023/08/01 10:24:27 [TRACE] 64YPVtqD4Hgk7Fw9jfvGLw /link/get 컨텍스트저장 UKey:'ExGbk'
2023/08/01 10:24:38 [TRACE] 3YSAqE1fQMvcx4TDoFBrNI ----------------------------------------------------
2023/08/01 10:24:38 [TRACE] 3YSAqE1fQMvcx4TDoFBrNI /ExGbK 토큰생성: 7bbbd0f1-dd96-4537-b0a7-152a578cd1cb
2023/08/01 10:24:38 [TRACE] 3YSAqE1fQMvcx4TDoFBrNI 2024-06-07 00:00:00 +0700 +07
2023/08/01 10:24:38 [TRACE] 3YSAqE1fQMvcx4TDoFBrNI ub.urlybud.aqua.castis.io 라이선스 정상
2023/08/01 10:24:38 [TRACE] 3YSAqE1fQMvcx4TDoFBrNI ExGbK CheckExists()
2023/08/01 10:24:38 [TRACE] 3YSAqE1fQMvcx4TDoFBrNI ExGbK CheckSecureLink()
2023/08/01 10:24:38 [TRACE] 3YSAqE1fQMvcx4TDoFBrNI ExGbK CheckCount()
2023/08/01 10:24:38 [TRACE] 3YSAqE1fQMvcx4TDoFBrNI ExGbK CheckExpire()
2023/08/01 10:24:38 [TRACE] 3YSAqE1fQMvcx4TDoFBrNI ExGbK CheckAuth()
2023/08/01 10:24:38 [TRACE] 3YSAqE1fQMvcx4TDoFBrNI ExGbK ServeLink()
2023/08/01 10:24:38 [TRACE] 3YSAqE1fQMvcx4TDoFBrNI ExGbK Redirect()
2023/08/01 10:24:38 [TRACE] 3YSAqE1fQMvcx4TDoFBrNI ExGbK GET 리다이렉트
2023/08/01 10:24:38 [TRACE] 3YSAqE1fQMvcx4TDoFBrNI /ExGbK 컨텍스트저장 UKey:'ExGbK'
2023/08/01 10:24:41 [TRACE] jaURK68CwOh169ERAQnKUd /link/get 컨텍스트저장 UKey:'ExGbK'
2023/08/01 10:24:42 [TRACE] 2ZJipHSksk2jYQ86MPe4uf ----------------------------------------------------
2023/08/01 10:24:42 [TRACE] 2ZJipHSksk2jYQ86MPe4uf /ExGbK 요청토큰: caec1689-70cf-4c6f-8805-be54273b3f01
2023/08/01 10:24:42 [TRACE] 2ZJipHSksk2jYQ86MPe4uf 2024-06-07 00:00:00 +0700 +07
2023/08/01 10:24:42 [TRACE] 2ZJipHSksk2jYQ86MPe4uf ub.urlybud.aqua.castis.io 라이선스 정상
2023/08/01 10:24:42 [TRACE] 2ZJipHSksk2jYQ86MPe4uf ExGbK CheckExists()
2023/08/01 10:24:42 [TRACE] 2ZJipHSksk2jYQ86MPe4uf ExGbK CheckSecureLink()
2023/08/01 10:24:42 [TRACE] 2ZJipHSksk2jYQ86MPe4uf ExGbK CheckCount()
2023/08/01 10:24:42 [TRACE] 2ZJipHSksk2jYQ86MPe4uf ExGbK CheckExpire()
2023/08/01 10:24:42 [TRACE] 2ZJipHSksk2jYQ86MPe4uf ExGbK CheckAuth()
2023/08/01 10:24:42 [TRACE] 2ZJipHSksk2jYQ86MPe4uf ExGbK ServeLink()
2023/08/01 10:24:42 [TRACE] 2ZJipHSksk2jYQ86MPe4uf ExGbK Redirect()
2023/08/01 10:24:42 [TRACE] 2ZJipHSksk2jYQ86MPe4uf ExGbK GET 리다이렉트
2023/08/01 10:24:42 [TRACE] 2ZJipHSksk2jYQ86MPe4uf /ExGbK 컨텍스트저장 UKey:'ExGbK'
2023/08/01 10:24:42 [TRACE] lTCpmXdMxS47thwHn5nqJt /link/get 컨텍스트저장 UKey:'ExGbK'
2023/08/01 10:24:58 [TRACE] 6lV0fCz2Dqtdrh2ewQVATT ----------------------------------------------------
2023/08/01 10:24:58 [TRACE] 6lV0fCz2Dqtdrh2ewQVATT /86JDq 요청토큰: caec1689-70cf-4c6f-8805-be54273b3f01
2023/08/01 10:24:58 [TRACE] 6lV0fCz2Dqtdrh2ewQVATT 2024-06-07 00:00:00 +0700 +07
2023/08/01 10:24:58 [TRACE] 6lV0fCz2Dqtdrh2ewQVATT ub.urlybud.aqua.castis.io 라이선스 정상
2023/08/01 10:24:58 [TRACE] 6lV0fCz2Dqtdrh2ewQVATT 86JDq CheckExists()
2023/08/01 10:24:58 [TRACE] 6lV0fCz2Dqtdrh2ewQVATT 86JDq CheckSecureLink()
2023/08/01 10:24:58 [TRACE] 6lV0fCz2Dqtdrh2ewQVATT 86JDq CheckCount()
2023/08/01 10:24:58 [TRACE] 6lV0fCz2Dqtdrh2ewQVATT 86JDq CheckExpire()
2023/08/01 10:24:58 [TRACE] 6lV0fCz2Dqtdrh2ewQVATT 86JDq CheckAuth()
2023/08/01 10:24:58 [TRACE] 6lV0fCz2Dqtdrh2ewQVATT 86JDq ServeLink()
2023/08/01 10:24:58 [TRACE] 6lV0fCz2Dqtdrh2ewQVATT 86JDq Redirect()
2023/08/01 10:24:58 [TRACE] 6lV0fCz2Dqtdrh2ewQVATT 86JDq GET 리다이렉트
2023/08/01 10:24:58 [TRACE] 6lV0fCz2Dqtdrh2ewQVATT /86JDq 컨텍스트저장 UKey:'86JDq'
2023/08/01 10:24:58 [TRACE] 8ytgwfj5qBGkdGf9nvRHn8 /link/get 컨텍스트저장 UKey:'86JDq'
2023/08/01 10:25:05 [TRACE] b8YcYmjm8FR5665KGfVjB0 /link/get 컨텍스트저장 UKey:'ExGbk'
2023/08/01 10:25:35 [TRACE] bceEiDWOGa49UIIEHuil3b /link/get 컨텍스트저장 UKey:'ExGbk'
2023/08/01 10:25:39 [TRACE] 6S78FI79oDH2WmVxPQm89v ----------------------------------------------------
2023/08/01 10:25:39 [TRACE] 6S78FI79oDH2WmVxPQm89v /ExGbK 요청토큰: 669bd32c-4eea-44de-82ae-aa25c7cbceb6
2023/08/01 10:25:39 [TRACE] 6S78FI79oDH2WmVxPQm89v 2024-06-07 00:00:00 +0700 +07
2023/08/01 10:25:39 [TRACE] 6S78FI79oDH2WmVxPQm89v ub.urlybud.aqua.castis.io 라이선스 정상
2023/08/01 10:25:39 [TRACE] 6S78FI79oDH2WmVxPQm89v ExGbK CheckExists()
2023/08/01 10:25:39 [TRACE] 6S78FI79oDH2WmVxPQm89v ExGbK CheckSecureLink()
2023/08/01 10:25:39 [TRACE] 6S78FI79oDH2WmVxPQm89v ExGbK CheckCount()
2023/08/01 10:25:39 [TRACE] 6S78FI79oDH2WmVxPQm89v ExGbK CheckExpire()
2023/08/01 10:25:39 [TRACE] 6S78FI79oDH2WmVxPQm89v ExGbK CheckAuth()
2023/08/01 10:25:39 [TRACE] 6S78FI79oDH2WmVxPQm89v ExGbK ServeLink()
2023/08/01 10:25:39 [TRACE] 6S78FI79oDH2WmVxPQm89v ExGbK Redirect()
2023/08/01 10:25:39 [TRACE] 6S78FI79oDH2WmVxPQm89v ExGbK GET 리다이렉트
2023/08/01 10:25:39 [TRACE] 6S78FI79oDH2WmVxPQm89v /ExGbK 컨텍스트저장 UKey:'ExGbK'
2023/08/01 10:25:41 [TRACE] fPweZ0r9ChJa7U2Dba08Bf /link/get 컨텍스트저장 UKey:'ExGbK'
2023/08/01 10:25:46 [TRACE] agyvTyc1uld3ojl5NPHCnl ----------------------------------------------------
2023/08/01 10:25:46 [TRACE] agyvTyc1uld3ojl5NPHCnl /86JDq 토큰생성: 013f1a35-6534-4943-9b4b-06b892ea8838
2023/08/01 10:25:46 [TRACE] agyvTyc1uld3ojl5NPHCnl 2024-06-07 00:00:00 +0700 +07
2023/08/01 10:25:46 [TRACE] agyvTyc1uld3ojl5NPHCnl ub.urlybud.aqua.castis.io 라이선스 정상
2023/08/01 10:25:46 [TRACE] agyvTyc1uld3ojl5NPHCnl 86JDq CheckExists()
2023/08/01 10:25:46 [TRACE] agyvTyc1uld3ojl5NPHCnl 86JDq CheckSecureLink()
2023/08/01 10:25:46 [TRACE] agyvTyc1uld3ojl5NPHCnl 86JDq CheckCount()
2023/08/01 10:25:46 [TRACE] agyvTyc1uld3ojl5NPHCnl 86JDq CheckExpire()
2023/08/01 10:25:46 [TRACE] agyvTyc1uld3ojl5NPHCnl 86JDq CheckAuth()
2023/08/01 10:25:46 [TRACE] agyvTyc1uld3ojl5NPHCnl 86JDq ServeLink()
2023/08/01 10:25:46 [TRACE] agyvTyc1uld3ojl5NPHCnl 86JDq Redirect()
2023/08/01 10:25:46 [TRACE] agyvTyc1uld3ojl5NPHCnl 86JDq GET 리다이렉트
2023/08/01 10:25:46 [TRACE] agyvTyc1uld3ojl5NPHCnl /86JDq 컨텍스트저장 UKey:'86JDq'
2023/08/01 10:25:48 [TRACE] 4vZKG0DB1ig9fowYJZGs0k /link/get 컨텍스트저장 UKey:'ExGbk'
2023/08/01 10:25:49 [TRACE] 5hk889A0UaUdVPaO9jBSJ9 /link/get 컨텍스트저장 UKey:'86JDq'
2023/08/01 10:26:01 [TRACE] jTgubRkcOTMxm8Jcebjcn /link/get 컨텍스트저장 UKey:'ExGbK'
2023/08/01 10:26:16 [TRACE] 11AdCALPTne9tKwgTN6nHJ /link/get 컨텍스트저장 UKey:'ExGbk'
2023/08/01 10:26:21 [TRACE] 1dyjAVXoK5ughN3rn4CT1f /link/get 컨텍스트저장 UKey:'ExGbk'
2023/08/01 10:26:30 [TRACE] 71yxZ4cNYtBliJpOTY978 /link/get 컨텍스트저장 UKey:'ExGbk'
2023/08/01 10:26:43 [TRACE] dS4P7PUefrKgALyeew9UcS /link/get 컨텍스트저장 UKey:'ExGbK'
2023/08/01 10:28:03 [TRACE] aXltGhqt1b46XznXd15joI /link/get 컨텍스트저장 UKey:'ExGbK'
2023/08/01 10:30:23 [TRACE] eH1oBGAVZjY5xm8ZZyds2s /link/get 컨텍스트저장 UKey:'ExGbK'
2023/08/01 10:30:25 [TRACE] Y0IKIgo8Sth9IgxNKgszW /link/get 컨텍스트저장 UKey:'54d0g'
2023/08/01 10:32:32 [TRACE] ene99jOUnJhbq51SGrJP8i ----------------------------------------------------
2023/08/01 10:32:32 [TRACE] ene99jOUnJhbq51SGrJP8i /86JDq 토큰생성: 855a7b09-4590-4252-94ac-49c2e6c4a62f
2023/08/01 10:32:32 [TRACE] ene99jOUnJhbq51SGrJP8i 2024-06-07 00:00:00 +0700 +07
2023/08/01 10:32:32 [TRACE] ene99jOUnJhbq51SGrJP8i ub.urlybud.aqua.castis.io 라이선스 정상
2023/08/01 10:32:32 [TRACE] ene99jOUnJhbq51SGrJP8i 86JDq CheckExists()
2023/08/01 10:32:32 [TRACE] ene99jOUnJhbq51SGrJP8i 86JDq CheckSecureLink()
2023/08/01 10:32:32 [TRACE] ene99jOUnJhbq51SGrJP8i 86JDq CheckCount()
2023/08/01 10:32:32 [TRACE] ene99jOUnJhbq51SGrJP8i 86JDq CheckExpire()
2023/08/01 10:32:32 [TRACE] ene99jOUnJhbq51SGrJP8i 86JDq CheckAuth()
2023/08/01 10:32:32 [TRACE] ene99jOUnJhbq51SGrJP8i 86JDq ServeLink()
2023/08/01 10:32:32 [TRACE] ene99jOUnJhbq51SGrJP8i 86JDq Redirect()
2023/08/01 10:32:32 [TRACE] ene99jOUnJhbq51SGrJP8i 86JDq GET 리다이렉트
2023/08/01 10:32:32 [TRACE] ene99jOUnJhbq51SGrJP8i /86JDq 컨텍스트저장 UKey:'86JDq'
2023/08/01 10:32:35 [TRACE] fjRGhTTBsfFdTaez6NyVGw /link/get 컨텍스트저장 UKey:'86JDq'
2023/08/01 10:34:27 [TRACE] TDiGU0oltwlPI9prZnjNB /link/get 컨텍스트저장 UKey:'86JDq'
2023/08/01 10:34:44 [TRACE] dzL1Jj21iaZkvFDBwEaUzt /link/get 컨텍스트저장 UKey:'ExGbK'
2023/08/01 10:35:55 [TRACE] ePb4r80CXtDhOQKO41AKHC /link/get 컨텍스트저장 UKey:'86JDq'
2023/08/01 10:35:57 [TRACE] ztxuVRVCjVcQ60XhjT1sr /link/get 컨텍스트저장 UKey:'86JDq'
2023/08/01 10:36:02 [TRACE] gxn0G3VPNvuhVaGMrt8ohS /link/get 컨텍스트저장 UKey:'86JDq'
2023/08/01 10:36:04 [TRACE] 3xqtuxUPdhu5AXPMyYPtn7 /link/get 컨텍스트저장 UKey:'86JDq'
2023/08/01 10:36:12 [TRACE] e7v2v8vrZ6pirJeSAkwsyY /link/set 컨텍스트저장 UKey:'32wC8'
2023/08/01 10:36:12 [TRACE] jsGfmq0uh5y90YiS0m5GPR /link/set 컨텍스트저장 UKey:'MEpQQ'
2023/08/01 10:36:43 [TRACE] bw6vsFFNXOr28ktFCEHutP /link/get 컨텍스트저장 UKey:'ExGbK'
2023/08/01 10:37:15 [TRACE] 81HZSnl51fe9lZfLcYHJRn ----------------------------------------------------
2023/08/01 10:37:15 [TRACE] 81HZSnl51fe9lZfLcYHJRn /32wC8 요청토큰: 013f1a35-6534-4943-9b4b-06b892ea8838
2023/08/01 10:37:15 [TRACE] 81HZSnl51fe9lZfLcYHJRn 2024-06-07 00:00:00 +0700 +07
2023/08/01 10:37:15 [TRACE] 81HZSnl51fe9lZfLcYHJRn ub.urlybud.aqua.castis.io 라이선스 정상
2023/08/01 10:37:15 [TRACE] 81HZSnl51fe9lZfLcYHJRn 32wC8 CheckExists()
2023/08/01 10:37:15 [TRACE] 81HZSnl51fe9lZfLcYHJRn 32wC8 CheckSecureLink()
2023/08/01 10:37:15 [TRACE] 81HZSnl51fe9lZfLcYHJRn 32wC8 CheckCount()
2023/08/01 10:37:15 [TRACE] 81HZSnl51fe9lZfLcYHJRn 32wC8 CheckExpire()
2023/08/01 10:37:15 [TRACE] 81HZSnl51fe9lZfLcYHJRn 32wC8 CheckAuth()
2023/08/01 10:37:15 [TRACE] 81HZSnl51fe9lZfLcYHJRn 32wC8 ServeLink()
2023/08/01 10:37:15 [TRACE] 81HZSnl51fe9lZfLcYHJRn 32wC8 Redirect()
2023/08/01 10:37:15 [TRACE] 81HZSnl51fe9lZfLcYHJRn 32wC8 GET 리다이렉트
2023/08/01 10:37:15 [TRACE] 81HZSnl51fe9lZfLcYHJRn /32wC8 컨텍스트저장 UKey:'32wC8'
2023/08/01 10:37:15 [TRACE] 9lVgbCgnkjChqe2OQhWKyV /link/get 컨텍스트저장 UKey:'86JDq'
2023/08/01 10:37:16 [TRACE] 3NTTMinWYsCcBFZz70wdgk /link/get 컨텍스트저장 UKey:'32wC8'
2023/08/01 10:37:17 [TRACE] gsKBuLUOUY2e9zwFAR3yOP /link/get 컨텍스트저장 UKey:'ExGbK'
2023/08/01 10:37:21 [TRACE] l0sCdGC6HNGkooDHHGpWJa /link/get 컨텍스트저장 UKey:'ExGbK'
2023/08/01 10:37:25 [TRACE] j1l3Ma6CuabeSCcx2jSlt0 /link/get 컨텍스트저장 UKey:'ExGbK'
2023/08/01 10:37:25 [TRACE] 6DI2x0Sd5LxdQUrIaVPYCg ----------------------------------------------------
2023/08/01 10:37:25 [TRACE] 6DI2x0Sd5LxdQUrIaVPYCg /86JDq 요청토큰: 013f1a35-6534-4943-9b4b-06b892ea8838
2023/08/01 10:37:25 [TRACE] 6DI2x0Sd5LxdQUrIaVPYCg 2024-06-07 00:00:00 +0700 +07
2023/08/01 10:37:25 [TRACE] 6DI2x0Sd5LxdQUrIaVPYCg ub.urlybud.aqua.castis.io 라이선스 정상
2023/08/01 10:37:25 [TRACE] 6DI2x0Sd5LxdQUrIaVPYCg 86JDq CheckExists()
2023/08/01 10:37:25 [TRACE] 6DI2x0Sd5LxdQUrIaVPYCg 86JDq CheckSecureLink()
2023/08/01 10:37:25 [TRACE] 6DI2x0Sd5LxdQUrIaVPYCg 86JDq CheckCount()
2023/08/01 10:37:25 [TRACE] 6DI2x0Sd5LxdQUrIaVPYCg 86JDq CheckExpire()
2023/08/01 10:37:25 [TRACE] 6DI2x0Sd5LxdQUrIaVPYCg 86JDq CheckAuth()
2023/08/01 10:37:25 [TRACE] 6DI2x0Sd5LxdQUrIaVPYCg 86JDq ServeLink()
2023/08/01 10:37:25 [TRACE] 6DI2x0Sd5LxdQUrIaVPYCg 86JDq Redirect()
2023/08/01 10:37:25 [TRACE] 6DI2x0Sd5LxdQUrIaVPYCg 86JDq GET 리다이렉트
2023/08/01 10:37:25 [TRACE] 6DI2x0Sd5LxdQUrIaVPYCg /86JDq 컨텍스트저장 UKey:'86JDq'
2023/08/01 10:37:26 [TRACE] hoUsHGbRCMo6dQPKnLjfDC /link/get 컨텍스트저장 UKey:'86JDq'
2023/08/01 10:37:55 [TRACE] bIRraKEAy5TkNozPSkMmgr /link/get 컨텍스트저장 UKey:'ExGbK'
2023/08/01 10:39:10 [TRACE] 9XALyI6DW4vjgWqJXCYh5V /link/get 컨텍스트저장 UKey:'ExGbK'
2023/08/01 10:39:31 [TRACE] 3COufnqSkHD6qprMosl1rE /link/get 컨텍스트저장 UKey:'ExGbK'
2023/08/01 10:39:32 [TRACE] hE3JagNPkKlbRfCUmj1Ybe /link/get 컨텍스트저장 UKey:'54d0g'
2023/08/01 10:40:41 [TRACE] dJfzb3oC0pWSHoQ7gPRdv /link/get 컨텍스트저장 UKey:'ExGbK'
2023/08/01 10:43:13 [TRACE] 8oXDObVS9MHdGLD9z5TmPJ ----------------------------------------------------
2023/08/01 10:43:13 [TRACE] 8oXDObVS9MHdGLD9z5TmPJ /MEpQQ 요청토큰: 855a7b09-4590-4252-94ac-49c2e6c4a62f
2023/08/01 10:43:13 [TRACE] 8oXDObVS9MHdGLD9z5TmPJ 2024-06-07 00:00:00 +0700 +07
2023/08/01 10:43:13 [TRACE] 8oXDObVS9MHdGLD9z5TmPJ ub.urlybud.aqua.castis.io 라이선스 정상
2023/08/01 10:43:13 [TRACE] 8oXDObVS9MHdGLD9z5TmPJ MEpQQ CheckExists()
2023/08/01 10:43:13 [TRACE] 8oXDObVS9MHdGLD9z5TmPJ MEpQQ CheckSecureLink()
2023/08/01 10:43:13 [TRACE] 8oXDObVS9MHdGLD9z5TmPJ MEpQQ CheckCount()
2023/08/01 10:43:13 [TRACE] 8oXDObVS9MHdGLD9z5TmPJ MEpQQ CheckExpire()
2023/08/01 10:43:13 [TRACE] 8oXDObVS9MHdGLD9z5TmPJ MEpQQ CheckAuth()
2023/08/01 10:43:13 [TRACE] 8oXDObVS9MHdGLD9z5TmPJ MEpQQ ServeLink()
2023/08/01 10:43:13 [TRACE] 8oXDObVS9MHdGLD9z5TmPJ MEpQQ Redirect()
2023/08/01 10:43:13 [TRACE] 8oXDObVS9MHdGLD9z5TmPJ MEpQQ GET 리다이렉트
2023/08/01 10:43:13 [TRACE] 8oXDObVS9MHdGLD9z5TmPJ /MEpQQ 컨텍스트저장 UKey:'MEpQQ'
2023/08/01 10:43:14 [TRACE] 4VwacWrUGUn8qv4DW4lkHv /link/get 컨텍스트저장 UKey:'MEpQQ'
2023/08/01 10:43:14 [TRACE] gloZhQ0GuoVkVaowSuo7P6 /link/get 컨텍스트저장 UKey:'ExGbK'
2023/08/01 10:43:44 [TRACE] ktxaVDwNW123enQNQtLLKM /link/get 컨텍스트저장 UKey:'ExGbK'
2023/08/01 10:44:26 [TRACE] 8mTtsQTiMqyjv0cbdkwXrP ----------------------------------------------------
2023/08/01 10:44:26 [TRACE] 8mTtsQTiMqyjv0cbdkwXrP /MEpQQ 토큰생성: 0ee230b5-4097-423a-810a-d838b1d4abc7
2023/08/01 10:44:26 [TRACE] 8mTtsQTiMqyjv0cbdkwXrP 2024-06-07 00:00:00 +0700 +07
2023/08/01 10:44:26 [TRACE] 8mTtsQTiMqyjv0cbdkwXrP ub.urlybud.aqua.castis.io 라이선스 정상
2023/08/01 10:44:26 [TRACE] 8mTtsQTiMqyjv0cbdkwXrP MEpQQ CheckExists()
2023/08/01 10:44:26 [TRACE] 8mTtsQTiMqyjv0cbdkwXrP MEpQQ CheckSecureLink()
2023/08/01 10:44:26 [TRACE] 8mTtsQTiMqyjv0cbdkwXrP MEpQQ CheckCount()
2023/08/01 10:44:26 [TRACE] 8mTtsQTiMqyjv0cbdkwXrP MEpQQ CheckExpire()
2023/08/01 10:44:26 [TRACE] 8mTtsQTiMqyjv0cbdkwXrP MEpQQ CheckAuth()
2023/08/01 10:44:26 [TRACE] 8mTtsQTiMqyjv0cbdkwXrP MEpQQ ServeLink()
2023/08/01 10:44:26 [TRACE] 8mTtsQTiMqyjv0cbdkwXrP MEpQQ Redirect()
2023/08/01 10:44:26 [TRACE] 8mTtsQTiMqyjv0cbdkwXrP MEpQQ GET 리다이렉트
2023/08/01 10:44:26 [TRACE] 8mTtsQTiMqyjv0cbdkwXrP /MEpQQ 컨텍스트저장 UKey:'MEpQQ'
2023/08/01 10:44:28 [TRACE] 2IpG8t6uqStaaGkCHQJPxE /link/get 컨텍스트저장 UKey:'MEpQQ'
2023/08/01 10:44:54 [TRACE] ivmZqlZRjDpl0RO6HYodyt ----------------------------------------------------
2023/08/01 10:44:54 [TRACE] ivmZqlZRjDpl0RO6HYodyt /MEpQQ 요청토큰: 669bd32c-4eea-44de-82ae-aa25c7cbceb6
2023/08/01 10:44:54 [TRACE] ivmZqlZRjDpl0RO6HYodyt 2024-06-07 00:00:00 +0700 +07
2023/08/01 10:44:54 [TRACE] ivmZqlZRjDpl0RO6HYodyt ub.urlybud.aqua.castis.io 라이선스 정상
2023/08/01 10:44:54 [TRACE] ivmZqlZRjDpl0RO6HYodyt MEpQQ CheckExists()
2023/08/01 10:44:54 [TRACE] ivmZqlZRjDpl0RO6HYodyt MEpQQ CheckSecureLink()
2023/08/01 10:44:54 [TRACE] ivmZqlZRjDpl0RO6HYodyt MEpQQ CheckCount()
2023/08/01 10:44:54 [TRACE] ivmZqlZRjDpl0RO6HYodyt MEpQQ CheckExpire()
2023/08/01 10:44:54 [TRACE] ivmZqlZRjDpl0RO6HYodyt MEpQQ CheckAuth()
2023/08/01 10:44:54 [TRACE] ivmZqlZRjDpl0RO6HYodyt MEpQQ ServeLink()
2023/08/01 10:44:54 [TRACE] ivmZqlZRjDpl0RO6HYodyt MEpQQ Redirect()
2023/08/01 10:44:54 [TRACE] ivmZqlZRjDpl0RO6HYodyt MEpQQ GET 리다이렉트
2023/08/01 10:44:54 [TRACE] ivmZqlZRjDpl0RO6HYodyt /MEpQQ 컨텍스트저장 UKey:'MEpQQ'
2023/08/01 10:44:55 [TRACE] l8Fmca7YfDp3e7H0Ml719k /link/get 컨텍스트저장 UKey:'MEpQQ'
2023/08/01 10:45:03 [TRACE] dgT2WzSou9V7jaTCCJVkW1 /link/get 컨텍스트저장 UKey:'MEpQQ'
2023/08/01 10:45:13 [TRACE] d7AtmotPFKMfJlJZeDeRMi ----------------------------------------------------
2023/08/01 10:45:13 [TRACE] d7AtmotPFKMfJlJZeDeRMi /MEpQQ 토큰생성: 9254c488-fae3-4776-a75b-31ca90c4eb0c
2023/08/01 10:45:13 [TRACE] d7AtmotPFKMfJlJZeDeRMi 2024-06-07 00:00:00 +0700 +07
2023/08/01 10:45:13 [TRACE] d7AtmotPFKMfJlJZeDeRMi ub.urlybud.aqua.castis.io 라이선스 정상
2023/08/01 10:45:13 [TRACE] d7AtmotPFKMfJlJZeDeRMi MEpQQ CheckExists()
2023/08/01 10:45:13 [TRACE] d7AtmotPFKMfJlJZeDeRMi MEpQQ CheckSecureLink()
2023/08/01 10:45:13 [TRACE] d7AtmotPFKMfJlJZeDeRMi MEpQQ CheckCount()
2023/08/01 10:45:13 [TRACE] d7AtmotPFKMfJlJZeDeRMi MEpQQ CheckExpire()
2023/08/01 10:45:13 [TRACE] d7AtmotPFKMfJlJZeDeRMi MEpQQ CheckAuth()
2023/08/01 10:45:13 [TRACE] d7AtmotPFKMfJlJZeDeRMi MEpQQ ServeLink()
2023/08/01 10:45:13 [TRACE] d7AtmotPFKMfJlJZeDeRMi MEpQQ Redirect()
2023/08/01 10:45:13 [TRACE] d7AtmotPFKMfJlJZeDeRMi MEpQQ GET 리다이렉트
2023/08/01 10:45:13 [TRACE] d7AtmotPFKMfJlJZeDeRMi /MEpQQ 컨텍스트저장 UKey:'MEpQQ'
2023/08/01 10:45:20 [TRACE] cpXAIBKlwmC5rxWve1fido /link/get 컨텍스트저장 UKey:'MEpQQ'
2023/08/01 10:46:48 [TRACE] aLmWmR22ucefIhWc4iuQiE ----------------------------------------------------
2023/08/01 10:46:48 [TRACE] aLmWmR22ucefIhWc4iuQiE /MEpQQ 요청토큰: caec1689-70cf-4c6f-8805-be54273b3f01
2023/08/01 10:46:48 [TRACE] aLmWmR22ucefIhWc4iuQiE 2024-06-07 00:00:00 +0700 +07
2023/08/01 10:46:48 [TRACE] aLmWmR22ucefIhWc4iuQiE ub.urlybud.aqua.castis.io 라이선스 정상
2023/08/01 10:46:48 [TRACE] aLmWmR22ucefIhWc4iuQiE MEpQQ CheckExists()
2023/08/01 10:46:48 [TRACE] aLmWmR22ucefIhWc4iuQiE MEpQQ CheckSecureLink()
2023/08/01 10:46:48 [TRACE] aLmWmR22ucefIhWc4iuQiE MEpQQ CheckCount()
2023/08/01 10:46:48 [TRACE] aLmWmR22ucefIhWc4iuQiE MEpQQ CheckExpire()
2023/08/01 10:46:48 [TRACE] aLmWmR22ucefIhWc4iuQiE MEpQQ CheckAuth()
2023/08/01 10:46:48 [TRACE] aLmWmR22ucefIhWc4iuQiE MEpQQ ServeLink()
2023/08/01 10:46:48 [TRACE] aLmWmR22ucefIhWc4iuQiE MEpQQ Redirect()
2023/08/01 10:46:48 [TRACE] aLmWmR22ucefIhWc4iuQiE MEpQQ GET 리다이렉트
2023/08/01 10:46:48 [TRACE] aLmWmR22ucefIhWc4iuQiE /MEpQQ 컨텍스트저장 UKey:'MEpQQ'
2023/08/01 10:46:54 [TRACE] dkC7PIubzBF8MkeyUl85Xt /link/get 컨텍스트저장 UKey:'MEpQQ'
2023/08/01 10:48:15 [TRACE] 9oEoDktIhJz20vhcoiRqgc /link/get 컨텍스트저장 UKey:'86JDq'
2023/08/01 10:49:52 [TRACE] aq6lnZ0Ts1czUkRuklr79 /link/get 컨텍스트저장 UKey:'MEpQQ'
2023/08/01 10:50:07 [TRACE] 5xOFuR07gYNbRAlGQAFkOF /link/get 컨텍스트저장 UKey:'54d0g'
2023/08/01 10:50:08 [TRACE] eMNCgA9hG9yhHZVVawWTBa /link/get 컨텍스트저장 UKey:'ExGbK'
2023/08/01 10:50:14 [TRACE] 6xUIzST1r50ZMH2UJyCA1 /link/get 컨텍스트저장 UKey:'MEpQQ'
2023/08/01 10:50:19 [TRACE] kUoPqZK94OycgpxxJ1iHhI ----------------------------------------------------
2023/08/01 10:50:19 [TRACE] kUoPqZK94OycgpxxJ1iHhI /MEpQQ 토큰생성: 290db7c4-19f5-4a60-8231-aaee758f16c1
2023/08/01 10:50:19 [TRACE] kUoPqZK94OycgpxxJ1iHhI 2024-06-07 00:00:00 +0700 +07
2023/08/01 10:50:19 [TRACE] kUoPqZK94OycgpxxJ1iHhI ub.urlybud.aqua.castis.io 라이선스 정상
2023/08/01 10:50:19 [TRACE] kUoPqZK94OycgpxxJ1iHhI MEpQQ CheckExists()
2023/08/01 10:50:19 [TRACE] kUoPqZK94OycgpxxJ1iHhI MEpQQ CheckSecureLink()
2023/08/01 10:50:19 [TRACE] kUoPqZK94OycgpxxJ1iHhI MEpQQ CheckCount()
2023/08/01 10:50:19 [TRACE] kUoPqZK94OycgpxxJ1iHhI MEpQQ CheckExpire()
2023/08/01 10:50:19 [TRACE] kUoPqZK94OycgpxxJ1iHhI MEpQQ CheckAuth()
2023/08/01 10:50:19 [TRACE] kUoPqZK94OycgpxxJ1iHhI MEpQQ ServeLink()
2023/08/01 10:50:19 [TRACE] kUoPqZK94OycgpxxJ1iHhI MEpQQ Redirect()
2023/08/01 10:50:19 [TRACE] kUoPqZK94OycgpxxJ1iHhI MEpQQ GET 리다이렉트
2023/08/01 10:50:19 [TRACE] kUoPqZK94OycgpxxJ1iHhI /MEpQQ 컨텍스트저장 UKey:'MEpQQ'
2023/08/01 10:50:21 [TRACE] 9fjeDZyNf9L6jlEtsvNnSv /link/get 컨텍스트저장 UKey:'MEpQQ'
2023/08/01 10:50:25 [TRACE] 7ReoxSlB97D1YZzQ5aomV /link/get 컨텍스트저장 UKey:'ExGbK'
2023/08/01 10:50:26 [TRACE] 2rrXHKSAJc11WN3nzNL6zf /link/get 컨텍스트저장 UKey:'54d0g'
2023/08/01 10:50:43 [TRACE] hCk81fmIplT7bVJxOnE99 /link/get 컨텍스트저장 UKey:'MEpQQ'
2023/08/01 10:50:50 [TRACE] 8dUZ64htMUWj48rTPmokI8 /link/get 컨텍스트저장 UKey:'MEpQQ'
2023/08/01 10:51:30 [TRACE] YurZKzVUy7a1Msne5Uyzf /link/get 컨텍스트저장 UKey:'ExGbK'
2023/08/01 10:51:41 [TRACE] 8E4ubtXsGG8eqSCynrThmZ /link/get 컨텍스트저장 UKey:'MEpQQ'
2023/08/01 10:51:51 [TRACE] 4bSz4QfGh03aBXfnQIB6Ic /link/get 컨텍스트저장 UKey:'ExGbK'
2023/08/01 10:52:00 [TRACE] 6D1kkTS157i1jp6wSntwwG /link/get 컨텍스트저장 UKey:'ExGbK'
2023/08/01 10:52:27 [TRACE] 1CryEFNGKANi5UwNM1HEZU /link/get 컨텍스트저장 UKey:'MEpQQ'
2023/08/01 10:55:24 [TRACE] XtoYqsRznZ4ptjZa3GDri /link/get 컨텍스트저장 UKey:'MEpQQ'
2023/08/01 10:56:25 [TRACE] i2sxxMZLdyWiO7yDSF09m6 /link/get 컨텍스트저장 UKey:'ExGbK'
2023/08/01 11:00:57 [TRACE] fFG5bUaYOwm9tmuBiAxIiY /link/get 컨텍스트저장 UKey:'MEpQQ'
2023/08/01 11:01:21 [TRACE] 7aLQYY4RpJMQSjjBl2Nma ----------------------------------------------------
2023/08/01 11:01:21 [TRACE] 7aLQYY4RpJMQSjjBl2Nma /MEpQQ 요청토큰: 0ee230b5-4097-423a-810a-d838b1d4abc7
2023/08/01 11:01:21 [TRACE] 7aLQYY4RpJMQSjjBl2Nma 2024-06-07 00:00:00 +0700 +07
2023/08/01 11:01:21 [TRACE] 7aLQYY4RpJMQSjjBl2Nma ub.urlybud.aqua.castis.io 라이선스 정상
2023/08/01 11:01:21 [TRACE] 7aLQYY4RpJMQSjjBl2Nma MEpQQ CheckExists()
2023/08/01 11:01:21 [TRACE] 7aLQYY4RpJMQSjjBl2Nma MEpQQ CheckSecureLink()
2023/08/01 11:01:21 [TRACE] 7aLQYY4RpJMQSjjBl2Nma MEpQQ CheckCount()
2023/08/01 11:01:21 [TRACE] 7aLQYY4RpJMQSjjBl2Nma MEpQQ CheckExpire()
2023/08/01 11:01:21 [TRACE] 7aLQYY4RpJMQSjjBl2Nma MEpQQ CheckAuth()
2023/08/01 11:01:21 [TRACE] 7aLQYY4RpJMQSjjBl2Nma MEpQQ ServeLink()
2023/08/01 11:01:21 [TRACE] 7aLQYY4RpJMQSjjBl2Nma MEpQQ Redirect()
2023/08/01 11:01:21 [TRACE] 7aLQYY4RpJMQSjjBl2Nma MEpQQ GET 리다이렉트
2023/08/01 11:01:21 [TRACE] 7aLQYY4RpJMQSjjBl2Nma /MEpQQ 컨텍스트저장 UKey:'MEpQQ'
2023/08/01 11:01:23 [TRACE] lxcq0YWqOsJfds5HHuzVfD /link/get 컨텍스트저장 UKey:'MEpQQ'
2023/08/01 11:03:38 [TRACE] 6E52tCjd8Fm5Lbj8LK9Z98 /link/get 컨텍스트저장 UKey:'ExGbK'
2023/08/01 11:06:50 [TRACE] A315a2pi5J5AJ6Q095Fs /link/get 컨텍스트저장 UKey:'ExGbK'
2023/08/01 11:07:04 [TRACE] aoFU40t7fag2AwOwJVzoyO /link/get 컨텍스트저장 UKey:'ExGbK'
2023/08/01 11:13:46 [TRACE] hqpMVHM3k2q23iBnGOjLHm /link/get 컨텍스트저장 UKey:'ExGbK'
2023/08/01 11:17:46 [TRACE] 6odsmjrEI0q1n6PVjkEZHN ----------------------------------------------------
2023/08/01 11:17:46 [TRACE] 6odsmjrEI0q1n6PVjkEZHN /MEpQQ 요청토큰: 855a7b09-4590-4252-94ac-49c2e6c4a62f
2023/08/01 11:17:46 [TRACE] 6odsmjrEI0q1n6PVjkEZHN 2024-06-07 00:00:00 +0700 +07
2023/08/01 11:17:46 [TRACE] 6odsmjrEI0q1n6PVjkEZHN ub.urlybud.aqua.castis.io 라이선스 정상
2023/08/01 11:17:46 [TRACE] 6odsmjrEI0q1n6PVjkEZHN MEpQQ CheckExists()
2023/08/01 11:17:46 [TRACE] 6odsmjrEI0q1n6PVjkEZHN MEpQQ CheckSecureLink()
2023/08/01 11:17:46 [TRACE] 6odsmjrEI0q1n6PVjkEZHN MEpQQ CheckCount()
2023/08/01 11:17:46 [TRACE] 6odsmjrEI0q1n6PVjkEZHN MEpQQ CheckExpire()
2023/08/01 11:17:46 [TRACE] 6odsmjrEI0q1n6PVjkEZHN MEpQQ CheckAuth()
2023/08/01 11:17:46 [TRACE] 6odsmjrEI0q1n6PVjkEZHN MEpQQ ServeLink()
2023/08/01 11:17:46 [TRACE] 6odsmjrEI0q1n6PVjkEZHN MEpQQ Redirect()
2023/08/01 11:17:46 [TRACE] 6odsmjrEI0q1n6PVjkEZHN MEpQQ GET 리다이렉트
2023/08/01 11:17:46 [TRACE] 6odsmjrEI0q1n6PVjkEZHN /MEpQQ 컨텍스트저장 UKey:'MEpQQ'
2023/08/01 11:17:48 [TRACE] 33WUK0XP3ue6ntIbBn81OE /link/get 컨텍스트저장 UKey:'MEpQQ'
2023/08/01 11:33:05 [TRACE] gFLupHNnzhtkYtMa5JBHox ----------------------------------------------------
2023/08/01 11:33:05 [TRACE] gFLupHNnzhtkYtMa5JBHox /32wC8 요청토큰: 013f1a35-6534-4943-9b4b-06b892ea8838
2023/08/01 11:33:05 [TRACE] gFLupHNnzhtkYtMa5JBHox 2024-06-07 00:00:00 +0700 +07
2023/08/01 11:33:05 [TRACE] gFLupHNnzhtkYtMa5JBHox ub.urlybud.aqua.castis.io 라이선스 정상
2023/08/01 11:33:05 [TRACE] gFLupHNnzhtkYtMa5JBHox 32wC8 CheckExists()
2023/08/01 11:33:05 [TRACE] gFLupHNnzhtkYtMa5JBHox 32wC8 CheckSecureLink()
2023/08/01 11:33:05 [TRACE] gFLupHNnzhtkYtMa5JBHox 32wC8 CheckCount()
2023/08/01 11:33:05 [TRACE] gFLupHNnzhtkYtMa5JBHox 32wC8 CheckExpire()
2023/08/01 11:33:05 [TRACE] gFLupHNnzhtkYtMa5JBHox 32wC8 CheckAuth()
2023/08/01 11:33:05 [TRACE] gFLupHNnzhtkYtMa5JBHox 32wC8 ServeLink()
2023/08/01 11:33:05 [TRACE] gFLupHNnzhtkYtMa5JBHox 32wC8 Redirect()
2023/08/01 11:33:05 [TRACE] gFLupHNnzhtkYtMa5JBHox 32wC8 GET 리다이렉트
2023/08/01 11:33:05 [TRACE] gFLupHNnzhtkYtMa5JBHox /32wC8 컨텍스트저장 UKey:'32wC8'
2023/08/01 11:33:08 [TRACE] fDnr6C8Ifxm26uK8XqtOc2 /link/get 컨텍스트저장 UKey:'32wC8'
2023/08/01 11:35:05 [TRACE] 74VtOkCYU0mj9U2yz25Ler /link/set 컨텍스트저장 UKey:'njmJ4'
2023/08/01 11:35:38 [TRACE] 1dnjhkGFTCN2l2Z9xnVHVQ ----------------------------------------------------
2023/08/01 11:35:38 [TRACE] 1dnjhkGFTCN2l2Z9xnVHVQ /njmJ4 요청토큰: 013f1a35-6534-4943-9b4b-06b892ea8838
2023/08/01 11:35:38 [TRACE] 1dnjhkGFTCN2l2Z9xnVHVQ 2024-06-07 00:00:00 +0700 +07
2023/08/01 11:35:38 [TRACE] 1dnjhkGFTCN2l2Z9xnVHVQ ub.urlybud.aqua.castis.io 라이선스 정상
2023/08/01 11:35:38 [TRACE] 1dnjhkGFTCN2l2Z9xnVHVQ njmJ4 CheckExists()
2023/08/01 11:35:38 [TRACE] 1dnjhkGFTCN2l2Z9xnVHVQ njmJ4 CheckSecureLink()
2023/08/01 11:35:38 [TRACE] 1dnjhkGFTCN2l2Z9xnVHVQ njmJ4 CheckCount()
2023/08/01 11:35:38 [TRACE] 1dnjhkGFTCN2l2Z9xnVHVQ njmJ4 CheckExpire()
2023/08/01 11:35:38 [TRACE] 1dnjhkGFTCN2l2Z9xnVHVQ njmJ4 CheckAuth()
2023/08/01 11:35:38 [TRACE] 1dnjhkGFTCN2l2Z9xnVHVQ njmJ4 ServeLink()
2023/08/01 11:35:38 [TRACE] 1dnjhkGFTCN2l2Z9xnVHVQ njmJ4 Redirect()
2023/08/01 11:35:38 [TRACE] 1dnjhkGFTCN2l2Z9xnVHVQ njmJ4 GET 리다이렉트
2023/08/01 11:35:38 [TRACE] 1dnjhkGFTCN2l2Z9xnVHVQ /njmJ4 컨텍스트저장 UKey:'njmJ4'
2023/08/01 11:35:38 [TRACE] 7t9YQApNOZReVrjVtfBEPa /link/get 컨텍스트저장 UKey:'njmJ4'
2023/08/01 11:39:30 [TRACE] ih0tBKGL5plgVxOM4Fz42u /link/set 컨텍스트저장 UKey:'JBTg7'
2023/08/01 11:39:36 [TRACE] hMreKmmTBe24y4y5WY3ZfJ ----------------------------------------------------
2023/08/01 11:39:36 [TRACE] hMreKmmTBe24y4y5WY3ZfJ /JBTg7 요청토큰: 013f1a35-6534-4943-9b4b-06b892ea8838
2023/08/01 11:39:36 [TRACE] hMreKmmTBe24y4y5WY3ZfJ 2024-06-07 00:00:00 +0700 +07
2023/08/01 11:39:36 [TRACE] hMreKmmTBe24y4y5WY3ZfJ ub.urlybud.aqua.castis.io 라이선스 정상
2023/08/01 11:39:36 [TRACE] hMreKmmTBe24y4y5WY3ZfJ JBTg7 CheckExists()
2023/08/01 11:39:36 [TRACE] hMreKmmTBe24y4y5WY3ZfJ JBTg7 CheckSecureLink()
2023/08/01 11:39:36 [TRACE] hMreKmmTBe24y4y5WY3ZfJ JBTg7 CheckCount()
2023/08/01 11:39:36 [TRACE] hMreKmmTBe24y4y5WY3ZfJ JBTg7 CheckExpire()
2023/08/01 11:39:36 [TRACE] hMreKmmTBe24y4y5WY3ZfJ JBTg7 CheckAuth()
2023/08/01 11:39:36 [TRACE] hMreKmmTBe24y4y5WY3ZfJ JBTg7 ServeLink()
2023/08/01 11:39:36 [TRACE] hMreKmmTBe24y4y5WY3ZfJ JBTg7 Redirect()
2023/08/01 11:39:36 [TRACE] hMreKmmTBe24y4y5WY3ZfJ JBTg7 GET 리다이렉트
2023/08/01 11:39:36 [TRACE] hMreKmmTBe24y4y5WY3ZfJ /JBTg7 컨텍스트저장 UKey:'JBTg7'
2023/08/01 11:39:37 [TRACE] bsyIbwSUlH7eZkXqNvWbox /link/get 컨텍스트저장 UKey:'JBTg7'
2023/08/01 11:40:37 [TRACE] iTEbqHTyAQm2er2HsLVzLX ----------------------------------------------------
2023/08/01 11:40:37 [TRACE] iTEbqHTyAQm2er2HsLVzLX /JBTg7 요청토큰: 013f1a35-6534-4943-9b4b-06b892ea8838
2023/08/01 11:40:37 [TRACE] iTEbqHTyAQm2er2HsLVzLX 2024-06-07 00:00:00 +0700 +07
2023/08/01 11:40:37 [TRACE] iTEbqHTyAQm2er2HsLVzLX ub.urlybud.aqua.castis.io 라이선스 정상
2023/08/01 11:40:37 [TRACE] iTEbqHTyAQm2er2HsLVzLX JBTg7 CheckExists()
2023/08/01 11:40:37 [TRACE] iTEbqHTyAQm2er2HsLVzLX JBTg7 CheckSecureLink()
2023/08/01 11:40:37 [TRACE] iTEbqHTyAQm2er2HsLVzLX JBTg7 CheckCount()
2023/08/01 11:40:37 [TRACE] iTEbqHTyAQm2er2HsLVzLX JBTg7 CheckExpire()
2023/08/01 11:40:37 [TRACE] iTEbqHTyAQm2er2HsLVzLX JBTg7 CheckAuth()
2023/08/01 11:40:37 [TRACE] iTEbqHTyAQm2er2HsLVzLX JBTg7 ServeLink()
2023/08/01 11:40:37 [TRACE] iTEbqHTyAQm2er2HsLVzLX JBTg7 Redirect()
2023/08/01 11:40:37 [TRACE] iTEbqHTyAQm2er2HsLVzLX JBTg7 GET 리다이렉트
2023/08/01 11:40:37 [TRACE] iTEbqHTyAQm2er2HsLVzLX /JBTg7 컨텍스트저장 UKey:'JBTg7'
2023/08/01 11:40:38 [TRACE] kshp7RyUQsF55zSEqZQWP5 /link/get 컨텍스트저장 UKey:'JBTg7'
2023/08/01 11:41:06 [TRACE] 1y1T2ep0d6R1yJHzMdT9CU /link/set 컨텍스트저장 UKey:'IB344'
2023/08/01 11:41:14 [TRACE] 17uRSMJJk8H9ReMAqcAnPB ----------------------------------------------------
2023/08/01 11:41:14 [TRACE] 17uRSMJJk8H9ReMAqcAnPB /IB344 요청토큰: 013f1a35-6534-4943-9b4b-06b892ea8838
2023/08/01 11:41:14 [TRACE] 17uRSMJJk8H9ReMAqcAnPB 2024-06-07 00:00:00 +0700 +07
2023/08/01 11:41:14 [TRACE] 17uRSMJJk8H9ReMAqcAnPB ub.urlybud.aqua.castis.io 라이선스 정상
2023/08/01 11:41:14 [TRACE] 17uRSMJJk8H9ReMAqcAnPB IB344 CheckExists()
2023/08/01 11:41:14 [TRACE] 17uRSMJJk8H9ReMAqcAnPB IB344 CheckSecureLink()
2023/08/01 11:41:14 [TRACE] 17uRSMJJk8H9ReMAqcAnPB IB344 CheckCount()
2023/08/01 11:41:14 [TRACE] 17uRSMJJk8H9ReMAqcAnPB IB344 CheckExpire()
2023/08/01 11:41:14 [TRACE] 17uRSMJJk8H9ReMAqcAnPB IB344 CheckAuth()
2023/08/01 11:41:14 [TRACE] 17uRSMJJk8H9ReMAqcAnPB IB344 ServeLink()
2023/08/01 11:41:14 [TRACE] 17uRSMJJk8H9ReMAqcAnPB IB344 Redirect()
2023/08/01 11:41:14 [TRACE] 17uRSMJJk8H9ReMAqcAnPB IB344 GET 리다이렉트
2023/08/01 11:41:14 [TRACE] 17uRSMJJk8H9ReMAqcAnPB /IB344 컨텍스트저장 UKey:'IB344'
2023/08/01 11:41:14 [TRACE] 6fdvbm06sXUbqzY3YHeYm0 /link/get 컨텍스트저장 UKey:'IB344'
2023/08/01 11:41:44 [TRACE] fiNbklYT7w0590hXtCVsMf ----------------------------------------------------
2023/08/01 11:41:44 [TRACE] fiNbklYT7w0590hXtCVsMf /IB344 토큰생성: 315fed5b-ea83-4738-82d1-5081442a7c3c
2023/08/01 11:41:44 [TRACE] fiNbklYT7w0590hXtCVsMf 2024-06-07 00:00:00 +0700 +07
2023/08/01 11:41:44 [TRACE] fiNbklYT7w0590hXtCVsMf ub.urlybud.aqua.castis.io 라이선스 정상
2023/08/01 11:41:44 [TRACE] fiNbklYT7w0590hXtCVsMf IB344 CheckExists()
2023/08/01 11:41:44 [TRACE] fiNbklYT7w0590hXtCVsMf IB344 CheckSecureLink()
2023/08/01 11:41:44 [TRACE] fiNbklYT7w0590hXtCVsMf IB344 CheckCount()
2023/08/01 11:41:44 [TRACE] fiNbklYT7w0590hXtCVsMf IB344 CheckExpire()
2023/08/01 11:41:44 [TRACE] fiNbklYT7w0590hXtCVsMf IB344 CheckAuth()
2023/08/01 11:41:44 [TRACE] fiNbklYT7w0590hXtCVsMf IB344 ServeLink()
2023/08/01 11:41:44 [TRACE] fiNbklYT7w0590hXtCVsMf IB344 Redirect()
2023/08/01 11:41:44 [TRACE] fiNbklYT7w0590hXtCVsMf IB344 GET 리다이렉트
2023/08/01 11:41:44 [TRACE] fiNbklYT7w0590hXtCVsMf /IB344 컨텍스트저장 UKey:'IB344'
2023/08/01 11:41:48 [TRACE] 7h2cCqjDlVu8iEK6DdmbKg /link/get 컨텍스트저장 UKey:'IB344'
2023/08/01 11:44:23 [TRACE] d4EMqZoQHjmcLInXtj4Jfk /link/get 컨텍스트저장 UKey:'ExGbK'
2023/08/01 11:44:49 [TRACE] isAw1Mkfapq7BjjPFS7NAF /link/get 컨텍스트저장 UKey:'ExGbK'
2023/08/01 11:45:21 [TRACE] hKhf5kyxvb9984rtj5WVSR ----------------------------------------------------
2023/08/01 11:45:21 [TRACE] hKhf5kyxvb9984rtj5WVSR /IB344 토큰생성: 86acd2e1-e005-48be-9c50-335d7f49fb20
2023/08/01 11:45:21 [TRACE] hKhf5kyxvb9984rtj5WVSR 2024-06-07 00:00:00 +0700 +07
2023/08/01 11:45:21 [TRACE] hKhf5kyxvb9984rtj5WVSR ub.urlybud.aqua.castis.io 라이선스 정상
2023/08/01 11:45:21 [TRACE] hKhf5kyxvb9984rtj5WVSR IB344 CheckExists()
2023/08/01 11:45:21 [TRACE] hKhf5kyxvb9984rtj5WVSR IB344 CheckSecureLink()
2023/08/01 11:45:21 [TRACE] hKhf5kyxvb9984rtj5WVSR IB344 CheckCount()
2023/08/01 11:45:21 [TRACE] hKhf5kyxvb9984rtj5WVSR IB344 CheckExpire()
2023/08/01 11:45:21 [TRACE] hKhf5kyxvb9984rtj5WVSR IB344 CheckAuth()
2023/08/01 11:45:21 [TRACE] hKhf5kyxvb9984rtj5WVSR IB344 ServeLink()
2023/08/01 11:45:21 [TRACE] hKhf5kyxvb9984rtj5WVSR IB344 Redirect()
2023/08/01 11:45:21 [TRACE] hKhf5kyxvb9984rtj5WVSR IB344 GET 리다이렉트
2023/08/01 11:45:21 [TRACE] hKhf5kyxvb9984rtj5WVSR /IB344 컨텍스트저장 UKey:'IB344'
2023/08/01 11:45:22 [TRACE] 6abZsX0pODlbRPnll38Dse /link/get 컨텍스트저장 UKey:'IB344'
2023/08/01 11:45:45 [TRACE] YoVo5R4EU7dzgaRTmLWXg ----------------------------------------------------
2023/08/01 11:45:45 [TRACE] YoVo5R4EU7dzgaRTmLWXg /IB344 요청토큰: 0ee230b5-4097-423a-810a-d838b1d4abc7
2023/08/01 11:45:45 [TRACE] YoVo5R4EU7dzgaRTmLWXg 2024-06-07 00:00:00 +0700 +07
2023/08/01 11:45:45 [TRACE] YoVo5R4EU7dzgaRTmLWXg ub.urlybud.aqua.castis.io 라이선스 정상
2023/08/01 11:45:45 [TRACE] YoVo5R4EU7dzgaRTmLWXg IB344 CheckExists()
2023/08/01 11:45:45 [TRACE] YoVo5R4EU7dzgaRTmLWXg IB344 CheckSecureLink()
2023/08/01 11:45:45 [TRACE] YoVo5R4EU7dzgaRTmLWXg IB344 CheckCount()
2023/08/01 11:45:45 [TRACE] YoVo5R4EU7dzgaRTmLWXg IB344 CheckExpire()
2023/08/01 11:45:45 [TRACE] YoVo5R4EU7dzgaRTmLWXg IB344 CheckAuth()
2023/08/01 11:45:45 [TRACE] YoVo5R4EU7dzgaRTmLWXg IB344 ServeLink()
2023/08/01 11:45:45 [TRACE] YoVo5R4EU7dzgaRTmLWXg IB344 Redirect()
2023/08/01 11:45:45 [TRACE] YoVo5R4EU7dzgaRTmLWXg IB344 GET 리다이렉트
2023/08/01 11:45:45 [TRACE] YoVo5R4EU7dzgaRTmLWXg /IB344 컨텍스트저장 UKey:'IB344'
2023/08/01 11:45:47 [TRACE] 3cnEa1MD6offQlnYQ03ibZ /link/get 컨텍스트저장 UKey:'IB344'
2023/08/01 11:45:51 [TRACE] adxEWZF2L2PdnJDmmQH3wG /link/get 컨텍스트저장 UKey:'IB344'
2023/08/01 11:48:37 [TRACE] ifvUAHju96fbiDxx4Dq4PV /link/get 컨텍스트저장 UKey:'IB344'
2023/08/01 11:59:49 [TRACE] 7UFHxTSVCupdvQpxWpXD3f /link/set 컨텍스트저장 UKey:'upgbI'
2023/08/01 12:00:25 [TRACE] 7lyZ1F5x56q5bkM9wQbhxN ----------------------------------------------------
2023/08/01 12:00:25 [TRACE] 7lyZ1F5x56q5bkM9wQbhxN /upgbI 토큰생성: f7922d37-af10-48f0-b027-3fe11d1b1aa5
2023/08/01 12:00:25 [TRACE] 7lyZ1F5x56q5bkM9wQbhxN 2024-06-07 00:00:00 +0700 +07
2023/08/01 12:00:25 [TRACE] 7lyZ1F5x56q5bkM9wQbhxN ub.urlybud.aqua.castis.io 라이선스 정상
2023/08/01 12:00:25 [TRACE] 7lyZ1F5x56q5bkM9wQbhxN upgbI CheckExists()
2023/08/01 12:00:25 [TRACE] 7lyZ1F5x56q5bkM9wQbhxN upgbI CheckSecureLink()
2023/08/01 12:00:25 [TRACE] 7lyZ1F5x56q5bkM9wQbhxN upgbI CheckCount()
2023/08/01 12:00:25 [TRACE] 7lyZ1F5x56q5bkM9wQbhxN upgbI CheckExpire()
2023/08/01 12:00:25 [TRACE] 7lyZ1F5x56q5bkM9wQbhxN upgbI CheckAuth()
2023/08/01 12:00:25 [TRACE] 7lyZ1F5x56q5bkM9wQbhxN upgbI ServeLink()
2023/08/01 12:00:25 [TRACE] 7lyZ1F5x56q5bkM9wQbhxN upgbI Redirect()
2023/08/01 12:00:25 [TRACE] 7lyZ1F5x56q5bkM9wQbhxN upgbI GET 리다이렉트
2023/08/01 12:00:25 [TRACE] 7lyZ1F5x56q5bkM9wQbhxN /upgbI 컨텍스트저장 UKey:'upgbI'
2023/08/01 12:00:29 [TRACE] cabLemkCRlRhXBPg2c6c10 /link/get 컨텍스트저장 UKey:'upgbI'
2023/08/01 12:00:46 [TRACE] k5p7cxSSp7J5Juvl3hAMNc /link/get 컨텍스트저장 UKey:'upgbI'
2023/08/01 12:02:15 [TRACE] 9b9oMM5MxbAkCR9CRLlIKf /link/get 컨텍스트저장 UKey:'upgbI'
2023/08/01 12:07:23 [TRACE] dru8mhzT3og9Gg1J3USyGC ----------------------------------------------------
2023/08/01 12:07:23 [TRACE] dru8mhzT3og9Gg1J3USyGC /upgbI 요청토큰: f7922d37-af10-48f0-b027-3fe11d1b1aa5
2023/08/01 12:07:23 [TRACE] dru8mhzT3og9Gg1J3USyGC 2024-06-07 00:00:00 +0700 +07
2023/08/01 12:07:23 [TRACE] dru8mhzT3og9Gg1J3USyGC ub.urlybud.aqua.castis.io 라이선스 정상
2023/08/01 12:07:23 [TRACE] dru8mhzT3og9Gg1J3USyGC upgbI CheckExists()
2023/08/01 12:07:23 [TRACE] dru8mhzT3og9Gg1J3USyGC upgbI CheckSecureLink()
2023/08/01 12:07:23 [TRACE] dru8mhzT3og9Gg1J3USyGC upgbI CheckCount()
2023/08/01 12:07:23 [TRACE] dru8mhzT3og9Gg1J3USyGC upgbI CheckExpire()
2023/08/01 12:07:23 [TRACE] dru8mhzT3og9Gg1J3USyGC upgbI CheckAuth()
2023/08/01 12:07:23 [TRACE] dru8mhzT3og9Gg1J3USyGC upgbI ServeLink()
2023/08/01 12:07:23 [TRACE] dru8mhzT3og9Gg1J3USyGC upgbI Redirect()
2023/08/01 12:07:23 [TRACE] dru8mhzT3og9Gg1J3USyGC upgbI GET 리다이렉트
2023/08/01 12:07:23 [TRACE] dru8mhzT3og9Gg1J3USyGC /upgbI 컨텍스트저장 UKey:'upgbI'
2023/08/01 12:07:24 [TRACE] 9luZFxdhVLqkwC4jTAB5s6 /link/get 컨텍스트저장 UKey:'upgbI'
2023/08/01 12:10:43 [TRACE] l4yFP477zKGdz2c6phsfhR /link/set 컨텍스트저장 UKey:'97zRg'
2023/08/01 12:10:57 [TRACE] 8bCfGLJ6y91THkvKRtKiF ----------------------------------------------------
2023/08/01 12:10:57 [TRACE] 8bCfGLJ6y91THkvKRtKiF /97zRg 요청토큰: f7922d37-af10-48f0-b027-3fe11d1b1aa5
2023/08/01 12:10:57 [TRACE] 8bCfGLJ6y91THkvKRtKiF 2024-06-07 00:00:00 +0700 +07
2023/08/01 12:10:57 [TRACE] 8bCfGLJ6y91THkvKRtKiF ub.urlybud.aqua.castis.io 라이선스 정상
2023/08/01 12:10:57 [TRACE] 8bCfGLJ6y91THkvKRtKiF 97zRg CheckExists()
2023/08/01 12:10:57 [TRACE] 8bCfGLJ6y91THkvKRtKiF 97zRg CheckSecureLink()
2023/08/01 12:10:57 [TRACE] 8bCfGLJ6y91THkvKRtKiF 97zRg CheckCount()
2023/08/01 12:10:57 [TRACE] 8bCfGLJ6y91THkvKRtKiF 97zRg CheckExpire()
2023/08/01 12:10:57 [TRACE] 8bCfGLJ6y91THkvKRtKiF 97zRg CheckAuth()
2023/08/01 12:10:57 [TRACE] 8bCfGLJ6y91THkvKRtKiF 97zRg ServeLink()
2023/08/01 12:10:57 [TRACE] 8bCfGLJ6y91THkvKRtKiF 97zRg Redirect()
2023/08/01 12:10:57 [TRACE] 8bCfGLJ6y91THkvKRtKiF 97zRg GET 리다이렉트
2023/08/01 12:10:57 [TRACE] 8bCfGLJ6y91THkvKRtKiF /97zRg 컨텍스트저장 UKey:'97zRg'
2023/08/01 12:10:58 [TRACE] bBYYK6dRgH927988wCyuHc /link/get 컨텍스트저장 UKey:'97zRg'
2023/08/01 12:16:42 [TRACE] j6PZTdQKNA8jhQPfcFDZXB ----------------------------------------------------
2023/08/01 12:16:42 [TRACE] j6PZTdQKNA8jhQPfcFDZXB /upgbI 요청토큰: f7922d37-af10-48f0-b027-3fe11d1b1aa5
2023/08/01 12:16:42 [TRACE] j6PZTdQKNA8jhQPfcFDZXB 2024-06-07 00:00:00 +0700 +07
2023/08/01 12:16:42 [TRACE] j6PZTdQKNA8jhQPfcFDZXB ub.urlybud.aqua.castis.io 라이선스 정상
2023/08/01 12:16:42 [TRACE] j6PZTdQKNA8jhQPfcFDZXB upgbI CheckExists()
2023/08/01 12:16:42 [TRACE] j6PZTdQKNA8jhQPfcFDZXB upgbI CheckSecureLink()
2023/08/01 12:16:42 [TRACE] j6PZTdQKNA8jhQPfcFDZXB upgbI CheckCount()
2023/08/01 12:16:42 [TRACE] j6PZTdQKNA8jhQPfcFDZXB upgbI CheckExpire()
2023/08/01 12:16:42 [TRACE] j6PZTdQKNA8jhQPfcFDZXB upgbI CheckAuth()
2023/08/01 12:16:42 [TRACE] j6PZTdQKNA8jhQPfcFDZXB upgbI ServeLink()
2023/08/01 12:16:42 [TRACE] j6PZTdQKNA8jhQPfcFDZXB upgbI Redirect()
2023/08/01 12:16:42 [TRACE] j6PZTdQKNA8jhQPfcFDZXB upgbI GET 리다이렉트
2023/08/01 12:16:42 [TRACE] j6PZTdQKNA8jhQPfcFDZXB /upgbI 컨텍스트저장 UKey:'upgbI'
2023/08/01 12:16:43 [TRACE] 4xoz6Dj4HDv14b6XEHVaHT /link/get 컨텍스트저장 UKey:'upgbI'
2023/08/01 12:20:17 [TRACE] l2KRIe8AxxXaa4c6H9VNy6 /link/get 컨텍스트저장 UKey:'ExGbK'
2023/08/01 12:21:55 [TRACE] jq9W2SyDWa2cSTqvxKBmlw /link/get 컨텍스트저장 UKey:'ExGbK'
2023/08/01 12:22:49 [TRACE] e57LVcNbc7V65ceCwZ8fRU ----------------------------------------------------
2023/08/01 12:22:49 [TRACE] e57LVcNbc7V65ceCwZ8fRU /86JDq 토큰생성: 329f4731-57a5-45db-89f0-38419a5b4413
2023/08/01 12:22:49 [TRACE] e57LVcNbc7V65ceCwZ8fRU 2024-06-07 00:00:00 +0700 +07
2023/08/01 12:22:49 [TRACE] e57LVcNbc7V65ceCwZ8fRU ub.urlybud.aqua.castis.io 라이선스 정상
2023/08/01 12:22:49 [TRACE] e57LVcNbc7V65ceCwZ8fRU 86JDq CheckExists()
2023/08/01 12:22:49 [TRACE] e57LVcNbc7V65ceCwZ8fRU 86JDq CheckSecureLink()
2023/08/01 12:22:49 [TRACE] e57LVcNbc7V65ceCwZ8fRU 86JDq CheckCount()
2023/08/01 12:22:49 [TRACE] e57LVcNbc7V65ceCwZ8fRU 86JDq CheckExpire()
2023/08/01 12:22:49 [TRACE] e57LVcNbc7V65ceCwZ8fRU 86JDq CheckAuth()
2023/08/01 12:22:49 [TRACE] e57LVcNbc7V65ceCwZ8fRU 86JDq ServeLink()
2023/08/01 12:22:49 [TRACE] e57LVcNbc7V65ceCwZ8fRU 86JDq Redirect()
2023/08/01 12:22:49 [TRACE] e57LVcNbc7V65ceCwZ8fRU 86JDq GET 리다이렉트
2023/08/01 12:22:49 [TRACE] e57LVcNbc7V65ceCwZ8fRU /86JDq 컨텍스트저장 UKey:'86JDq'
2023/08/01 12:22:51 [TRACE] jPIycR2Uitegtcp8HM3LwT /link/get 컨텍스트저장 UKey:'86JDq'
2023/08/01 12:22:55 [TRACE] 86AjFf5XPT2f5dlObO66fv ----------------------------------------------------
2023/08/01 12:22:55 [TRACE] 86AjFf5XPT2f5dlObO66fv /MEpQQ 요청토큰: 329f4731-57a5-45db-89f0-38419a5b4413
2023/08/01 12:22:55 [TRACE] 86AjFf5XPT2f5dlObO66fv 2024-06-07 00:00:00 +0700 +07
2023/08/01 12:22:55 [TRACE] 86AjFf5XPT2f5dlObO66fv ub.urlybud.aqua.castis.io 라이선스 정상
2023/08/01 12:22:55 [TRACE] 86AjFf5XPT2f5dlObO66fv MEpQQ CheckExists()
2023/08/01 12:22:55 [TRACE] 86AjFf5XPT2f5dlObO66fv MEpQQ CheckSecureLink()
2023/08/01 12:22:55 [TRACE] 86AjFf5XPT2f5dlObO66fv MEpQQ CheckCount()
2023/08/01 12:22:55 [TRACE] 86AjFf5XPT2f5dlObO66fv MEpQQ CheckExpire()
2023/08/01 12:22:55 [TRACE] 86AjFf5XPT2f5dlObO66fv MEpQQ CheckAuth()
2023/08/01 12:22:55 [TRACE] 86AjFf5XPT2f5dlObO66fv MEpQQ ServeLink()
2023/08/01 12:22:55 [TRACE] 86AjFf5XPT2f5dlObO66fv MEpQQ Redirect()
2023/08/01 12:22:55 [TRACE] 86AjFf5XPT2f5dlObO66fv MEpQQ GET 리다이렉트
2023/08/01 12:22:55 [TRACE] 86AjFf5XPT2f5dlObO66fv /MEpQQ 컨텍스트저장 UKey:'MEpQQ'
2023/08/01 12:22:56 [TRACE] 89bja5dBdzv6jznHhkizFJ /link/get 컨텍스트저장 UKey:'MEpQQ'
2023/08/01 12:24:21 [TRACE] 37GDodQMAM6a7H0I7NDeQx ----------------------------------------------------
2023/08/01 12:24:21 [TRACE] 37GDodQMAM6a7H0I7NDeQx /MEpQQ 요청토큰: 329f4731-57a5-45db-89f0-38419a5b4413
2023/08/01 12:24:21 [TRACE] 37GDodQMAM6a7H0I7NDeQx 2024-06-07 00:00:00 +0700 +07
2023/08/01 12:24:21 [TRACE] 37GDodQMAM6a7H0I7NDeQx ub.urlybud.aqua.castis.io 라이선스 정상
2023/08/01 12:24:21 [TRACE] 37GDodQMAM6a7H0I7NDeQx MEpQQ CheckExists()
2023/08/01 12:24:21 [TRACE] 37GDodQMAM6a7H0I7NDeQx MEpQQ CheckSecureLink()
2023/08/01 12:24:21 [TRACE] 37GDodQMAM6a7H0I7NDeQx MEpQQ CheckCount()
2023/08/01 12:24:21 [TRACE] 37GDodQMAM6a7H0I7NDeQx MEpQQ CheckExpire()
2023/08/01 12:24:21 [TRACE] 37GDodQMAM6a7H0I7NDeQx MEpQQ CheckAuth()
2023/08/01 12:24:21 [TRACE] 37GDodQMAM6a7H0I7NDeQx MEpQQ ServeLink()
2023/08/01 12:24:21 [TRACE] 37GDodQMAM6a7H0I7NDeQx MEpQQ Redirect()
2023/08/01 12:24:21 [TRACE] 37GDodQMAM6a7H0I7NDeQx MEpQQ GET 리다이렉트
2023/08/01 12:24:21 [TRACE] 37GDodQMAM6a7H0I7NDeQx /MEpQQ 컨텍스트저장 UKey:'MEpQQ'
2023/08/01 12:24:21 [TRACE] 5IfkCZ0hPCGgwM657DYaRj /link/get 컨텍스트저장 UKey:'MEpQQ'
2023/08/01 12:25:56 [TRACE] 1QOVuhKAjoOixoWeURpYlf /link/get 컨텍스트저장 UKey:'ExGbK'
2023/08/01 12:26:04 [TRACE] 40RIpyDsVKKk2vU5Id30m3 /link/get 컨텍스트저장 UKey:'ExGbk'
2023/08/01 12:26:15 [TRACE] aUxhtexGtSM4Gekkt5LySf /link/get 컨텍스트저장 UKey:'ExGbK'
2023/08/01 12:27:31 [TRACE] eN23gDUKXig7zrkn36jrLr ----------------------------------------------------
2023/08/01 12:27:31 [TRACE] eN23gDUKXig7zrkn36jrLr /upgbI 요청토큰: f7922d37-af10-48f0-b027-3fe11d1b1aa5
2023/08/01 12:27:31 [TRACE] eN23gDUKXig7zrkn36jrLr 2024-06-07 00:00:00 +0700 +07
2023/08/01 12:27:31 [TRACE] eN23gDUKXig7zrkn36jrLr ub.urlybud.aqua.castis.io 라이선스 정상
2023/08/01 12:27:31 [TRACE] eN23gDUKXig7zrkn36jrLr upgbI CheckExists()
2023/08/01 12:27:31 [TRACE] eN23gDUKXig7zrkn36jrLr upgbI CheckSecureLink()
2023/08/01 12:27:31 [TRACE] eN23gDUKXig7zrkn36jrLr upgbI CheckCount()
2023/08/01 12:27:31 [TRACE] eN23gDUKXig7zrkn36jrLr upgbI CheckExpire()
2023/08/01 12:27:31 [TRACE] eN23gDUKXig7zrkn36jrLr upgbI CheckAuth()
2023/08/01 12:27:31 [TRACE] eN23gDUKXig7zrkn36jrLr upgbI ServeLink()
2023/08/01 12:27:31 [TRACE] eN23gDUKXig7zrkn36jrLr upgbI Redirect()
2023/08/01 12:27:31 [TRACE] eN23gDUKXig7zrkn36jrLr upgbI GET 리다이렉트
2023/08/01 12:27:31 [TRACE] eN23gDUKXig7zrkn36jrLr /upgbI 컨텍스트저장 UKey:'upgbI'
2023/08/01 12:27:32 [TRACE] 9Yt2qZ8zxURfyZDjQuSJsO /link/get 컨텍스트저장 UKey:'upgbI'
2023/08/01 12:30:41 [TRACE] cxy0a7EoNrc5rpSIbiEqbI /link/set 컨텍스트저장 UKey:'HAcTn'
2023/08/01 12:30:55 [TRACE] iRSAAQ1GzNx35QP62aNAMC ----------------------------------------------------
2023/08/01 12:30:55 [TRACE] iRSAAQ1GzNx35QP62aNAMC /97zRg 요청토큰: f7922d37-af10-48f0-b027-3fe11d1b1aa5
2023/08/01 12:30:55 [TRACE] iRSAAQ1GzNx35QP62aNAMC 2024-06-07 00:00:00 +0700 +07
2023/08/01 12:30:55 [TRACE] iRSAAQ1GzNx35QP62aNAMC ub.urlybud.aqua.castis.io 라이선스 정상
2023/08/01 12:30:55 [TRACE] iRSAAQ1GzNx35QP62aNAMC 97zRg CheckExists()
2023/08/01 12:30:55 [TRACE] iRSAAQ1GzNx35QP62aNAMC 97zRg CheckSecureLink()
2023/08/01 12:30:55 [TRACE] iRSAAQ1GzNx35QP62aNAMC 97zRg CheckCount()
2023/08/01 12:30:55 [TRACE] iRSAAQ1GzNx35QP62aNAMC 97zRg CheckExpire()
2023/08/01 12:30:55 [TRACE] iRSAAQ1GzNx35QP62aNAMC 97zRg CheckAuth()
2023/08/01 12:30:55 [TRACE] iRSAAQ1GzNx35QP62aNAMC 97zRg ServeLink()
2023/08/01 12:30:55 [TRACE] iRSAAQ1GzNx35QP62aNAMC 97zRg Redirect()
2023/08/01 12:30:55 [TRACE] iRSAAQ1GzNx35QP62aNAMC 97zRg GET 리다이렉트
2023/08/01 12:30:55 [TRACE] iRSAAQ1GzNx35QP62aNAMC /97zRg 컨텍스트저장 UKey:'97zRg'
2023/08/01 12:30:56 [TRACE] kPKOa9SWd2n5YITWtGQxix /link/get 컨텍스트저장 UKey:'97zRg'
2023/08/01 12:31:31 [TRACE] 4cx0PMbkpf8gG1gyQhgogA ----------------------------------------------------
2023/08/01 12:31:31 [TRACE] 4cx0PMbkpf8gG1gyQhgogA /HAcTn 요청토큰: f7922d37-af10-48f0-b027-3fe11d1b1aa5
2023/08/01 12:31:31 [TRACE] 4cx0PMbkpf8gG1gyQhgogA 2024-06-07 00:00:00 +0700 +07
2023/08/01 12:31:31 [TRACE] 4cx0PMbkpf8gG1gyQhgogA ub.urlybud.aqua.castis.io 라이선스 정상
2023/08/01 12:31:31 [TRACE] 4cx0PMbkpf8gG1gyQhgogA HAcTn CheckExists()
2023/08/01 12:31:31 [TRACE] 4cx0PMbkpf8gG1gyQhgogA HAcTn CheckSecureLink()
2023/08/01 12:31:31 [TRACE] 4cx0PMbkpf8gG1gyQhgogA HAcTn CheckCount()
2023/08/01 12:31:31 [TRACE] 4cx0PMbkpf8gG1gyQhgogA HAcTn CheckExpire()
2023/08/01 12:31:31 [TRACE] 4cx0PMbkpf8gG1gyQhgogA HAcTn CheckAuth()
2023/08/01 12:31:31 [TRACE] 4cx0PMbkpf8gG1gyQhgogA HAcTn ServeLink()
2023/08/01 12:31:31 [TRACE] 4cx0PMbkpf8gG1gyQhgogA HAcTn Redirect()
2023/08/01 12:31:31 [TRACE] 4cx0PMbkpf8gG1gyQhgogA HAcTn GET 리다이렉트
2023/08/01 12:31:31 [TRACE] 4cx0PMbkpf8gG1gyQhgogA /HAcTn 컨텍스트저장 UKey:'HAcTn'
2023/08/01 12:31:32 [TRACE] gpb3TVTsj7nhuXg5tQ0Syi /link/get 컨텍스트저장 UKey:'HAcTn'
2023/08/01 12:33:11 [TRACE] icohRIEi7DybzNrZI0vTpQ /link/set 컨텍스트저장 UKey:'vq6q0'
2023/08/01 12:33:28 [TRACE] 3ahMuHCpiqBfQdcmyLIQnx ----------------------------------------------------
2023/08/01 12:33:28 [TRACE] 3ahMuHCpiqBfQdcmyLIQnx /vq6q0 요청토큰: f7922d37-af10-48f0-b027-3fe11d1b1aa5
2023/08/01 12:33:28 [TRACE] 3ahMuHCpiqBfQdcmyLIQnx 2024-06-07 00:00:00 +0700 +07
2023/08/01 12:33:28 [TRACE] 3ahMuHCpiqBfQdcmyLIQnx ub.urlybud.aqua.castis.io 라이선스 정상
2023/08/01 12:33:28 [TRACE] 3ahMuHCpiqBfQdcmyLIQnx vq6q0 CheckExists()
2023/08/01 12:33:28 [TRACE] 3ahMuHCpiqBfQdcmyLIQnx vq6q0 CheckSecureLink()
2023/08/01 12:33:28 [TRACE] 3ahMuHCpiqBfQdcmyLIQnx vq6q0 CheckCount()
2023/08/01 12:33:28 [TRACE] 3ahMuHCpiqBfQdcmyLIQnx vq6q0 CheckExpire()
2023/08/01 12:33:28 [TRACE] 3ahMuHCpiqBfQdcmyLIQnx vq6q0 CheckAuth()
2023/08/01 12:33:28 [TRACE] 3ahMuHCpiqBfQdcmyLIQnx vq6q0 ServeLink()
2023/08/01 12:33:28 [TRACE] 3ahMuHCpiqBfQdcmyLIQnx vq6q0 Redirect()
2023/08/01 12:33:28 [TRACE] 3ahMuHCpiqBfQdcmyLIQnx vq6q0 GET 리다이렉트
2023/08/01 12:33:28 [TRACE] 3ahMuHCpiqBfQdcmyLIQnx /vq6q0 컨텍스트저장 UKey:'vq6q0'
2023/08/01 12:33:29 [TRACE] kVhIsJnW6Nt26qNSokPv30 /link/get 컨텍스트저장 UKey:'vq6q0'
2023/08/01 12:35:55 [TRACE] 33zLJtl2jdnkXsZJhXyBqV ----------------------------------------------------
2023/08/01 12:35:55 [TRACE] 33zLJtl2jdnkXsZJhXyBqV /vq6q0 요청토큰: f7922d37-af10-48f0-b027-3fe11d1b1aa5
2023/08/01 12:35:55 [TRACE] 33zLJtl2jdnkXsZJhXyBqV 2024-06-07 00:00:00 +0700 +07
2023/08/01 12:35:55 [TRACE] 33zLJtl2jdnkXsZJhXyBqV ub.urlybud.aqua.castis.io 라이선스 정상
2023/08/01 12:35:55 [TRACE] 33zLJtl2jdnkXsZJhXyBqV vq6q0 CheckExists()
2023/08/01 12:35:55 [TRACE] 33zLJtl2jdnkXsZJhXyBqV vq6q0 CheckSecureLink()
2023/08/01 12:35:55 [TRACE] 33zLJtl2jdnkXsZJhXyBqV vq6q0 CheckCount()
2023/08/01 12:35:55 [TRACE] 33zLJtl2jdnkXsZJhXyBqV vq6q0 CheckExpire()
2023/08/01 12:35:55 [TRACE] 33zLJtl2jdnkXsZJhXyBqV vq6q0 CheckAuth()
2023/08/01 12:35:55 [TRACE] 33zLJtl2jdnkXsZJhXyBqV vq6q0 ServeLink()
2023/08/01 12:35:55 [TRACE] 33zLJtl2jdnkXsZJhXyBqV vq6q0 Redirect()
2023/08/01 12:35:55 [TRACE] 33zLJtl2jdnkXsZJhXyBqV vq6q0 GET 리다이렉트
2023/08/01 12:35:55 [TRACE] 33zLJtl2jdnkXsZJhXyBqV /vq6q0 컨텍스트저장 UKey:'vq6q0'
2023/08/01 12:35:56 [TRACE] awfhUmTci1jkOkfdU4fmg8 /link/get 컨텍스트저장 UKey:'vq6q0'
2023/08/01 12:37:18 [TRACE] 2NcmXxACekQkUFq6zFM0wo ----------------------------------------------------
2023/08/01 12:37:18 [TRACE] 2NcmXxACekQkUFq6zFM0wo /HAcTn 요청토큰: f7922d37-af10-48f0-b027-3fe11d1b1aa5
2023/08/01 12:37:18 [TRACE] 2NcmXxACekQkUFq6zFM0wo 2024-06-07 00:00:00 +0700 +07
2023/08/01 12:37:18 [TRACE] 2NcmXxACekQkUFq6zFM0wo ub.urlybud.aqua.castis.io 라이선스 정상
2023/08/01 12:37:18 [TRACE] 2NcmXxACekQkUFq6zFM0wo HAcTn CheckExists()
2023/08/01 12:37:18 [TRACE] 2NcmXxACekQkUFq6zFM0wo HAcTn CheckSecureLink()
2023/08/01 12:37:18 [TRACE] 2NcmXxACekQkUFq6zFM0wo HAcTn CheckCount()
2023/08/01 12:37:18 [TRACE] 2NcmXxACekQkUFq6zFM0wo HAcTn CheckExpire()
2023/08/01 12:37:18 [TRACE] 2NcmXxACekQkUFq6zFM0wo HAcTn CheckAuth()
2023/08/01 12:37:18 [TRACE] 2NcmXxACekQkUFq6zFM0wo HAcTn ServeLink()
2023/08/01 12:37:18 [TRACE] 2NcmXxACekQkUFq6zFM0wo HAcTn Redirect()
2023/08/01 12:37:18 [TRACE] 2NcmXxACekQkUFq6zFM0wo HAcTn GET 리다이렉트
2023/08/01 12:37:18 [TRACE] 2NcmXxACekQkUFq6zFM0wo /HAcTn 컨텍스트저장 UKey:'HAcTn'
2023/08/01 12:37:19 [TRACE] kuLDgXBKELV3OgGKaalWe5 /link/get 컨텍스트저장 UKey:'HAcTn'
2023/08/01 12:38:10 [TRACE] ajPRZTSx9RahKbrnVthnQk ----------------------------------------------------
2023/08/01 12:38:10 [TRACE] ajPRZTSx9RahKbrnVthnQk /HAcTn 요청토큰: f7922d37-af10-48f0-b027-3fe11d1b1aa5
2023/08/01 12:38:10 [TRACE] ajPRZTSx9RahKbrnVthnQk 2024-06-07 00:00:00 +0700 +07
2023/08/01 12:38:10 [TRACE] ajPRZTSx9RahKbrnVthnQk ub.urlybud.aqua.castis.io 라이선스 정상
2023/08/01 12:38:10 [TRACE] ajPRZTSx9RahKbrnVthnQk HAcTn CheckExists()
2023/08/01 12:38:10 [TRACE] ajPRZTSx9RahKbrnVthnQk HAcTn CheckSecureLink()
2023/08/01 12:38:10 [TRACE] ajPRZTSx9RahKbrnVthnQk HAcTn CheckCount()
2023/08/01 12:38:10 [TRACE] ajPRZTSx9RahKbrnVthnQk HAcTn CheckExpire()
2023/08/01 12:38:10 [TRACE] ajPRZTSx9RahKbrnVthnQk HAcTn CheckAuth()
2023/08/01 12:38:10 [TRACE] ajPRZTSx9RahKbrnVthnQk HAcTn ServeLink()
2023/08/01 12:38:10 [TRACE] ajPRZTSx9RahKbrnVthnQk HAcTn Redirect()
2023/08/01 12:38:10 [TRACE] ajPRZTSx9RahKbrnVthnQk HAcTn GET 리다이렉트
2023/08/01 12:38:10 [TRACE] ajPRZTSx9RahKbrnVthnQk /HAcTn 컨텍스트저장 UKey:'HAcTn'
2023/08/01 12:38:11 [TRACE] NLU2SgXgn2hYznmu9EK63 /link/get 컨텍스트저장 UKey:'HAcTn'
2023/08/01 12:39:58 [TRACE] XmQ47nUtvHhpNt7BixlOA /link/get 컨텍스트저장 UKey:'ExGbK'
2023/08/01 12:41:18 [TRACE] jCNtcseItp85TfytM5QVVg /link/get 컨텍스트저장 UKey:'HAcTn'
2023/08/01 12:44:08 [TRACE] bfVmbonGEVlCeUO3HBwlg /link/get 컨텍스트저장 UKey:'ExGbK'
2023/08/01 12:44:14 [TRACE] 7eweYkLMu5b3zuaH3rKJIy /link/get 컨텍스트저장 UKey:'ExGbK'
2023/08/01 12:44:49 [TRACE] fICMON3BGEJbTzmYIiaJ61 ----------------------------------------------------
2023/08/01 12:44:49 [TRACE] fICMON3BGEJbTzmYIiaJ61 /MEpQQ 요청토큰: 669bd32c-4eea-44de-82ae-aa25c7cbceb6
2023/08/01 12:44:49 [TRACE] fICMON3BGEJbTzmYIiaJ61 2024-06-07 00:00:00 +0700 +07
2023/08/01 12:44:49 [TRACE] fICMON3BGEJbTzmYIiaJ61 ub.urlybud.aqua.castis.io 라이선스 정상
2023/08/01 12:44:49 [TRACE] fICMON3BGEJbTzmYIiaJ61 MEpQQ CheckExists()
2023/08/01 12:44:49 [TRACE] fICMON3BGEJbTzmYIiaJ61 MEpQQ CheckSecureLink()
2023/08/01 12:44:49 [TRACE] fICMON3BGEJbTzmYIiaJ61 MEpQQ CheckCount()
2023/08/01 12:44:49 [TRACE] fICMON3BGEJbTzmYIiaJ61 MEpQQ CheckExpire()
2023/08/01 12:44:49 [TRACE] fICMON3BGEJbTzmYIiaJ61 MEpQQ CheckAuth()
2023/08/01 12:44:49 [TRACE] fICMON3BGEJbTzmYIiaJ61 MEpQQ ServeLink()
2023/08/01 12:44:49 [TRACE] fICMON3BGEJbTzmYIiaJ61 MEpQQ Redirect()
2023/08/01 12:44:49 [TRACE] fICMON3BGEJbTzmYIiaJ61 MEpQQ GET 리다이렉트
2023/08/01 12:44:49 [TRACE] fICMON3BGEJbTzmYIiaJ61 /MEpQQ 컨텍스트저장 UKey:'MEpQQ'
2023/08/01 12:44:50 [TRACE] eOY5HcwXO14h5oQTkrWQvg /link/get 컨텍스트저장 UKey:'MEpQQ'
2023/08/01 12:46:23 [TRACE] 5uGQ0yn0tNQ6vvf7unEjWs ----------------------------------------------------
2023/08/01 12:46:23 [TRACE] 5uGQ0yn0tNQ6vvf7unEjWs /MEpQQ 요청토큰: 7bbbd0f1-dd96-4537-b0a7-152a578cd1cb
2023/08/01 12:46:23 [TRACE] 5uGQ0yn0tNQ6vvf7unEjWs 2024-06-07 00:00:00 +0700 +07
2023/08/01 12:46:23 [TRACE] 5uGQ0yn0tNQ6vvf7unEjWs ub.urlybud.aqua.castis.io 라이선스 정상
2023/08/01 12:46:23 [TRACE] 5uGQ0yn0tNQ6vvf7unEjWs MEpQQ CheckExists()
2023/08/01 12:46:23 [TRACE] 5uGQ0yn0tNQ6vvf7unEjWs MEpQQ CheckSecureLink()
2023/08/01 12:46:23 [TRACE] 5uGQ0yn0tNQ6vvf7unEjWs MEpQQ CheckCount()
2023/08/01 12:46:23 [TRACE] 5uGQ0yn0tNQ6vvf7unEjWs MEpQQ CheckExpire()
2023/08/01 12:46:23 [TRACE] 5uGQ0yn0tNQ6vvf7unEjWs MEpQQ CheckAuth()
2023/08/01 12:46:23 [TRACE] 5uGQ0yn0tNQ6vvf7unEjWs MEpQQ ServeLink()
2023/08/01 12:46:23 [TRACE] 5uGQ0yn0tNQ6vvf7unEjWs MEpQQ Redirect()
2023/08/01 12:46:23 [TRACE] 5uGQ0yn0tNQ6vvf7unEjWs MEpQQ GET 리다이렉트
2023/08/01 12:46:23 [TRACE] 5uGQ0yn0tNQ6vvf7unEjWs /MEpQQ 컨텍스트저장 UKey:'MEpQQ'
2023/08/01 12:46:26 [TRACE] dvMIH9bMDtAbR2pCN6hulP /link/get 컨텍스트저장 UKey:'MEpQQ'
2023/08/01 12:48:16 [TRACE] cs9jjyuVRnQ4JSUc8Q15Qp ----------------------------------------------------
2023/08/01 12:48:16 [TRACE] cs9jjyuVRnQ4JSUc8Q15Qp /MEpQQ 요청토큰: 669bd32c-4eea-44de-82ae-aa25c7cbceb6
2023/08/01 12:48:16 [TRACE] cs9jjyuVRnQ4JSUc8Q15Qp 2024-06-07 00:00:00 +0700 +07
2023/08/01 12:48:16 [TRACE] cs9jjyuVRnQ4JSUc8Q15Qp ub.urlybud.aqua.castis.io 라이선스 정상
2023/08/01 12:48:16 [TRACE] cs9jjyuVRnQ4JSUc8Q15Qp MEpQQ CheckExists()
2023/08/01 12:48:16 [TRACE] cs9jjyuVRnQ4JSUc8Q15Qp MEpQQ CheckSecureLink()
2023/08/01 12:48:16 [TRACE] cs9jjyuVRnQ4JSUc8Q15Qp MEpQQ CheckCount()
2023/08/01 12:48:16 [TRACE] cs9jjyuVRnQ4JSUc8Q15Qp MEpQQ CheckExpire()
2023/08/01 12:48:16 [TRACE] cs9jjyuVRnQ4JSUc8Q15Qp MEpQQ CheckAuth()
2023/08/01 12:48:16 [TRACE] cs9jjyuVRnQ4JSUc8Q15Qp MEpQQ ServeLink()
2023/08/01 12:48:16 [TRACE] cs9jjyuVRnQ4JSUc8Q15Qp MEpQQ Redirect()
2023/08/01 12:48:16 [TRACE] cs9jjyuVRnQ4JSUc8Q15Qp MEpQQ GET 리다이렉트
2023/08/01 12:48:16 [TRACE] cs9jjyuVRnQ4JSUc8Q15Qp /MEpQQ 컨텍스트저장 UKey:'MEpQQ'
2023/08/01 12:48:17 [TRACE] 2WrPZMEsqMu88G11GQ0E42 /link/get 컨텍스트저장 UKey:'MEpQQ'
2023/08/01 12:48:26 [TRACE] 4dYUulriLUiiOwqhRMrpiA ----------------------------------------------------
2023/08/01 12:48:26 [TRACE] 4dYUulriLUiiOwqhRMrpiA /MEpQQ 요청토큰: 669bd32c-4eea-44de-82ae-aa25c7cbceb6
2023/08/01 12:48:26 [TRACE] 4dYUulriLUiiOwqhRMrpiA 2024-06-07 00:00:00 +0700 +07
2023/08/01 12:48:26 [TRACE] 4dYUulriLUiiOwqhRMrpiA ub.urlybud.aqua.castis.io 라이선스 정상
2023/08/01 12:48:26 [TRACE] 4dYUulriLUiiOwqhRMrpiA MEpQQ CheckExists()
2023/08/01 12:48:26 [TRACE] 4dYUulriLUiiOwqhRMrpiA MEpQQ CheckSecureLink()
2023/08/01 12:48:26 [TRACE] 4dYUulriLUiiOwqhRMrpiA MEpQQ CheckCount()
2023/08/01 12:48:26 [TRACE] 4dYUulriLUiiOwqhRMrpiA MEpQQ CheckExpire()
2023/08/01 12:48:26 [TRACE] 4dYUulriLUiiOwqhRMrpiA MEpQQ CheckAuth()
2023/08/01 12:48:26 [TRACE] 4dYUulriLUiiOwqhRMrpiA MEpQQ ServeLink()
2023/08/01 12:48:26 [TRACE] 4dYUulriLUiiOwqhRMrpiA MEpQQ Redirect()
2023/08/01 12:48:26 [TRACE] 4dYUulriLUiiOwqhRMrpiA MEpQQ GET 리다이렉트
2023/08/01 12:48:26 [TRACE] 4dYUulriLUiiOwqhRMrpiA /MEpQQ 컨텍스트저장 UKey:'MEpQQ'
2023/08/01 12:48:27 [TRACE] syAPCxGg8n4KsyqJMHHkr /link/get 컨텍스트저장 UKey:'MEpQQ'
2023/08/01 12:48:32 [TRACE] j6ElNS7QGMeaKU2i9vqKLm ----------------------------------------------------
2023/08/01 12:48:32 [TRACE] j6ElNS7QGMeaKU2i9vqKLm /ExGbK 요청토큰: 669bd32c-4eea-44de-82ae-aa25c7cbceb6
2023/08/01 12:48:32 [TRACE] j6ElNS7QGMeaKU2i9vqKLm 2024-06-07 00:00:00 +0700 +07
2023/08/01 12:48:32 [TRACE] j6ElNS7QGMeaKU2i9vqKLm ub.urlybud.aqua.castis.io 라이선스 정상
2023/08/01 12:48:32 [TRACE] j6ElNS7QGMeaKU2i9vqKLm ExGbK CheckExists()
2023/08/01 12:48:32 [TRACE] j6ElNS7QGMeaKU2i9vqKLm ExGbK CheckSecureLink()
2023/08/01 12:48:32 [TRACE] j6ElNS7QGMeaKU2i9vqKLm ExGbK CheckCount()
2023/08/01 12:48:32 [TRACE] j6ElNS7QGMeaKU2i9vqKLm ExGbK CheckExpire()
2023/08/01 12:48:32 [TRACE] j6ElNS7QGMeaKU2i9vqKLm ExGbK CheckAuth()
2023/08/01 12:48:32 [TRACE] j6ElNS7QGMeaKU2i9vqKLm ExGbK ServeLink()
2023/08/01 12:48:32 [TRACE] j6ElNS7QGMeaKU2i9vqKLm ExGbK Redirect()
2023/08/01 12:48:32 [TRACE] j6ElNS7QGMeaKU2i9vqKLm ExGbK GET 리다이렉트
2023/08/01 12:48:32 [TRACE] j6ElNS7QGMeaKU2i9vqKLm /ExGbK 컨텍스트저장 UKey:'ExGbK'
2023/08/01 12:48:33 [TRACE] 3TqoaC1WXnRaxp6n7o1ocv /link/get 컨텍스트저장 UKey:'ExGbK'
2023/08/01 12:49:55 [TRACE] 5yPeqanScE919i6VmxZLkF ----------------------------------------------------
2023/08/01 12:49:55 [TRACE] 5yPeqanScE919i6VmxZLkF /HAcTn 요청토큰: f7922d37-af10-48f0-b027-3fe11d1b1aa5
2023/08/01 12:49:55 [TRACE] 5yPeqanScE919i6VmxZLkF 2024-06-07 00:00:00 +0700 +07
2023/08/01 12:49:55 [TRACE] 5yPeqanScE919i6VmxZLkF ub.urlybud.aqua.castis.io 라이선스 정상
2023/08/01 12:49:55 [TRACE] 5yPeqanScE919i6VmxZLkF HAcTn CheckExists()
2023/08/01 12:49:55 [TRACE] 5yPeqanScE919i6VmxZLkF HAcTn CheckSecureLink()
2023/08/01 12:49:55 [TRACE] 5yPeqanScE919i6VmxZLkF HAcTn CheckCount()
2023/08/01 12:49:55 [TRACE] 5yPeqanScE919i6VmxZLkF HAcTn CheckExpire()
2023/08/01 12:49:55 [TRACE] 5yPeqanScE919i6VmxZLkF HAcTn CheckAuth()
2023/08/01 12:49:55 [TRACE] 5yPeqanScE919i6VmxZLkF HAcTn ServeLink()
2023/08/01 12:49:55 [TRACE] 5yPeqanScE919i6VmxZLkF HAcTn Redirect()
2023/08/01 12:49:55 [TRACE] 5yPeqanScE919i6VmxZLkF HAcTn GET 리다이렉트
2023/08/01 12:49:55 [TRACE] 5yPeqanScE919i6VmxZLkF /HAcTn 컨텍스트저장 UKey:'HAcTn'
2023/08/01 12:49:57 [TRACE] 64NULWSI4Qkik0vvnALD3w /link/get 컨텍스트저장 UKey:'HAcTn'
2023/08/01 12:50:28 [TRACE] jATFk5blePf6NiDnNbGvbQ /link/set 컨텍스트저장 UKey:'KCJxk'
2023/08/01 12:50:46 [TRACE] fyzaxiT7aSMcOptxWN5Um2 ----------------------------------------------------
2023/08/01 12:50:46 [TRACE] fyzaxiT7aSMcOptxWN5Um2 /KCJxk 요청토큰: f7922d37-af10-48f0-b027-3fe11d1b1aa5
2023/08/01 12:50:46 [TRACE] fyzaxiT7aSMcOptxWN5Um2 2024-06-07 00:00:00 +0700 +07
2023/08/01 12:50:46 [TRACE] fyzaxiT7aSMcOptxWN5Um2 ub.urlybud.aqua.castis.io 라이선스 정상
2023/08/01 12:50:46 [TRACE] fyzaxiT7aSMcOptxWN5Um2 KCJxk CheckExists()
2023/08/01 12:50:46 [TRACE] fyzaxiT7aSMcOptxWN5Um2 KCJxk CheckSecureLink()
2023/08/01 12:50:46 [TRACE] fyzaxiT7aSMcOptxWN5Um2 KCJxk CheckCount()
2023/08/01 12:50:46 [TRACE] fyzaxiT7aSMcOptxWN5Um2 KCJxk CheckExpire()
2023/08/01 12:50:46 [TRACE] fyzaxiT7aSMcOptxWN5Um2 KCJxk CheckAuth()
2023/08/01 12:50:46 [TRACE] fyzaxiT7aSMcOptxWN5Um2 KCJxk ServeLink()
2023/08/01 12:50:46 [TRACE] fyzaxiT7aSMcOptxWN5Um2 KCJxk Redirect()
2023/08/01 12:50:46 [TRACE] fyzaxiT7aSMcOptxWN5Um2 KCJxk GET 리다이렉트
2023/08/01 12:50:46 [TRACE] fyzaxiT7aSMcOptxWN5Um2 /KCJxk 컨텍스트저장 UKey:'KCJxk'
2023/08/01 12:50:47 [TRACE] j8CbApSgJXZiujoRi55qJR /link/get 컨텍스트저장 UKey:'KCJxk'
2023/08/01 12:51:39 [TRACE] gmAnNL0WJBC6ITkp9G3KMc ----------------------------------------------------
2023/08/01 12:51:39 [TRACE] gmAnNL0WJBC6ITkp9G3KMc /KCJxk 요청토큰: f7922d37-af10-48f0-b027-3fe11d1b1aa5
2023/08/01 12:51:39 [TRACE] gmAnNL0WJBC6ITkp9G3KMc 2024-06-07 00:00:00 +0700 +07
2023/08/01 12:51:39 [TRACE] gmAnNL0WJBC6ITkp9G3KMc ub.urlybud.aqua.castis.io 라이선스 정상
2023/08/01 12:51:39 [TRACE] gmAnNL0WJBC6ITkp9G3KMc KCJxk CheckExists()
2023/08/01 12:51:39 [TRACE] gmAnNL0WJBC6ITkp9G3KMc KCJxk CheckSecureLink()
2023/08/01 12:51:39 [TRACE] gmAnNL0WJBC6ITkp9G3KMc KCJxk CheckCount()
2023/08/01 12:51:39 [TRACE] gmAnNL0WJBC6ITkp9G3KMc KCJxk CheckExpire()
2023/08/01 12:51:39 [TRACE] gmAnNL0WJBC6ITkp9G3KMc KCJxk CheckAuth()
2023/08/01 12:51:39 [TRACE] gmAnNL0WJBC6ITkp9G3KMc KCJxk ServeLink()
2023/08/01 12:51:39 [TRACE] gmAnNL0WJBC6ITkp9G3KMc KCJxk Redirect()
2023/08/01 12:51:39 [TRACE] gmAnNL0WJBC6ITkp9G3KMc KCJxk GET 리다이렉트
2023/08/01 12:51:39 [TRACE] gmAnNL0WJBC6ITkp9G3KMc /KCJxk 컨텍스트저장 UKey:'KCJxk'
2023/08/01 12:51:40 [TRACE] kQ58gyNGUt4kRKocritkl /link/get 컨텍스트저장 UKey:'KCJxk'
2023/08/01 12:51:53 [TRACE] bMsG41MsUEz8IOnUFgtOx8 ----------------------------------------------------
2023/08/01 12:51:53 [TRACE] bMsG41MsUEz8IOnUFgtOx8 /upgbI 요청토큰: f7922d37-af10-48f0-b027-3fe11d1b1aa5
2023/08/01 12:51:53 [TRACE] bMsG41MsUEz8IOnUFgtOx8 2024-06-07 00:00:00 +0700 +07
2023/08/01 12:51:53 [TRACE] bMsG41MsUEz8IOnUFgtOx8 ub.urlybud.aqua.castis.io 라이선스 정상
2023/08/01 12:51:53 [TRACE] bMsG41MsUEz8IOnUFgtOx8 upgbI CheckExists()
2023/08/01 12:51:53 [TRACE] bMsG41MsUEz8IOnUFgtOx8 upgbI CheckSecureLink()
2023/08/01 12:51:53 [TRACE] bMsG41MsUEz8IOnUFgtOx8 upgbI CheckCount()
2023/08/01 12:51:53 [TRACE] bMsG41MsUEz8IOnUFgtOx8 upgbI CheckExpire()
2023/08/01 12:51:53 [TRACE] bMsG41MsUEz8IOnUFgtOx8 upgbI CheckAuth()
2023/08/01 12:51:53 [TRACE] bMsG41MsUEz8IOnUFgtOx8 upgbI ServeLink()
2023/08/01 12:51:53 [TRACE] bMsG41MsUEz8IOnUFgtOx8 upgbI Redirect()
2023/08/01 12:51:53 [TRACE] bMsG41MsUEz8IOnUFgtOx8 upgbI GET 리다이렉트
2023/08/01 12:51:53 [TRACE] bMsG41MsUEz8IOnUFgtOx8 /upgbI 컨텍스트저장 UKey:'upgbI'
2023/08/01 12:51:54 [TRACE] hQQck5OhXUsjnnUzDi4HBe /link/get 컨텍스트저장 UKey:'upgbI'
2023/08/01 12:52:04 [TRACE] g5SJ0RiAmDFa796CpQMH5s /link/get 컨텍스트저장 UKey:'upgbI'
2023/08/01 12:52:10 [TRACE] b26nrT0sjvakaqcpVvvO9t ----------------------------------------------------
2023/08/01 12:52:10 [TRACE] b26nrT0sjvakaqcpVvvO9t /97zRg 요청토큰: f7922d37-af10-48f0-b027-3fe11d1b1aa5
2023/08/01 12:52:10 [TRACE] b26nrT0sjvakaqcpVvvO9t 2024-06-07 00:00:00 +0700 +07
2023/08/01 12:52:10 [TRACE] b26nrT0sjvakaqcpVvvO9t ub.urlybud.aqua.castis.io 라이선스 정상
2023/08/01 12:52:10 [TRACE] b26nrT0sjvakaqcpVvvO9t 97zRg CheckExists()
2023/08/01 12:52:10 [TRACE] b26nrT0sjvakaqcpVvvO9t 97zRg CheckSecureLink()
2023/08/01 12:52:10 [TRACE] b26nrT0sjvakaqcpVvvO9t 97zRg CheckCount()
2023/08/01 12:52:10 [TRACE] b26nrT0sjvakaqcpVvvO9t 97zRg CheckExpire()
2023/08/01 12:52:10 [TRACE] b26nrT0sjvakaqcpVvvO9t 97zRg CheckAuth()
2023/08/01 12:52:10 [TRACE] b26nrT0sjvakaqcpVvvO9t 97zRg ServeLink()
2023/08/01 12:52:10 [TRACE] b26nrT0sjvakaqcpVvvO9t 97zRg Redirect()
2023/08/01 12:52:10 [TRACE] b26nrT0sjvakaqcpVvvO9t 97zRg GET 리다이렉트
2023/08/01 12:52:10 [TRACE] b26nrT0sjvakaqcpVvvO9t /97zRg 컨텍스트저장 UKey:'97zRg'
2023/08/01 12:52:10 [TRACE] 1hn23Y1Nsb24yLlksKcaF7 /link/get 컨텍스트저장 UKey:'97zRg'
2023/08/01 12:53:33 [TRACE] 2w13q6gSbGQlJ3DuHDKElQ ----------------------------------------------------
2023/08/01 12:53:33 [TRACE] 2w13q6gSbGQlJ3DuHDKElQ /MEpQQ 요청토큰: 669bd32c-4eea-44de-82ae-aa25c7cbceb6
2023/08/01 12:53:33 [TRACE] 2w13q6gSbGQlJ3DuHDKElQ 2024-06-07 00:00:00 +0700 +07
2023/08/01 12:53:33 [TRACE] 2w13q6gSbGQlJ3DuHDKElQ ub.urlybud.aqua.castis.io 라이선스 정상
2023/08/01 12:53:33 [TRACE] 2w13q6gSbGQlJ3DuHDKElQ MEpQQ CheckExists()
2023/08/01 12:53:33 [TRACE] 2w13q6gSbGQlJ3DuHDKElQ MEpQQ CheckSecureLink()
2023/08/01 12:53:33 [TRACE] 2w13q6gSbGQlJ3DuHDKElQ MEpQQ CheckCount()
2023/08/01 12:53:33 [TRACE] 2w13q6gSbGQlJ3DuHDKElQ MEpQQ CheckExpire()
2023/08/01 12:53:33 [TRACE] 2w13q6gSbGQlJ3DuHDKElQ MEpQQ CheckAuth()
2023/08/01 12:53:33 [TRACE] 2w13q6gSbGQlJ3DuHDKElQ MEpQQ ServeLink()
2023/08/01 12:53:33 [TRACE] 2w13q6gSbGQlJ3DuHDKElQ MEpQQ Redirect()
2023/08/01 12:53:33 [TRACE] 2w13q6gSbGQlJ3DuHDKElQ MEpQQ GET 리다이렉트
2023/08/01 12:53:33 [TRACE] 2w13q6gSbGQlJ3DuHDKElQ /MEpQQ 컨텍스트저장 UKey:'MEpQQ'
2023/08/01 12:53:35 [TRACE] hmbIoOcawQ34SKRs55f3wF /link/get 컨텍스트저장 UKey:'MEpQQ'
2023/08/01 12:55:02 [TRACE] 3dNpVjiEbkU1Yn4OV1mfCF /link/get 컨텍스트저장 UKey:'ExGbK'
2023/08/01 12:55:14 [TRACE] 7BFwVHJvLEP3DNjwYuOSC8 ----------------------------------------------------
2023/08/01 12:55:14 [TRACE] 7BFwVHJvLEP3DNjwYuOSC8 /MEpQQ 요청토큰: 669bd32c-4eea-44de-82ae-aa25c7cbceb6
2023/08/01 12:55:14 [TRACE] 7BFwVHJvLEP3DNjwYuOSC8 2024-06-07 00:00:00 +0700 +07
2023/08/01 12:55:14 [TRACE] 7BFwVHJvLEP3DNjwYuOSC8 ub.urlybud.aqua.castis.io 라이선스 정상
2023/08/01 12:55:14 [TRACE] 7BFwVHJvLEP3DNjwYuOSC8 MEpQQ CheckExists()
2023/08/01 12:55:14 [TRACE] 7BFwVHJvLEP3DNjwYuOSC8 MEpQQ CheckSecureLink()
2023/08/01 12:55:14 [TRACE] 7BFwVHJvLEP3DNjwYuOSC8 MEpQQ CheckCount()
2023/08/01 12:55:14 [TRACE] 7BFwVHJvLEP3DNjwYuOSC8 MEpQQ CheckExpire()
2023/08/01 12:55:14 [TRACE] 7BFwVHJvLEP3DNjwYuOSC8 MEpQQ CheckAuth()
2023/08/01 12:55:14 [TRACE] 7BFwVHJvLEP3DNjwYuOSC8 MEpQQ ServeLink()
2023/08/01 12:55:14 [TRACE] 7BFwVHJvLEP3DNjwYuOSC8 MEpQQ Redirect()
2023/08/01 12:55:14 [TRACE] 7BFwVHJvLEP3DNjwYuOSC8 MEpQQ GET 리다이렉트
2023/08/01 12:55:14 [TRACE] 7BFwVHJvLEP3DNjwYuOSC8 /MEpQQ 컨텍스트저장 UKey:'MEpQQ'
2023/08/01 12:55:16 [TRACE] 1GRf0ULAF3C2QwQiyaCrGz /link/get 컨텍스트저장 UKey:'MEpQQ'
2023/08/01 12:55:27 [TRACE] dz0WZdWk8Fcho0qXAl0dtq /link/get 컨텍스트저장 UKey:'ExGbK'
2023/08/01 12:55:30 [TRACE] dPIIuTdaBps60luKnP03CK /link/get 컨텍스트저장 UKey:'MEpQQ'
2023/08/01 12:55:46 [TRACE] 9yEcSMLxKXJx0N7k0khFA /link/get 컨텍스트저장 UKey:'MEpQQ'
2023/08/01 12:56:28 [TRACE] 4h8OsP0Rq0Pc7jJ5Pts5Ul /link/get 컨텍스트저장 UKey:'MEpQQ'
2023/08/01 12:56:39 [TRACE] fj8n1hzmY26fI7AsBEjpnh /link/get 컨텍스트저장 UKey:'MEpQQ'
2023/08/01 12:57:29 [TRACE] jCtmguN4UvAc0KLjN15IoU /link/get 컨텍스트저장 UKey:'MEpQQ'
2023/08/01 12:57:54 [TRACE] hnkttuLlt32jSWBd8Tvmxm /link/get 컨텍스트저장 UKey:'MEpQQ'
2023/08/01 12:58:09 [TRACE] 7Bp5CfEAgVeH1yWqBTrDL /link/get 컨텍스트저장 UKey:'MEpQQ'
2023/08/01 12:58:12 [TRACE] jGAykrSw1sRfzuA1uyY12I /link/get 컨텍스트저장 UKey:'MEpQQ'
2023/08/01 12:58:16 [TRACE] 4yECwpCWSb6eypf7HGyzkd /link/get 컨텍스트저장 UKey:'MEpQQ'
2023/08/01 12:58:24 [TRACE] bhv1hdVBZ2J8dMSV8uaNL7 /link/get 컨텍스트저장 UKey:'MEpQQ'
2023/08/01 12:58:42 [TRACE] 74eWokexr3BltFhNkBEqmT /link/get 컨텍스트저장 UKey:'MEpQQ'
2023/08/01 12:58:45 [TRACE] 9HT7YhoxF4blrbZtwhtVpw /link/get 컨텍스트저장 UKey:'MEpQQ'
2023/08/01 12:59:11 [TRACE] gdlI6RKZeqKeld5zBS6XZf /link/get 컨텍스트저장 UKey:'MEpQQ'
2023/08/01 12:59:15 [TRACE] e5Rai7CTMm38BdutJDdHxp /link/get 컨텍스트저장 UKey:'MEpQQ'
2023/08/01 13:12:36 [TRACE] 1uc7JJmxDm4fiYusC9qA5K /link/set 컨텍스트저장 UKey:'FywvI'
2023/08/01 13:14:40 [TRACE] 4WMZvKtwscy7bS78BcS8E8 ----------------------------------------------------
2023/08/01 13:14:40 [TRACE] 4WMZvKtwscy7bS78BcS8E8 /FywvI 토큰생성: 004a6afb-42ff-4ed0-88cf-d1b507e2ea1d
2023/08/01 13:14:40 [TRACE] 4WMZvKtwscy7bS78BcS8E8 2024-06-07 00:00:00 +0700 +07
2023/08/01 13:14:40 [TRACE] 4WMZvKtwscy7bS78BcS8E8 ub.urlybud.aqua.castis.io 라이선스 정상
2023/08/01 13:14:40 [TRACE] 4WMZvKtwscy7bS78BcS8E8 FywvI CheckExists()
2023/08/01 13:14:40 [TRACE] 4WMZvKtwscy7bS78BcS8E8 FywvI CheckSecureLink()
2023/08/01 13:14:40 [TRACE] 4WMZvKtwscy7bS78BcS8E8 FywvI CheckCount()
2023/08/01 13:14:40 [TRACE] 4WMZvKtwscy7bS78BcS8E8 FywvI CheckExpire()
2023/08/01 13:14:40 [TRACE] 4WMZvKtwscy7bS78BcS8E8 FywvI CheckAuth()
2023/08/01 13:14:40 [TRACE] 4WMZvKtwscy7bS78BcS8E8 FywvI ServeLink()
2023/08/01 13:14:40 [TRACE] 4WMZvKtwscy7bS78BcS8E8 FywvI Redirect()
2023/08/01 13:14:40 [TRACE] 4WMZvKtwscy7bS78BcS8E8 FywvI GET 리다이렉트
2023/08/01 13:14:40 [TRACE] 4WMZvKtwscy7bS78BcS8E8 /FywvI 컨텍스트저장 UKey:'FywvI'
2023/08/01 13:14:43 [TRACE] kWLA2fYbssAepkQZ64CDN /link/get 컨텍스트저장 UKey:'FywvI'
2023/08/01 13:15:52 [TRACE] 1EWiucrBLf29ztJEo3VdY /link/get 컨텍스트저장 UKey:'FywvI'
2023/08/01 13:17:57 [TRACE] 7uXTl3xHVYvkonOqUm9xPu ----------------------------------------------------
2023/08/01 13:17:57 [TRACE] 7uXTl3xHVYvkonOqUm9xPu /FywvI 요청토큰: 004a6afb-42ff-4ed0-88cf-d1b507e2ea1d
2023/08/01 13:17:57 [TRACE] 7uXTl3xHVYvkonOqUm9xPu 2024-06-07 00:00:00 +0700 +07
2023/08/01 13:17:57 [TRACE] 7uXTl3xHVYvkonOqUm9xPu ub.urlybud.aqua.castis.io 라이선스 정상
2023/08/01 13:17:57 [TRACE] 7uXTl3xHVYvkonOqUm9xPu FywvI CheckExists()
2023/08/01 13:17:57 [TRACE] 7uXTl3xHVYvkonOqUm9xPu FywvI CheckSecureLink()
2023/08/01 13:17:57 [TRACE] 7uXTl3xHVYvkonOqUm9xPu FywvI CheckCount()
2023/08/01 13:17:57 [TRACE] 7uXTl3xHVYvkonOqUm9xPu FywvI CheckExpire()
2023/08/01 13:17:57 [TRACE] 7uXTl3xHVYvkonOqUm9xPu FywvI CheckAuth()
2023/08/01 13:17:57 [TRACE] 7uXTl3xHVYvkonOqUm9xPu FywvI ServeLink()
2023/08/01 13:17:57 [TRACE] 7uXTl3xHVYvkonOqUm9xPu FywvI Redirect()
2023/08/01 13:17:57 [TRACE] 7uXTl3xHVYvkonOqUm9xPu FywvI GET 리다이렉트
2023/08/01 13:17:57 [TRACE] 7uXTl3xHVYvkonOqUm9xPu /FywvI 컨텍스트저장 UKey:'FywvI'
2023/08/01 13:17:58 [TRACE] hQjZKzaJI7e3B6pifb2Ehs /link/get 컨텍스트저장 UKey:'FywvI'
2023/08/01 13:20:17 [TRACE] 99ygNl8dyeX6KwLdWsVAEX /link/get 컨텍스트저장 UKey:'MEpQQ'
2023/08/01 13:20:21 [TRACE] 6L2W03G5W7j3peqR9gDpol /link/get 컨텍스트저장 UKey:'86JDq'
2023/08/01 13:20:57 [TRACE] 6ZzgKwju7e455IIDTMyb0e /link/get 컨텍스트저장 UKey:'86JDq'
2023/08/01 13:21:26 [TRACE] hZ3BwYn83uU7FaqfW8XiHb ----------------------------------------------------
2023/08/01 13:21:26 [TRACE] hZ3BwYn83uU7FaqfW8XiHb /MEpQQ 요청토큰: 855a7b09-4590-4252-94ac-49c2e6c4a62f
2023/08/01 13:21:26 [TRACE] hZ3BwYn83uU7FaqfW8XiHb 2024-06-07 00:00:00 +0700 +07
2023/08/01 13:21:26 [TRACE] hZ3BwYn83uU7FaqfW8XiHb ub.urlybud.aqua.castis.io 라이선스 정상
2023/08/01 13:21:26 [TRACE] hZ3BwYn83uU7FaqfW8XiHb MEpQQ CheckExists()
2023/08/01 13:21:26 [TRACE] hZ3BwYn83uU7FaqfW8XiHb MEpQQ CheckSecureLink()
2023/08/01 13:21:26 [TRACE] hZ3BwYn83uU7FaqfW8XiHb MEpQQ CheckCount()
2023/08/01 13:21:26 [TRACE] hZ3BwYn83uU7FaqfW8XiHb MEpQQ CheckExpire()
2023/08/01 13:21:26 [TRACE] hZ3BwYn83uU7FaqfW8XiHb MEpQQ CheckAuth()
2023/08/01 13:21:26 [TRACE] hZ3BwYn83uU7FaqfW8XiHb MEpQQ ServeLink()
2023/08/01 13:21:26 [TRACE] hZ3BwYn83uU7FaqfW8XiHb MEpQQ Redirect()
2023/08/01 13:21:26 [TRACE] hZ3BwYn83uU7FaqfW8XiHb MEpQQ GET 리다이렉트
2023/08/01 13:21:26 [TRACE] hZ3BwYn83uU7FaqfW8XiHb /MEpQQ 컨텍스트저장 UKey:'MEpQQ'
2023/08/01 13:21:27 [TRACE] gPYCV1SLS4m4lnioZpIU9g /link/get 컨텍스트저장 UKey:'MEpQQ'
2023/08/01 13:28:12 [TRACE] mgDLTpM6dpjcHOF1sInwc /link/set 컨텍스트저장 UKey:'NFgbt'
2023/08/01 13:28:59 [TRACE] dfQAXo3cN8dlGka70K9Cwi /link/set 컨텍스트저장 UKey:'LDzMs'
2023/08/01 13:31:56 [TRACE] aX0xHtSO5gBatziU14iYid /link/get 컨텍스트저장 UKey:'IB344'
2023/08/01 13:35:11 [TRACE] cGAB0EMCq2c3l8EeOOf0O6 /link/set 컨텍스트저장 UKey:'43mPG'
2023/08/01 13:35:31 [TRACE] 1vAhOZXBBRGlDxsXghugwG ----------------------------------------------------
2023/08/01 13:35:31 [TRACE] 1vAhOZXBBRGlDxsXghugwG /43mPG 토큰생성: b46e7719-b06b-4391-adc2-124972548f2a
2023/08/01 13:35:31 [TRACE] 1vAhOZXBBRGlDxsXghugwG 2024-06-07 00:00:00 +0700 +07
2023/08/01 13:35:31 [TRACE] 1vAhOZXBBRGlDxsXghugwG ub.urlybud.aqua.castis.io 라이선스 정상
2023/08/01 13:35:31 [TRACE] 1vAhOZXBBRGlDxsXghugwG 43mPG CheckExists()
2023/08/01 13:35:31 [TRACE] 1vAhOZXBBRGlDxsXghugwG 43mPG CheckSecureLink()
2023/08/01 13:35:31 [TRACE] 1vAhOZXBBRGlDxsXghugwG 43mPG CheckCount()
2023/08/01 13:35:31 [TRACE] 1vAhOZXBBRGlDxsXghugwG 43mPG CheckExpire()
2023/08/01 13:35:31 [TRACE] 1vAhOZXBBRGlDxsXghugwG 43mPG CheckAuth()
2023/08/01 13:35:31 [TRACE] 1vAhOZXBBRGlDxsXghugwG 43mPG ServeLink()
2023/08/01 13:35:31 [TRACE] 1vAhOZXBBRGlDxsXghugwG 43mPG Redirect()
2023/08/01 13:35:31 [TRACE] 1vAhOZXBBRGlDxsXghugwG 43mPG GET 리다이렉트
2023/08/01 13:35:31 [TRACE] 1vAhOZXBBRGlDxsXghugwG /43mPG 컨텍스트저장 UKey:'43mPG'
2023/08/01 13:35:32 [TRACE] 12RJMNlHbWy3nD4xuvT0Zx /link/get 컨텍스트저장 UKey:'43mPG'
2023/08/01 13:36:48 [TRACE] 18gMJ7fLA2J7DN9ocj7Ebk /link/get 컨텍스트저장 UKey:'43mPG'
2023/08/01 13:39:25 [TRACE] dYZ5Z79C2xZaPfusFhoatR /link/get 컨텍스트저장 UKey:'MEpQQ'
2023/08/01 13:39:31 [TRACE] 5ryv9vhBlvmaL5bl9tyj4Z ----------------------------------------------------
2023/08/01 13:39:31 [TRACE] 5ryv9vhBlvmaL5bl9tyj4Z /86JDq 요청토큰: 855a7b09-4590-4252-94ac-49c2e6c4a62f
2023/08/01 13:39:31 [TRACE] 5ryv9vhBlvmaL5bl9tyj4Z 2024-06-07 00:00:00 +0700 +07
2023/08/01 13:39:31 [TRACE] 5ryv9vhBlvmaL5bl9tyj4Z ub.urlybud.aqua.castis.io 라이선스 정상
2023/08/01 13:39:31 [TRACE] 5ryv9vhBlvmaL5bl9tyj4Z 86JDq CheckExists()
2023/08/01 13:39:31 [TRACE] 5ryv9vhBlvmaL5bl9tyj4Z 86JDq CheckSecureLink()
2023/08/01 13:39:31 [TRACE] 5ryv9vhBlvmaL5bl9tyj4Z 86JDq CheckCount()
2023/08/01 13:39:31 [TRACE] 5ryv9vhBlvmaL5bl9tyj4Z 86JDq CheckExpire()
2023/08/01 13:39:31 [TRACE] 5ryv9vhBlvmaL5bl9tyj4Z 86JDq CheckAuth()
2023/08/01 13:39:31 [TRACE] 5ryv9vhBlvmaL5bl9tyj4Z 86JDq ServeLink()
2023/08/01 13:39:31 [TRACE] 5ryv9vhBlvmaL5bl9tyj4Z 86JDq Redirect()
2023/08/01 13:39:31 [TRACE] 5ryv9vhBlvmaL5bl9tyj4Z 86JDq GET 리다이렉트
2023/08/01 13:39:31 [TRACE] 5ryv9vhBlvmaL5bl9tyj4Z /86JDq 컨텍스트저장 UKey:'86JDq'
2023/08/01 13:39:31 [TRACE] 4uO0ILXAgqDiS1Y3Uhubac /link/get 컨텍스트저장 UKey:'86JDq'
2023/08/01 13:39:51 [TRACE] gpUu6NWVpyS5heCAdWb8iw /link/get 컨텍스트저장 UKey:'86JDq'
2023/08/01 13:40:32 [TRACE] 9Tb9ToEeG1ff6PZLO5TnPx /link/get 컨텍스트저장 UKey:'86JDq'
2023/08/01 13:40:45 [TRACE] exmE3lsFYz715BSc3gESSC ----------------------------------------------------
2023/08/01 13:40:45 [TRACE] exmE3lsFYz715BSc3gESSC /32wC8 요청토큰: 855a7b09-4590-4252-94ac-49c2e6c4a62f
2023/08/01 13:40:45 [TRACE] exmE3lsFYz715BSc3gESSC 2024-06-07 00:00:00 +0700 +07
2023/08/01 13:40:45 [TRACE] exmE3lsFYz715BSc3gESSC ub.urlybud.aqua.castis.io 라이선스 정상
2023/08/01 13:40:45 [TRACE] exmE3lsFYz715BSc3gESSC 32wC8 CheckExists()
2023/08/01 13:40:45 [TRACE] exmE3lsFYz715BSc3gESSC 32wC8 CheckSecureLink()
2023/08/01 13:40:45 [TRACE] exmE3lsFYz715BSc3gESSC 32wC8 CheckCount()
2023/08/01 13:40:45 [TRACE] exmE3lsFYz715BSc3gESSC 32wC8 CheckExpire()
2023/08/01 13:40:45 [TRACE] exmE3lsFYz715BSc3gESSC 32wC8 CheckAuth()
2023/08/01 13:40:45 [TRACE] exmE3lsFYz715BSc3gESSC 32wC8 ServeLink()
2023/08/01 13:40:45 [TRACE] exmE3lsFYz715BSc3gESSC 32wC8 Redirect()
2023/08/01 13:40:45 [TRACE] exmE3lsFYz715BSc3gESSC 32wC8 GET 리다이렉트
2023/08/01 13:40:45 [TRACE] exmE3lsFYz715BSc3gESSC /32wC8 컨텍스트저장 UKey:'32wC8'
2023/08/01 13:40:45 [TRACE] htP15EhX8Mri4FCh9r7USN /link/get 컨텍스트저장 UKey:'32wC8'
2023/08/01 13:40:55 [TRACE] jIlZ8dcNrbicpP09SJER3h /link/get 컨텍스트저장 UKey:'86JDq'
2023/08/01 13:41:29 [TRACE] kaNYp4thzUFhldbZpHEvfe /link/get 컨텍스트저장 UKey:'86JDq'
2023/08/01 13:41:32 [TRACE] ckdI9LUpXQP7FAIh8YbLq4 /link/get 컨텍스트저장 UKey:'86JDq'
2023/08/01 13:42:27 [TRACE] dQx76qmQL2Y9NVrQrQ1Xqv /link/get 컨텍스트저장 UKey:'43mPG'
2023/08/01 13:42:28 [TRACE] 8uJRqYC1Ymy9kmZcFBezid /link/get 컨텍스트저장 UKey:'43mPG'
2023/08/01 13:42:37 [TRACE] 32JJdJlJrjE6YDzb38dCGo ----------------------------------------------------
2023/08/01 13:42:37 [TRACE] 32JJdJlJrjE6YDzb38dCGo /43mPG 요청토큰: b46e7719-b06b-4391-adc2-124972548f2a
2023/08/01 13:42:37 [TRACE] 32JJdJlJrjE6YDzb38dCGo 2024-06-07 00:00:00 +0700 +07
2023/08/01 13:42:37 [TRACE] 32JJdJlJrjE6YDzb38dCGo ub.urlybud.aqua.castis.io 라이선스 정상
2023/08/01 13:42:37 [TRACE] 32JJdJlJrjE6YDzb38dCGo 43mPG CheckExists()
2023/08/01 13:42:37 [TRACE] 32JJdJlJrjE6YDzb38dCGo 43mPG CheckSecureLink()
2023/08/01 13:42:37 [TRACE] 32JJdJlJrjE6YDzb38dCGo 43mPG CheckCount()
2023/08/01 13:42:37 [TRACE] 32JJdJlJrjE6YDzb38dCGo 43mPG CheckExpire()
2023/08/01 13:42:37 [TRACE] 32JJdJlJrjE6YDzb38dCGo 43mPG CheckAuth()
2023/08/01 13:42:37 [TRACE] 32JJdJlJrjE6YDzb38dCGo 43mPG ServeLink()
2023/08/01 13:42:37 [TRACE] 32JJdJlJrjE6YDzb38dCGo 43mPG Redirect()
2023/08/01 13:42:37 [TRACE] 32JJdJlJrjE6YDzb38dCGo 43mPG GET 리다이렉트
2023/08/01 13:42:37 [TRACE] 32JJdJlJrjE6YDzb38dCGo /43mPG 컨텍스트저장 UKey:'43mPG'
2023/08/01 13:42:37 [TRACE] bu30JQ5JDye7DXwJ2CinVa /link/get 컨텍스트저장 UKey:'43mPG'
2023/08/01 13:42:41 [TRACE] d5qkSwviiN62IWoGeo92ej /link/get 컨텍스트저장 UKey:'43mPG'
2023/08/01 13:43:43 [TRACE] jObfGdmgCPKlz7uPo2y5ER /link/get 컨텍스트저장 UKey:'86JDq'
2023/08/01 13:43:45 [TRACE] lGLsOPj51iwi5mRyitQm4Y /link/get 컨텍스트저장 UKey:'86JDq'
2023/08/01 13:43:47 [TRACE] 7ysg97bKICk7wZJt2504Ei /link/get 컨텍스트저장 UKey:'86JDq'
2023/08/01 13:43:53 [TRACE] c12Abexo1bthHgVTqThFa4 /link/set 컨텍스트저장 UKey:'lhGnE'
2023/08/01 13:43:54 [TRACE] d9eQ1P3FtI2G0ZaWULJ5z ----------------------------------------------------
2023/08/01 13:43:54 [TRACE] d9eQ1P3FtI2G0ZaWULJ5z /MEpQQ 요청토큰: 855a7b09-4590-4252-94ac-49c2e6c4a62f
2023/08/01 13:43:54 [TRACE] d9eQ1P3FtI2G0ZaWULJ5z 2024-06-07 00:00:00 +0700 +07
2023/08/01 13:43:54 [TRACE] d9eQ1P3FtI2G0ZaWULJ5z ub.urlybud.aqua.castis.io 라이선스 정상
2023/08/01 13:43:54 [TRACE] d9eQ1P3FtI2G0ZaWULJ5z MEpQQ CheckExists()
2023/08/01 13:43:54 [TRACE] d9eQ1P3FtI2G0ZaWULJ5z MEpQQ CheckSecureLink()
2023/08/01 13:43:54 [TRACE] d9eQ1P3FtI2G0ZaWULJ5z MEpQQ CheckCount()
2023/08/01 13:43:54 [TRACE] d9eQ1P3FtI2G0ZaWULJ5z MEpQQ CheckExpire()
2023/08/01 13:43:54 [TRACE] d9eQ1P3FtI2G0ZaWULJ5z MEpQQ CheckAuth()
2023/08/01 13:43:54 [TRACE] d9eQ1P3FtI2G0ZaWULJ5z MEpQQ ServeLink()
2023/08/01 13:43:54 [TRACE] d9eQ1P3FtI2G0ZaWULJ5z MEpQQ Redirect()
2023/08/01 13:43:54 [TRACE] d9eQ1P3FtI2G0ZaWULJ5z MEpQQ GET 리다이렉트
2023/08/01 13:43:54 [TRACE] d9eQ1P3FtI2G0ZaWULJ5z /MEpQQ 컨텍스트저장 UKey:'MEpQQ'
2023/08/01 13:43:54 [TRACE] dQAJMvHyVvFkaBEDemC588 /link/get 컨텍스트저장 UKey:'MEpQQ'
2023/08/01 13:45:01 [TRACE] 8kMKfsIFyvTgXn4FnrVfuk /link/set 컨텍스트저장 UKey:'WMQ7c'
2023/08/01 13:45:41 [TRACE] ecAJWlrCvY1jM1JHhUiBpI ----------------------------------------------------
2023/08/01 13:45:41 [TRACE] ecAJWlrCvY1jM1JHhUiBpI /WMQ7c 요청토큰: f7922d37-af10-48f0-b027-3fe11d1b1aa5
2023/08/01 13:45:41 [TRACE] ecAJWlrCvY1jM1JHhUiBpI 2024-06-07 00:00:00 +0700 +07
2023/08/01 13:45:41 [TRACE] ecAJWlrCvY1jM1JHhUiBpI ub.urlybud.aqua.castis.io 라이선스 정상
2023/08/01 13:45:41 [TRACE] ecAJWlrCvY1jM1JHhUiBpI WMQ7c CheckExists()
2023/08/01 13:45:41 [TRACE] ecAJWlrCvY1jM1JHhUiBpI WMQ7c CheckSecureLink()
2023/08/01 13:45:41 [TRACE] ecAJWlrCvY1jM1JHhUiBpI WMQ7c CheckCount()
2023/08/01 13:45:41 [TRACE] ecAJWlrCvY1jM1JHhUiBpI WMQ7c CheckExpire()
2023/08/01 13:45:41 [TRACE] ecAJWlrCvY1jM1JHhUiBpI WMQ7c CheckAuth()
2023/08/01 13:45:41 [TRACE] ecAJWlrCvY1jM1JHhUiBpI WMQ7c ServeLink()
2023/08/01 13:45:41 [TRACE] ecAJWlrCvY1jM1JHhUiBpI WMQ7c Redirect()
2023/08/01 13:45:41 [TRACE] ecAJWlrCvY1jM1JHhUiBpI WMQ7c GET 리다이렉트
2023/08/01 13:45:41 [TRACE] ecAJWlrCvY1jM1JHhUiBpI /WMQ7c 컨텍스트저장 UKey:'WMQ7c'
2023/08/01 13:45:44 [TRACE] 4GzLsnCmVKg2Bc2bVpvmnC ----------------------------------------------------
2023/08/01 13:45:44 [TRACE] 4GzLsnCmVKg2Bc2bVpvmnC /lhGnE 요청토큰: b46e7719-b06b-4391-adc2-124972548f2a
2023/08/01 13:45:44 [TRACE] 4GzLsnCmVKg2Bc2bVpvmnC 2024-06-07 00:00:00 +0700 +07
2023/08/01 13:45:44 [TRACE] 4GzLsnCmVKg2Bc2bVpvmnC ub.urlybud.aqua.castis.io 라이선스 정상
2023/08/01 13:45:44 [TRACE] 4GzLsnCmVKg2Bc2bVpvmnC lhGnE CheckExists()
2023/08/01 13:45:44 [TRACE] 4GzLsnCmVKg2Bc2bVpvmnC lhGnE CheckSecureLink()
2023/08/01 13:45:44 [TRACE] 4GzLsnCmVKg2Bc2bVpvmnC lhGnE CheckCount()
2023/08/01 13:45:44 [TRACE] 4GzLsnCmVKg2Bc2bVpvmnC lhGnE CheckExpire()
2023/08/01 13:45:44 [TRACE] 4GzLsnCmVKg2Bc2bVpvmnC lhGnE CheckAuth()
2023/08/01 13:45:44 [TRACE] 4GzLsnCmVKg2Bc2bVpvmnC lhGnE ServeLink()
2023/08/01 13:45:44 [TRACE] 4GzLsnCmVKg2Bc2bVpvmnC lhGnE Redirect()
2023/08/01 13:45:44 [TRACE] 4GzLsnCmVKg2Bc2bVpvmnC lhGnE GET 리다이렉트
2023/08/01 13:45:44 [TRACE] 4GzLsnCmVKg2Bc2bVpvmnC /lhGnE 컨텍스트저장 UKey:'lhGnE'
2023/08/01 13:45:44 [TRACE] 506Xqyr1G8BeTUQYUUDeQp /link/get 컨텍스트저장 UKey:'lhGnE'
2023/08/01 13:45:44 [TRACE] kprn9ZCOhl8l0VcODpCSiG ----------------------------------------------------
2023/08/01 13:45:44 [TRACE] kprn9ZCOhl8l0VcODpCSiG /WMQ7c 요청토큰: f7922d37-af10-48f0-b027-3fe11d1b1aa5
2023/08/01 13:45:44 [TRACE] kprn9ZCOhl8l0VcODpCSiG 2024-06-07 00:00:00 +0700 +07
2023/08/01 13:45:44 [TRACE] kprn9ZCOhl8l0VcODpCSiG ub.urlybud.aqua.castis.io 라이선스 정상
2023/08/01 13:45:44 [TRACE] kprn9ZCOhl8l0VcODpCSiG WMQ7c CheckExists()
2023/08/01 13:45:44 [TRACE] kprn9ZCOhl8l0VcODpCSiG WMQ7c CheckSecureLink()
2023/08/01 13:45:44 [TRACE] kprn9ZCOhl8l0VcODpCSiG WMQ7c CheckCount()
2023/08/01 13:45:44 [TRACE] kprn9ZCOhl8l0VcODpCSiG WMQ7c CheckExpire()
2023/08/01 13:45:44 [TRACE] kprn9ZCOhl8l0VcODpCSiG WMQ7c CheckAuth()
2023/08/01 13:45:44 [TRACE] kprn9ZCOhl8l0VcODpCSiG WMQ7c ServeLink()
2023/08/01 13:45:44 [TRACE] kprn9ZCOhl8l0VcODpCSiG WMQ7c Redirect()
2023/08/01 13:45:44 [TRACE] kprn9ZCOhl8l0VcODpCSiG WMQ7c GET 리다이렉트
2023/08/01 13:45:44 [TRACE] kprn9ZCOhl8l0VcODpCSiG /WMQ7c 컨텍스트저장 UKey:'WMQ7c'
2023/08/01 13:45:46 [TRACE] lDlNvMkffB32kkgjxsruKL /link/get 컨텍스트저장 UKey:'WMQ7c'
2023/08/01 13:48:00 [TRACE] aQ96SbUpjKx4AS0wpN0lN6 ----------------------------------------------------
2023/08/01 13:48:00 [TRACE] aQ96SbUpjKx4AS0wpN0lN6 /FywvI 요청토큰: 004a6afb-42ff-4ed0-88cf-d1b507e2ea1d
2023/08/01 13:48:00 [TRACE] aQ96SbUpjKx4AS0wpN0lN6 2024-06-07 00:00:00 +0700 +07
2023/08/01 13:48:00 [TRACE] aQ96SbUpjKx4AS0wpN0lN6 ub.urlybud.aqua.castis.io 라이선스 정상
2023/08/01 13:48:00 [TRACE] aQ96SbUpjKx4AS0wpN0lN6 FywvI CheckExists()
2023/08/01 13:48:00 [TRACE] aQ96SbUpjKx4AS0wpN0lN6 FywvI CheckSecureLink()
2023/08/01 13:48:00 [TRACE] aQ96SbUpjKx4AS0wpN0lN6 FywvI CheckCount()
2023/08/01 13:48:00 [TRACE] aQ96SbUpjKx4AS0wpN0lN6 FywvI CheckExpire()
2023/08/01 13:48:00 [TRACE] aQ96SbUpjKx4AS0wpN0lN6 FywvI CheckAuth()
2023/08/01 13:48:00 [TRACE] aQ96SbUpjKx4AS0wpN0lN6 FywvI ServeLink()
2023/08/01 13:48:00 [TRACE] aQ96SbUpjKx4AS0wpN0lN6 FywvI Redirect()
2023/08/01 13:48:00 [TRACE] aQ96SbUpjKx4AS0wpN0lN6 FywvI GET 리다이렉트
2023/08/01 13:48:00 [TRACE] aQ96SbUpjKx4AS0wpN0lN6 /FywvI 컨텍스트저장 UKey:'FywvI'
2023/08/01 13:48:01 [TRACE] 20fdqQ6tj11gyMlcDO1qLv /link/get 컨텍스트저장 UKey:'FywvI'
2023/08/01 13:48:05 [TRACE] l4Bv3Ixk11LcoAZ3ekriie /link/get 컨텍스트저장 UKey:'FywvI'
2023/08/01 13:48:09 [TRACE] 4X7qjcU7inU91s7qvxT0cS /link/get 컨텍스트저장 UKey:'FywvI'
2023/08/01 13:48:20 [TRACE] lg2lcKOuozq7EyU3NAW6wJ /link/get 컨텍스트저장 UKey:'FywvI'
2023/08/01 13:49:00 [TRACE] 5nNMXvKs1lVdgIaotIkpCb /link/get 컨텍스트저장 UKey:'MEpQQ'
2023/08/01 14:00:00 [TRACE] lLiVn1Bauk8dBW0Lv8DBts ----------------------------------------------------
2023/08/01 14:00:00 [TRACE] lLiVn1Bauk8dBW0Lv8DBts /86JDq 요청토큰: 855a7b09-4590-4252-94ac-49c2e6c4a62f
2023/08/01 14:00:00 [TRACE] lLiVn1Bauk8dBW0Lv8DBts 2024-06-07 00:00:00 +0700 +07
2023/08/01 14:00:00 [TRACE] lLiVn1Bauk8dBW0Lv8DBts ub.urlybud.aqua.castis.io 라이선스 정상
2023/08/01 14:00:00 [TRACE] lLiVn1Bauk8dBW0Lv8DBts 86JDq CheckExists()
2023/08/01 14:00:00 [TRACE] lLiVn1Bauk8dBW0Lv8DBts 86JDq CheckSecureLink()
2023/08/01 14:00:00 [TRACE] lLiVn1Bauk8dBW0Lv8DBts 86JDq CheckCount()
2023/08/01 14:00:00 [TRACE] lLiVn1Bauk8dBW0Lv8DBts 86JDq CheckExpire()
2023/08/01 14:00:00 [TRACE] lLiVn1Bauk8dBW0Lv8DBts 86JDq CheckAuth()
2023/08/01 14:00:00 [TRACE] lLiVn1Bauk8dBW0Lv8DBts 86JDq ServeLink()
2023/08/01 14:00:00 [TRACE] lLiVn1Bauk8dBW0Lv8DBts 86JDq Redirect()
2023/08/01 14:00:00 [TRACE] lLiVn1Bauk8dBW0Lv8DBts 86JDq GET 리다이렉트
2023/08/01 14:00:00 [TRACE] lLiVn1Bauk8dBW0Lv8DBts /86JDq 컨텍스트저장 UKey:'86JDq'
2023/08/01 14:00:01 [TRACE] fdh67XJS3yZ2yM5U8zpzBx /link/get 컨텍스트저장 UKey:'86JDq'
2023/08/01 14:00:03 [TRACE] 2Z1WhB3ZkYIf0PEwvJQh6 ----------------------------------------------------
2023/08/01 14:00:03 [TRACE] 2Z1WhB3ZkYIf0PEwvJQh6 /32wC8 요청토큰: 855a7b09-4590-4252-94ac-49c2e6c4a62f
2023/08/01 14:00:03 [TRACE] 2Z1WhB3ZkYIf0PEwvJQh6 2024-06-07 00:00:00 +0700 +07
2023/08/01 14:00:03 [TRACE] 2Z1WhB3ZkYIf0PEwvJQh6 ub.urlybud.aqua.castis.io 라이선스 정상
2023/08/01 14:00:03 [TRACE] 2Z1WhB3ZkYIf0PEwvJQh6 32wC8 CheckExists()
2023/08/01 14:00:03 [TRACE] 2Z1WhB3ZkYIf0PEwvJQh6 32wC8 CheckSecureLink()
2023/08/01 14:00:03 [TRACE] 2Z1WhB3ZkYIf0PEwvJQh6 32wC8 CheckCount()
2023/08/01 14:00:03 [TRACE] 2Z1WhB3ZkYIf0PEwvJQh6 32wC8 CheckExpire()
2023/08/01 14:00:03 [TRACE] 2Z1WhB3ZkYIf0PEwvJQh6 32wC8 CheckAuth()
2023/08/01 14:00:03 [TRACE] 2Z1WhB3ZkYIf0PEwvJQh6 32wC8 ServeLink()
2023/08/01 14:00:03 [TRACE] 2Z1WhB3ZkYIf0PEwvJQh6 32wC8 Redirect()
2023/08/01 14:00:03 [TRACE] 2Z1WhB3ZkYIf0PEwvJQh6 32wC8 GET 리다이렉트
2023/08/01 14:00:03 [TRACE] 2Z1WhB3ZkYIf0PEwvJQh6 /32wC8 컨텍스트저장 UKey:'32wC8'
2023/08/01 14:00:03 [TRACE] 3dEOGsrYQTWgpYWd6ROSli /link/get 컨텍스트저장 UKey:'32wC8'
2023/08/01 14:00:07 [TRACE] dEPIlmTi9LH50uLusKAeK7 ----------------------------------------------------
2023/08/01 14:00:07 [TRACE] dEPIlmTi9LH50uLusKAeK7 /njmJ4 요청토큰: 855a7b09-4590-4252-94ac-49c2e6c4a62f
2023/08/01 14:00:07 [TRACE] dEPIlmTi9LH50uLusKAeK7 2024-06-07 00:00:00 +0700 +07
2023/08/01 14:00:07 [TRACE] dEPIlmTi9LH50uLusKAeK7 ub.urlybud.aqua.castis.io 라이선스 정상
2023/08/01 14:00:07 [TRACE] dEPIlmTi9LH50uLusKAeK7 njmJ4 CheckExists()
2023/08/01 14:00:07 [TRACE] dEPIlmTi9LH50uLusKAeK7 njmJ4 CheckSecureLink()
2023/08/01 14:00:07 [TRACE] dEPIlmTi9LH50uLusKAeK7 njmJ4 CheckCount()
2023/08/01 14:00:07 [TRACE] dEPIlmTi9LH50uLusKAeK7 njmJ4 CheckExpire()
2023/08/01 14:00:07 [TRACE] dEPIlmTi9LH50uLusKAeK7 njmJ4 CheckAuth()
2023/08/01 14:00:07 [TRACE] dEPIlmTi9LH50uLusKAeK7 njmJ4 ServeLink()
2023/08/01 14:00:07 [TRACE] dEPIlmTi9LH50uLusKAeK7 njmJ4 Redirect()
2023/08/01 14:00:07 [TRACE] dEPIlmTi9LH50uLusKAeK7 njmJ4 GET 리다이렉트
2023/08/01 14:00:07 [TRACE] dEPIlmTi9LH50uLusKAeK7 /njmJ4 컨텍스트저장 UKey:'njmJ4'
2023/08/01 14:00:07 [TRACE] 5F9xhmWPgEskKEPaIWsPXt /link/get 컨텍스트저장 UKey:'njmJ4'
2023/08/01 14:00:09 [TRACE] eOftU2ZTsx32WoyLKxJzMO ----------------------------------------------------
2023/08/01 14:00:09 [TRACE] eOftU2ZTsx32WoyLKxJzMO /IB344 요청토큰: 855a7b09-4590-4252-94ac-49c2e6c4a62f
2023/08/01 14:00:09 [TRACE] eOftU2ZTsx32WoyLKxJzMO 2024-06-07 00:00:00 +0700 +07
2023/08/01 14:00:09 [TRACE] eOftU2ZTsx32WoyLKxJzMO ub.urlybud.aqua.castis.io 라이선스 정상
2023/08/01 14:00:09 [TRACE] eOftU2ZTsx32WoyLKxJzMO IB344 CheckExists()
2023/08/01 14:00:09 [TRACE] eOftU2ZTsx32WoyLKxJzMO IB344 CheckSecureLink()
2023/08/01 14:00:09 [TRACE] eOftU2ZTsx32WoyLKxJzMO IB344 CheckCount()
2023/08/01 14:00:09 [TRACE] eOftU2ZTsx32WoyLKxJzMO IB344 CheckExpire()
2023/08/01 14:00:09 [TRACE] eOftU2ZTsx32WoyLKxJzMO IB344 CheckAuth()
2023/08/01 14:00:09 [TRACE] eOftU2ZTsx32WoyLKxJzMO IB344 ServeLink()
2023/08/01 14:00:09 [TRACE] eOftU2ZTsx32WoyLKxJzMO IB344 Redirect()
2023/08/01 14:00:09 [TRACE] eOftU2ZTsx32WoyLKxJzMO IB344 GET 리다이렉트
2023/08/01 14:00:09 [TRACE] eOftU2ZTsx32WoyLKxJzMO /IB344 컨텍스트저장 UKey:'IB344'
2023/08/01 14:00:10 [TRACE] 4eBFYqq1tSy5btKGUz8AAk /link/get 컨텍스트저장 UKey:'IB344'
2023/08/01 14:00:29 [TRACE] 8DWZfNPWM9ohXZDXYwPHwl ----------------------------------------------------
2023/08/01 14:00:29 [TRACE] 8DWZfNPWM9ohXZDXYwPHwl /IB344 요청토큰: 855a7b09-4590-4252-94ac-49c2e6c4a62f
2023/08/01 14:00:29 [TRACE] 8DWZfNPWM9ohXZDXYwPHwl 2024-06-07 00:00:00 +0700 +07
2023/08/01 14:00:29 [TRACE] 8DWZfNPWM9ohXZDXYwPHwl ub.urlybud.aqua.castis.io 라이선스 정상
2023/08/01 14:00:29 [TRACE] 8DWZfNPWM9ohXZDXYwPHwl IB344 CheckExists()
2023/08/01 14:00:29 [TRACE] 8DWZfNPWM9ohXZDXYwPHwl IB344 CheckSecureLink()
2023/08/01 14:00:29 [TRACE] 8DWZfNPWM9ohXZDXYwPHwl IB344 CheckCount()
2023/08/01 14:00:29 [TRACE] 8DWZfNPWM9ohXZDXYwPHwl IB344 CheckExpire()
2023/08/01 14:00:29 [TRACE] 8DWZfNPWM9ohXZDXYwPHwl IB344 CheckAuth()
2023/08/01 14:00:29 [TRACE] 8DWZfNPWM9ohXZDXYwPHwl IB344 ServeLink()
2023/08/01 14:00:29 [TRACE] 8DWZfNPWM9ohXZDXYwPHwl IB344 Redirect()
2023/08/01 14:00:29 [TRACE] 8DWZfNPWM9ohXZDXYwPHwl IB344 GET 리다이렉트
2023/08/01 14:00:29 [TRACE] 8DWZfNPWM9ohXZDXYwPHwl /IB344 컨텍스트저장 UKey:'IB344'
2023/08/01 14:00:29 [TRACE] CRltVynU0ZeEi6BNOAV3B /link/get 컨텍스트저장 UKey:'IB344'
2023/08/01 14:01:21 [TRACE] 5qb4bxFqBTgjJSF3dhzp0O /link/get 컨텍스트저장 UKey:'86JDq'
2023/08/01 14:10:17 [TRACE] gPEI662D5X3bk5McxhB0gS /link/get 컨텍스트저장 UKey:'86JDq'
2023/08/01 14:10:21 [TRACE] 5AaF6wBVQBTfJwhLNdGmFU ----------------------------------------------------
2023/08/01 14:10:21 [TRACE] 5AaF6wBVQBTfJwhLNdGmFU /IB344 요청토큰: 855a7b09-4590-4252-94ac-49c2e6c4a62f
2023/08/01 14:10:21 [TRACE] 5AaF6wBVQBTfJwhLNdGmFU 2024-06-07 00:00:00 +0700 +07
2023/08/01 14:10:21 [TRACE] 5AaF6wBVQBTfJwhLNdGmFU ub.urlybud.aqua.castis.io 라이선스 정상
2023/08/01 14:10:21 [TRACE] 5AaF6wBVQBTfJwhLNdGmFU IB344 CheckExists()
2023/08/01 14:10:21 [TRACE] 5AaF6wBVQBTfJwhLNdGmFU IB344 CheckSecureLink()
2023/08/01 14:10:21 [TRACE] 5AaF6wBVQBTfJwhLNdGmFU IB344 CheckCount()
2023/08/01 14:10:21 [TRACE] 5AaF6wBVQBTfJwhLNdGmFU IB344 CheckExpire()
2023/08/01 14:10:21 [TRACE] 5AaF6wBVQBTfJwhLNdGmFU IB344 CheckAuth()
2023/08/01 14:10:21 [TRACE] 5AaF6wBVQBTfJwhLNdGmFU IB344 ServeLink()
2023/08/01 14:10:21 [TRACE] 5AaF6wBVQBTfJwhLNdGmFU IB344 Redirect()
2023/08/01 14:10:21 [TRACE] 5AaF6wBVQBTfJwhLNdGmFU IB344 GET 리다이렉트
2023/08/01 14:10:21 [TRACE] 5AaF6wBVQBTfJwhLNdGmFU /IB344 컨텍스트저장 UKey:'IB344'
2023/08/01 14:10:21 [TRACE] 6fQzRtioNd22howwp1Kga6 /link/get 컨텍스트저장 UKey:'IB344'
2023/08/01 14:10:28 [TRACE] 8KXRf33awR45XFDbqBTmok ----------------------------------------------------
2023/08/01 14:10:28 [TRACE] 8KXRf33awR45XFDbqBTmok /PGOC3 요청토큰: c24003cb-352c-4597-bb64-1cb9cb24cbc8
2023/08/01 14:10:28 [TRACE] 8KXRf33awR45XFDbqBTmok 2024-06-07 00:00:00 +0700 +07
2023/08/01 14:10:28 [TRACE] 8KXRf33awR45XFDbqBTmok ub.urlybud.aqua.castis.io 라이선스 정상
2023/08/01 14:10:28 [TRACE] 8KXRf33awR45XFDbqBTmok PGOC3 CheckExists()
2023/08/01 14:10:28 [TRACE] 8KXRf33awR45XFDbqBTmok PGOC3 CheckSecureLink()
2023/08/01 14:10:28 [TRACE] 8KXRf33awR45XFDbqBTmok PGOC3 CheckCount()
2023/08/01 14:10:28 [TRACE] 8KXRf33awR45XFDbqBTmok PGOC3 CheckExpire()
2023/08/01 14:10:28 [TRACE] 8KXRf33awR45XFDbqBTmok PGOC3 CheckAuth()
2023/08/01 14:10:28 [TRACE] 8KXRf33awR45XFDbqBTmok PGOC3 ServeLink()
2023/08/01 14:10:28 [TRACE] 8KXRf33awR45XFDbqBTmok PGOC3 Redirect()
2023/08/01 14:10:28 [TRACE] 8KXRf33awR45XFDbqBTmok PGOC3 GET 리다이렉트
2023/08/01 14:10:28 [TRACE] 8KXRf33awR45XFDbqBTmok /PGOC3 컨텍스트저장 UKey:'PGOC3'
2023/08/01 14:10:41 [TRACE] jVG0HxK0I3iiRgIva1ZDdh ----------------------------------------------------
2023/08/01 14:10:41 [TRACE] jVG0HxK0I3iiRgIva1ZDdh /FywvI 요청토큰: 004a6afb-42ff-4ed0-88cf-d1b507e2ea1d
2023/08/01 14:10:41 [TRACE] jVG0HxK0I3iiRgIva1ZDdh 2024-06-07 00:00:00 +0700 +07
2023/08/01 14:10:41 [TRACE] jVG0HxK0I3iiRgIva1ZDdh ub.urlybud.aqua.castis.io 라이선스 정상
2023/08/01 14:10:41 [TRACE] jVG0HxK0I3iiRgIva1ZDdh FywvI CheckExists()
2023/08/01 14:10:41 [TRACE] jVG0HxK0I3iiRgIva1ZDdh FywvI CheckSecureLink()
2023/08/01 14:10:41 [TRACE] jVG0HxK0I3iiRgIva1ZDdh FywvI CheckCount()
2023/08/01 14:10:41 [TRACE] jVG0HxK0I3iiRgIva1ZDdh FywvI CheckExpire()
2023/08/01 14:10:41 [TRACE] jVG0HxK0I3iiRgIva1ZDdh FywvI CheckAuth()
2023/08/01 14:10:41 [TRACE] jVG0HxK0I3iiRgIva1ZDdh FywvI ServeLink()
2023/08/01 14:10:41 [TRACE] jVG0HxK0I3iiRgIva1ZDdh FywvI Redirect()
2023/08/01 14:10:41 [TRACE] jVG0HxK0I3iiRgIva1ZDdh FywvI GET 리다이렉트
2023/08/01 14:10:41 [TRACE] jVG0HxK0I3iiRgIva1ZDdh /FywvI 컨텍스트저장 UKey:'FywvI'
2023/08/01 14:10:42 [TRACE] bnOuvLD42Fai8EzCsPgayg /link/get 컨텍스트저장 UKey:'FywvI'
2023/08/01 14:10:59 [TRACE] a47w8fH0ZjPjRfvxnNjjGo ----------------------------------------------------
2023/08/01 14:10:59 [TRACE] a47w8fH0ZjPjRfvxnNjjGo /FywvI 요청토큰: 004a6afb-42ff-4ed0-88cf-d1b507e2ea1d
2023/08/01 14:10:59 [TRACE] a47w8fH0ZjPjRfvxnNjjGo 2024-06-07 00:00:00 +0700 +07
2023/08/01 14:10:59 [TRACE] a47w8fH0ZjPjRfvxnNjjGo ub.urlybud.aqua.castis.io 라이선스 정상
2023/08/01 14:10:59 [TRACE] a47w8fH0ZjPjRfvxnNjjGo FywvI CheckExists()
2023/08/01 14:10:59 [TRACE] a47w8fH0ZjPjRfvxnNjjGo FywvI CheckSecureLink()
2023/08/01 14:10:59 [TRACE] a47w8fH0ZjPjRfvxnNjjGo FywvI CheckCount()
2023/08/01 14:10:59 [TRACE] a47w8fH0ZjPjRfvxnNjjGo FywvI CheckExpire()
2023/08/01 14:10:59 [TRACE] a47w8fH0ZjPjRfvxnNjjGo FywvI CheckAuth()
2023/08/01 14:10:59 [TRACE] a47w8fH0ZjPjRfvxnNjjGo FywvI ServeLink()
2023/08/01 14:10:59 [TRACE] a47w8fH0ZjPjRfvxnNjjGo FywvI Redirect()
2023/08/01 14:10:59 [TRACE] a47w8fH0ZjPjRfvxnNjjGo FywvI GET 리다이렉트
2023/08/01 14:10:59 [TRACE] a47w8fH0ZjPjRfvxnNjjGo /FywvI 컨텍스트저장 UKey:'FywvI'
2023/08/01 14:11:00 [TRACE] 4gQjfMEmd5zdgT9n0D4uPc /link/get 컨텍스트저장 UKey:'FywvI'
2023/08/01 14:11:32 [TRACE] kDCTLyPpxHeeFJh43MLkpx ----------------------------------------------------
2023/08/01 14:11:32 [TRACE] kDCTLyPpxHeeFJh43MLkpx /ƯMQ7c 요청토큰: 290db7c4-19f5-4a60-8231-aaee758f16c1
2023/08/01 14:11:32 [TRACE] kDCTLyPpxHeeFJh43MLkpx 2024-06-07 00:00:00 +0700 +07
2023/08/01 14:11:32 [TRACE] kDCTLyPpxHeeFJh43MLkpx ub.urlybud.aqua.castis.io 라이선스 정상
2023/08/01 14:11:32 [TRACE] kDCTLyPpxHeeFJh43MLkpx ƯMQ7c CheckExists()
2023/08/01 14:11:32 [TRACE] kDCTLyPpxHeeFJh43MLkpx ƯMQ7c 링크를 찾을 수 없음
2023/08/01 14:11:32 [TRACE] kDCTLyPpxHeeFJh43MLkpx ExpectedError() Code:B404 Param:[]
2023/08/01 14:11:32 [TRACE] kDCTLyPpxHeeFJh43MLkpx /ƯMQ7c 컨텍스트저장 UKey:'ƯMQ7c'
2023/08/01 14:11:52 [TRACE] feMltwvdLlS4mOHbtF05BH ----------------------------------------------------
2023/08/01 14:11:52 [TRACE] feMltwvdLlS4mOHbtF05BH /WMQ7c 요청토큰: 290db7c4-19f5-4a60-8231-aaee758f16c1
2023/08/01 14:11:52 [TRACE] feMltwvdLlS4mOHbtF05BH 2024-06-07 00:00:00 +0700 +07
2023/08/01 14:11:52 [TRACE] feMltwvdLlS4mOHbtF05BH ub.urlybud.aqua.castis.io 라이선스 정상
2023/08/01 14:11:52 [TRACE] feMltwvdLlS4mOHbtF05BH WMQ7c CheckExists()
2023/08/01 14:11:52 [TRACE] feMltwvdLlS4mOHbtF05BH WMQ7c CheckSecureLink()
2023/08/01 14:11:52 [TRACE] feMltwvdLlS4mOHbtF05BH WMQ7c CheckCount()
2023/08/01 14:11:52 [TRACE] feMltwvdLlS4mOHbtF05BH WMQ7c CheckExpire()
2023/08/01 14:11:52 [TRACE] feMltwvdLlS4mOHbtF05BH WMQ7c CheckAuth()
2023/08/01 14:11:52 [TRACE] feMltwvdLlS4mOHbtF05BH WMQ7c ServeLink()
2023/08/01 14:11:52 [TRACE] feMltwvdLlS4mOHbtF05BH WMQ7c Redirect()
2023/08/01 14:11:52 [TRACE] feMltwvdLlS4mOHbtF05BH WMQ7c GET 리다이렉트
2023/08/01 14:11:52 [TRACE] feMltwvdLlS4mOHbtF05BH /WMQ7c 컨텍스트저장 UKey:'WMQ7c'
2023/08/01 14:11:53 [TRACE] ghRG8cPMrGHl8EW4wU7BXF /link/get 컨텍스트저장 UKey:'WMQ7c'
2023/08/01 14:14:12 [TRACE] eO6W0KYcKWY9xLSSemXSLB /link/get 컨텍스트저장 UKey:'86JDq'
2023/08/01 14:15:29 [TRACE] 24UNZI6agIa73ZKHgoQYt4 /link/get 컨텍스트저장 UKey:'WMQ7c'
2023/08/01 14:16:41 [TRACE] fe42LP4l6t1gPyAZ8NIYlp ----------------------------------------------------
2023/08/01 14:16:41 [TRACE] fe42LP4l6t1gPyAZ8NIYlp /WMQ7c 요청토큰: 290db7c4-19f5-4a60-8231-aaee758f16c1
2023/08/01 14:16:41 [TRACE] fe42LP4l6t1gPyAZ8NIYlp 2024-06-07 00:00:00 +0700 +07
2023/08/01 14:16:41 [TRACE] fe42LP4l6t1gPyAZ8NIYlp ub.urlybud.aqua.castis.io 라이선스 정상
2023/08/01 14:16:41 [TRACE] fe42LP4l6t1gPyAZ8NIYlp WMQ7c CheckExists()
2023/08/01 14:16:41 [TRACE] fe42LP4l6t1gPyAZ8NIYlp WMQ7c CheckSecureLink()
2023/08/01 14:16:41 [TRACE] fe42LP4l6t1gPyAZ8NIYlp WMQ7c CheckCount()
2023/08/01 14:16:41 [TRACE] fe42LP4l6t1gPyAZ8NIYlp WMQ7c CheckExpire()
2023/08/01 14:16:41 [TRACE] fe42LP4l6t1gPyAZ8NIYlp WMQ7c CheckAuth()
2023/08/01 14:16:41 [TRACE] fe42LP4l6t1gPyAZ8NIYlp WMQ7c ServeLink()
2023/08/01 14:16:41 [TRACE] fe42LP4l6t1gPyAZ8NIYlp WMQ7c Redirect()
2023/08/01 14:16:41 [TRACE] fe42LP4l6t1gPyAZ8NIYlp WMQ7c GET 리다이렉트
2023/08/01 14:16:41 [TRACE] fe42LP4l6t1gPyAZ8NIYlp /WMQ7c 컨텍스트저장 UKey:'WMQ7c'
2023/08/01 14:16:42 [TRACE] i8i7T6qnRQrhupnowcArAl /link/get 컨텍스트저장 UKey:'WMQ7c'
2023/08/01 14:18:06 [TRACE] aXETEMNS8VQldHtZmkyoZj /link/get 컨텍스트저장 UKey:'86JDq'
2023/08/01 14:18:07 [TRACE] knsMlZX9M5PbrylmRJdLEa /link/get 컨텍스트저장 UKey:'86JDq'
2023/08/01 14:18:36 [TRACE] ha847Swdg1LjHiuHO4yvQE /link/get 컨텍스트저장 UKey:'86JDq'
2023/08/01 14:29:04 [TRACE] cADPGMb76o8aZOhFiWuozl /link/get 컨텍스트저장 UKey:'86JDq'
2023/08/01 14:35:32 [TRACE] f0leEmG4jtdhhuOYhofsHO /link/get 컨텍스트저장 UKey:'MEpQQ'
2023/08/01 14:36:17 [TRACE] iOAHFud7RLph6rnHKp7gI /link/get 컨텍스트저장 UKey:'MEpQQ'
2023/08/01 14:36:47 [TRACE] 8VIlrRIQVQ5j2WRpNYfpq6 /link/get 컨텍스트저장 UKey:'MEpQQ'
2023/08/01 14:36:50 [TRACE] fL2UvWfzWNXgeAR2NPzwu7 /link/get 컨텍스트저장 UKey:'MEpQQ'
2023/08/01 14:37:27 [TRACE] cGArVOiSGbrkS8SRGPYszM /link/get 컨텍스트저장 UKey:'MEpQQ'
2023/08/01 14:37:39 [TRACE] c7iOitkWhGkfPbsQndF6SO /link/get 컨텍스트저장 UKey:'MEpQQ'
2023/08/01 14:37:47 [TRACE] k4VbNcvm3F19mWt6fgBIZN /link/get 컨텍스트저장 UKey:'MEpQQ'
2023/08/01 14:38:10 [TRACE] iOKp5UqLysr8KOTkf0D7hJ /link/get 컨텍스트저장 UKey:'MEpQQ'
2023/08/01 14:38:16 [TRACE] 5XHO9hzv0tE8i0LONqlnPJ /link/get 컨텍스트저장 UKey:'MEpQQ'
2023/08/01 14:38:48 [TRACE] czgGe3SnBj53kyuEmUn37M /link/get 컨텍스트저장 UKey:'MEpQQ'
2023/08/01 14:39:43 [TRACE] 5mRGRTZHhzBl99kbivezIa /link/get 컨텍스트저장 UKey:'MEpQQ'
2023/08/01 14:39:51 [TRACE] hPaXkktnFFjh25QzFWtfGQ /link/get 컨텍스트저장 UKey:'MEpQQ'
2023/08/01 14:40:29 [TRACE] dt4l1Xr4upAeAavafgaHbp /link/get 컨텍스트저장 UKey:'MEpQQ'
2023/08/01 14:40:36 [TRACE] abMS7sj5icy1VgeusKjkrS /link/get 컨텍스트저장 UKey:'MEpQQ'
2023/08/01 14:40:59 [TRACE] gYUavCi1eGXlmUZ8bNvzga /link/get 컨텍스트저장 UKey:'MEpQQ'
2023/08/01 14:41:19 [TRACE] WjRwvztuz3itQjTpYlfqy /link/get 컨텍스트저장 UKey:'MEpQQ'
2023/08/01 14:41:37 [TRACE] 91cNNujHRrd2LJOTdb1ae0 /link/get 컨텍스트저장 UKey:'MEpQQ'
2023/08/01 15:12:30 [TRACE] hURQjV8nsDL5nFixMe5YNy /link/get 컨텍스트저장 UKey:'86JDq'
2023/08/01 15:21:41 [TRACE] 4oH6MNi4raJiXXrTEwgNuW /link/set 컨텍스트저장 UKey:'ebMVy'
2023/08/01 15:21:55 [TRACE] 74BVcfDKy3n188p3kaaqmt /link/set 컨텍스트저장 UKey:'miwBE'
2023/08/01 15:22:14 [TRACE] hYfpaxT8wBLc3AHa1hmHH3 ----------------------------------------------------
2023/08/01 15:22:14 [TRACE] hYfpaxT8wBLc3AHa1hmHH3 /ebMVy 토큰생성: cd81aba6-7bba-400a-bc53-41f27f0e8309
2023/08/01 15:22:14 [TRACE] hYfpaxT8wBLc3AHa1hmHH3 2024-06-07 00:00:00 +0700 +07
2023/08/01 15:22:14 [TRACE] hYfpaxT8wBLc3AHa1hmHH3 ub.urlybud.aqua.castis.io 라이선스 정상
2023/08/01 15:22:14 [TRACE] hYfpaxT8wBLc3AHa1hmHH3 ebMVy CheckExists()
2023/08/01 15:22:14 [TRACE] hYfpaxT8wBLc3AHa1hmHH3 ebMVy CheckSecureLink()
2023/08/01 15:22:14 [TRACE] hYfpaxT8wBLc3AHa1hmHH3 ebMVy CheckCount()
2023/08/01 15:22:14 [TRACE] hYfpaxT8wBLc3AHa1hmHH3 ebMVy CheckExpire()
2023/08/01 15:22:14 [TRACE] hYfpaxT8wBLc3AHa1hmHH3 ebMVy CheckAuth()
2023/08/01 15:22:14 [TRACE] hYfpaxT8wBLc3AHa1hmHH3 ebMVy ServeLink()
2023/08/01 15:22:14 [TRACE] hYfpaxT8wBLc3AHa1hmHH3 ebMVy Redirect()
2023/08/01 15:22:14 [TRACE] hYfpaxT8wBLc3AHa1hmHH3 ebMVy GET 리다이렉트
2023/08/01 15:22:14 [TRACE] hYfpaxT8wBLc3AHa1hmHH3 /ebMVy 컨텍스트저장 UKey:'ebMVy'
2023/08/01 15:22:17 [TRACE] 9ynDof6NhsRhUGLFwaqEUm /link/get 컨텍스트저장 UKey:'ebMVy'
2023/08/01 15:22:21 [TRACE] fpLdSg5TOQcbCGry7CgecD /link/get 컨텍스트저장 UKey:'ebMVy'
2023/08/01 15:23:12 [TRACE] 5cXgeY474eUadhoZNJfeOV /link/get 컨텍스트저장 UKey:'86JDq'
2023/08/01 15:25:42 [TRACE] am0A6qgDn0ifns7uoPwKYK ----------------------------------------------------
2023/08/01 15:25:42 [TRACE] am0A6qgDn0ifns7uoPwKYK /ebMVy 요청토큰: cd81aba6-7bba-400a-bc53-41f27f0e8309
2023/08/01 15:25:42 [TRACE] am0A6qgDn0ifns7uoPwKYK 2024-06-07 00:00:00 +0700 +07
2023/08/01 15:25:42 [TRACE] am0A6qgDn0ifns7uoPwKYK ub.urlybud.aqua.castis.io 라이선스 정상
2023/08/01 15:25:42 [TRACE] am0A6qgDn0ifns7uoPwKYK ebMVy CheckExists()
2023/08/01 15:25:42 [TRACE] am0A6qgDn0ifns7uoPwKYK ebMVy CheckSecureLink()
2023/08/01 15:25:42 [TRACE] am0A6qgDn0ifns7uoPwKYK ebMVy CheckCount()
2023/08/01 15:25:42 [TRACE] am0A6qgDn0ifns7uoPwKYK ebMVy CheckExpire()
2023/08/01 15:25:42 [TRACE] am0A6qgDn0ifns7uoPwKYK ebMVy CheckAuth()
2023/08/01 15:25:42 [TRACE] am0A6qgDn0ifns7uoPwKYK ebMVy ServeLink()
2023/08/01 15:25:42 [TRACE] am0A6qgDn0ifns7uoPwKYK ebMVy Redirect()
2023/08/01 15:25:42 [TRACE] am0A6qgDn0ifns7uoPwKYK ebMVy GET 리다이렉트
2023/08/01 15:25:42 [TRACE] am0A6qgDn0ifns7uoPwKYK /ebMVy 컨텍스트저장 UKey:'ebMVy'
2023/08/01 15:25:42 [TRACE] 3zBwpLdRP0Z2vo7fzBl5CU /link/get 컨텍스트저장 UKey:'ebMVy'
2023/08/01 15:25:45 [TRACE] 9qnNoLBByTHi9kDzgwTXQb /link/set 컨텍스트저장 UKey:'21Gq0'
2023/08/01 15:25:45 [TRACE] iYYn3GcsEumfljKUaXR2FZ /link/del 컨텍스트저장 UKey:'21Gq0'
2023/08/01 15:26:27 [TRACE] 9PYLsXNVR81cnxYDdLBoZz ----------------------------------------------------
2023/08/01 15:26:27 [TRACE] 9PYLsXNVR81cnxYDdLBoZz /86JDq 요청토큰: 855a7b09-4590-4252-94ac-49c2e6c4a62f
2023/08/01 15:26:27 [TRACE] 9PYLsXNVR81cnxYDdLBoZz 2024-06-07 00:00:00 +0700 +07
2023/08/01 15:26:27 [TRACE] 9PYLsXNVR81cnxYDdLBoZz ub.urlybud.aqua.castis.io 라이선스 정상
2023/08/01 15:26:27 [TRACE] 9PYLsXNVR81cnxYDdLBoZz 86JDq CheckExists()
2023/08/01 15:26:27 [TRACE] 9PYLsXNVR81cnxYDdLBoZz 86JDq CheckSecureLink()
2023/08/01 15:26:27 [TRACE] 9PYLsXNVR81cnxYDdLBoZz 86JDq CheckCount()
2023/08/01 15:26:27 [TRACE] 9PYLsXNVR81cnxYDdLBoZz 86JDq CheckExpire()
2023/08/01 15:26:27 [TRACE] 9PYLsXNVR81cnxYDdLBoZz 86JDq CheckAuth()
2023/08/01 15:26:27 [TRACE] 9PYLsXNVR81cnxYDdLBoZz 86JDq ServeLink()
2023/08/01 15:26:27 [TRACE] 9PYLsXNVR81cnxYDdLBoZz 86JDq Redirect()
2023/08/01 15:26:27 [TRACE] 9PYLsXNVR81cnxYDdLBoZz 86JDq GET 리다이렉트
2023/08/01 15:26:27 [TRACE] 9PYLsXNVR81cnxYDdLBoZz /86JDq 컨텍스트저장 UKey:'86JDq'
2023/08/01 15:26:28 [TRACE] j45OntJGblIh6Kl2tG0POf /link/get 컨텍스트저장 UKey:'86JDq'
2023/08/01 15:32:05 [TRACE] kgGFpkqoB8rdlzSJwTf6Tx ----------------------------------------------------
2023/08/01 15:32:05 [TRACE] kgGFpkqoB8rdlzSJwTf6Tx /86JDq 요청토큰: 855a7b09-4590-4252-94ac-49c2e6c4a62f
2023/08/01 15:32:05 [TRACE] kgGFpkqoB8rdlzSJwTf6Tx 2024-06-07 00:00:00 +0700 +07
2023/08/01 15:32:05 [TRACE] kgGFpkqoB8rdlzSJwTf6Tx ub.urlybud.aqua.castis.io 라이선스 정상
2023/08/01 15:32:05 [TRACE] kgGFpkqoB8rdlzSJwTf6Tx 86JDq CheckExists()
2023/08/01 15:32:05 [TRACE] kgGFpkqoB8rdlzSJwTf6Tx 86JDq CheckSecureLink()
2023/08/01 15:32:05 [TRACE] kgGFpkqoB8rdlzSJwTf6Tx 86JDq CheckCount()
2023/08/01 15:32:05 [TRACE] kgGFpkqoB8rdlzSJwTf6Tx 86JDq CheckExpire()
2023/08/01 15:32:05 [TRACE] kgGFpkqoB8rdlzSJwTf6Tx 86JDq CheckAuth()
2023/08/01 15:32:05 [TRACE] kgGFpkqoB8rdlzSJwTf6Tx 86JDq ServeLink()
2023/08/01 15:32:05 [TRACE] kgGFpkqoB8rdlzSJwTf6Tx 86JDq Redirect()
2023/08/01 15:32:05 [TRACE] kgGFpkqoB8rdlzSJwTf6Tx 86JDq GET 리다이렉트
2023/08/01 15:32:05 [TRACE] kgGFpkqoB8rdlzSJwTf6Tx /86JDq 컨텍스트저장 UKey:'86JDq'
2023/08/01 15:32:05 [TRACE] 4eXNMl3zbQAfxHr7KkaXaN /link/get 컨텍스트저장 UKey:'86JDq'
2023/08/01 15:32:22 [TRACE] aD5Ak9GEHbtf9lZxwR0olR ----------------------------------------------------
2023/08/01 15:32:22 [TRACE] aD5Ak9GEHbtf9lZxwR0olR /86JDq 요청토큰: 855a7b09-4590-4252-94ac-49c2e6c4a62f
2023/08/01 15:32:22 [TRACE] aD5Ak9GEHbtf9lZxwR0olR 2024-06-07 00:00:00 +0700 +07
2023/08/01 15:32:22 [TRACE] aD5Ak9GEHbtf9lZxwR0olR ub.urlybud.aqua.castis.io 라이선스 정상
2023/08/01 15:32:22 [TRACE] aD5Ak9GEHbtf9lZxwR0olR 86JDq CheckExists()
2023/08/01 15:32:22 [TRACE] aD5Ak9GEHbtf9lZxwR0olR 86JDq CheckSecureLink()
2023/08/01 15:32:22 [TRACE] aD5Ak9GEHbtf9lZxwR0olR 86JDq CheckCount()
2023/08/01 15:32:22 [TRACE] aD5Ak9GEHbtf9lZxwR0olR 86JDq CheckExpire()
2023/08/01 15:32:22 [TRACE] aD5Ak9GEHbtf9lZxwR0olR 86JDq CheckAuth()
2023/08/01 15:32:22 [TRACE] aD5Ak9GEHbtf9lZxwR0olR 86JDq ServeLink()
2023/08/01 15:32:22 [TRACE] aD5Ak9GEHbtf9lZxwR0olR 86JDq Redirect()
2023/08/01 15:32:22 [TRACE] aD5Ak9GEHbtf9lZxwR0olR 86JDq GET 리다이렉트
2023/08/01 15:32:22 [TRACE] aD5Ak9GEHbtf9lZxwR0olR /86JDq 컨텍스트저장 UKey:'86JDq'
2023/08/01 15:32:22 [TRACE] 3vSo7sdt6zSlHz2BxgHfJk /link/get 컨텍스트저장 UKey:'86JDq'
2023/08/01 15:32:27 [TRACE] 43oX0atRe7WVxoAJE11nk ----------------------------------------------------
2023/08/01 15:32:27 [TRACE] 43oX0atRe7WVxoAJE11nk /IB344 요청토큰: 855a7b09-4590-4252-94ac-49c2e6c4a62f
2023/08/01 15:32:27 [TRACE] 43oX0atRe7WVxoAJE11nk 2024-06-07 00:00:00 +0700 +07
2023/08/01 15:32:27 [TRACE] 43oX0atRe7WVxoAJE11nk ub.urlybud.aqua.castis.io 라이선스 정상
2023/08/01 15:32:27 [TRACE] 43oX0atRe7WVxoAJE11nk IB344 CheckExists()
2023/08/01 15:32:27 [TRACE] 43oX0atRe7WVxoAJE11nk IB344 CheckSecureLink()
2023/08/01 15:32:27 [TRACE] 43oX0atRe7WVxoAJE11nk IB344 CheckCount()
2023/08/01 15:32:27 [TRACE] 43oX0atRe7WVxoAJE11nk IB344 CheckExpire()
2023/08/01 15:32:27 [TRACE] 43oX0atRe7WVxoAJE11nk IB344 CheckAuth()
2023/08/01 15:32:27 [TRACE] 43oX0atRe7WVxoAJE11nk IB344 ServeLink()
2023/08/01 15:32:27 [TRACE] 43oX0atRe7WVxoAJE11nk IB344 Redirect()
2023/08/01 15:32:27 [TRACE] 43oX0atRe7WVxoAJE11nk IB344 GET 리다이렉트
2023/08/01 15:32:27 [TRACE] 43oX0atRe7WVxoAJE11nk /IB344 컨텍스트저장 UKey:'IB344'
2023/08/01 15:32:28 [TRACE] jOkoCvWfRC4l36b04JtV6h /link/get 컨텍스트저장 UKey:'IB344'
2023/08/01 15:43:00 [TRACE] bv1IHPDnjvEeTazQBZWMzn /link/get 컨텍스트저장 UKey:'IB344'
2023/08/01 15:43:53 [TRACE] djTrVS4vObj8o6ipcgMcNV ----------------------------------------------------
2023/08/01 15:43:53 [TRACE] djTrVS4vObj8o6ipcgMcNV /32wC8 요청토큰: 855a7b09-4590-4252-94ac-49c2e6c4a62f
2023/08/01 15:43:53 [TRACE] djTrVS4vObj8o6ipcgMcNV 2024-06-07 00:00:00 +0700 +07
2023/08/01 15:43:53 [TRACE] djTrVS4vObj8o6ipcgMcNV ub.urlybud.aqua.castis.io 라이선스 정상
2023/08/01 15:43:53 [TRACE] djTrVS4vObj8o6ipcgMcNV 32wC8 CheckExists()
2023/08/01 15:43:53 [TRACE] djTrVS4vObj8o6ipcgMcNV 32wC8 CheckSecureLink()
2023/08/01 15:43:53 [TRACE] djTrVS4vObj8o6ipcgMcNV 32wC8 CheckCount()
2023/08/01 15:43:53 [TRACE] djTrVS4vObj8o6ipcgMcNV 32wC8 CheckExpire()
2023/08/01 15:43:53 [TRACE] djTrVS4vObj8o6ipcgMcNV 32wC8 CheckAuth()
2023/08/01 15:43:53 [TRACE] djTrVS4vObj8o6ipcgMcNV 32wC8 ServeLink()
2023/08/01 15:43:53 [TRACE] djTrVS4vObj8o6ipcgMcNV 32wC8 Redirect()
2023/08/01 15:43:53 [TRACE] djTrVS4vObj8o6ipcgMcNV 32wC8 GET 리다이렉트
2023/08/01 15:43:53 [TRACE] djTrVS4vObj8o6ipcgMcNV /32wC8 컨텍스트저장 UKey:'32wC8'
2023/08/01 15:43:53 [TRACE] 47J0bLK44oMcAV5sl0Kk2w /link/get 컨텍스트저장 UKey:'32wC8'
2023/08/01 15:43:57 [TRACE] 5cmYAxYYp5f7oaj4ariBaB ----------------------------------------------------
2023/08/01 15:43:57 [TRACE] 5cmYAxYYp5f7oaj4ariBaB /86JDq 요청토큰: 855a7b09-4590-4252-94ac-49c2e6c4a62f
2023/08/01 15:43:57 [TRACE] 5cmYAxYYp5f7oaj4ariBaB 2024-06-07 00:00:00 +0700 +07
2023/08/01 15:43:57 [TRACE] 5cmYAxYYp5f7oaj4ariBaB ub.urlybud.aqua.castis.io 라이선스 정상
2023/08/01 15:43:57 [TRACE] 5cmYAxYYp5f7oaj4ariBaB 86JDq CheckExists()
2023/08/01 15:43:57 [TRACE] 5cmYAxYYp5f7oaj4ariBaB 86JDq CheckSecureLink()
2023/08/01 15:43:57 [TRACE] 5cmYAxYYp5f7oaj4ariBaB 86JDq CheckCount()
2023/08/01 15:43:57 [TRACE] 5cmYAxYYp5f7oaj4ariBaB 86JDq CheckExpire()
2023/08/01 15:43:57 [TRACE] 5cmYAxYYp5f7oaj4ariBaB 86JDq CheckAuth()
2023/08/01 15:43:57 [TRACE] 5cmYAxYYp5f7oaj4ariBaB 86JDq ServeLink()
2023/08/01 15:43:57 [TRACE] 5cmYAxYYp5f7oaj4ariBaB 86JDq Redirect()
2023/08/01 15:43:57 [TRACE] 5cmYAxYYp5f7oaj4ariBaB 86JDq GET 리다이렉트
2023/08/01 15:43:57 [TRACE] 5cmYAxYYp5f7oaj4ariBaB /86JDq 컨텍스트저장 UKey:'86JDq'
2023/08/01 15:43:58 [TRACE] hAjZjx6oEVZfm9qe52R2UA /link/get 컨텍스트저장 UKey:'86JDq'
2023/08/01 15:44:00 [TRACE] 61VhpP2tXdeb5ympMpu4JS /link/get 컨텍스트저장 UKey:'32wC8'
2023/08/01 15:44:02 [TRACE] cHVUjleEEjnlWUwtYT9zjt /link/get 컨텍스트저장 UKey:'32wC8'
2023/08/01 15:44:38 [TRACE] fKztaB14agu6aXER63Z7o3 ----------------------------------------------------
2023/08/01 15:44:38 [TRACE] fKztaB14agu6aXER63Z7o3 /86JDq 요청토큰: 855a7b09-4590-4252-94ac-49c2e6c4a62f
2023/08/01 15:44:38 [TRACE] fKztaB14agu6aXER63Z7o3 2024-06-07 00:00:00 +0700 +07
2023/08/01 15:44:38 [TRACE] fKztaB14agu6aXER63Z7o3 ub.urlybud.aqua.castis.io 라이선스 정상
2023/08/01 15:44:38 [TRACE] fKztaB14agu6aXER63Z7o3 86JDq CheckExists()
2023/08/01 15:44:38 [TRACE] fKztaB14agu6aXER63Z7o3 86JDq CheckSecureLink()
2023/08/01 15:44:38 [TRACE] fKztaB14agu6aXER63Z7o3 86JDq CheckCount()
2023/08/01 15:44:38 [TRACE] fKztaB14agu6aXER63Z7o3 86JDq CheckExpire()
2023/08/01 15:44:38 [TRACE] fKztaB14agu6aXER63Z7o3 86JDq CheckAuth()
2023/08/01 15:44:38 [TRACE] fKztaB14agu6aXER63Z7o3 86JDq ServeLink()
2023/08/01 15:44:38 [TRACE] fKztaB14agu6aXER63Z7o3 86JDq Redirect()
2023/08/01 15:44:38 [TRACE] fKztaB14agu6aXER63Z7o3 86JDq GET 리다이렉트
2023/08/01 15:44:38 [TRACE] fKztaB14agu6aXER63Z7o3 /86JDq 컨텍스트저장 UKey:'86JDq'
2023/08/01 15:44:38 [TRACE] safNgeyuY5iXTaB4ogn8Y /link/get 컨텍스트저장 UKey:'86JDq'
2023/08/01 15:44:45 [TRACE] dtW4HDohV3Fh4o7mV7qhqe ----------------------------------------------------
2023/08/01 15:44:45 [TRACE] dtW4HDohV3Fh4o7mV7qhqe /32wC8 요청토큰: 855a7b09-4590-4252-94ac-49c2e6c4a62f
2023/08/01 15:44:45 [TRACE] dtW4HDohV3Fh4o7mV7qhqe 2024-06-07 00:00:00 +0700 +07
2023/08/01 15:44:45 [TRACE] dtW4HDohV3Fh4o7mV7qhqe ub.urlybud.aqua.castis.io 라이선스 정상
2023/08/01 15:44:45 [TRACE] dtW4HDohV3Fh4o7mV7qhqe 32wC8 CheckExists()
2023/08/01 15:44:45 [TRACE] dtW4HDohV3Fh4o7mV7qhqe 32wC8 CheckSecureLink()
2023/08/01 15:44:45 [TRACE] dtW4HDohV3Fh4o7mV7qhqe 32wC8 CheckCount()
2023/08/01 15:44:45 [TRACE] dtW4HDohV3Fh4o7mV7qhqe 32wC8 CheckExpire()
2023/08/01 15:44:45 [TRACE] dtW4HDohV3Fh4o7mV7qhqe 32wC8 CheckAuth()
2023/08/01 15:44:45 [TRACE] dtW4HDohV3Fh4o7mV7qhqe 32wC8 ServeLink()
2023/08/01 15:44:45 [TRACE] dtW4HDohV3Fh4o7mV7qhqe 32wC8 Redirect()
2023/08/01 15:44:45 [TRACE] dtW4HDohV3Fh4o7mV7qhqe 32wC8 GET 리다이렉트
2023/08/01 15:44:45 [TRACE] dtW4HDohV3Fh4o7mV7qhqe /32wC8 컨텍스트저장 UKey:'32wC8'
2023/08/01 15:44:45 [TRACE] kL01QW7TR3L8r5n5aYfJ6z /link/get 컨텍스트저장 UKey:'32wC8'
2023/08/01 15:44:47 [TRACE] 9vkSLcqhkKo8YagV9PFcWQ ----------------------------------------------------
2023/08/01 15:44:47 [TRACE] 9vkSLcqhkKo8YagV9PFcWQ /njmJ4 요청토큰: 855a7b09-4590-4252-94ac-49c2e6c4a62f
2023/08/01 15:44:47 [TRACE] 9vkSLcqhkKo8YagV9PFcWQ 2024-06-07 00:00:00 +0700 +07
2023/08/01 15:44:47 [TRACE] 9vkSLcqhkKo8YagV9PFcWQ ub.urlybud.aqua.castis.io 라이선스 정상
2023/08/01 15:44:47 [TRACE] 9vkSLcqhkKo8YagV9PFcWQ njmJ4 CheckExists()
2023/08/01 15:44:47 [TRACE] 9vkSLcqhkKo8YagV9PFcWQ njmJ4 CheckSecureLink()
2023/08/01 15:44:47 [TRACE] 9vkSLcqhkKo8YagV9PFcWQ njmJ4 CheckCount()
2023/08/01 15:44:47 [TRACE] 9vkSLcqhkKo8YagV9PFcWQ njmJ4 CheckExpire()
2023/08/01 15:44:47 [TRACE] 9vkSLcqhkKo8YagV9PFcWQ njmJ4 CheckAuth()
2023/08/01 15:44:47 [TRACE] 9vkSLcqhkKo8YagV9PFcWQ njmJ4 ServeLink()
2023/08/01 15:44:47 [TRACE] 9vkSLcqhkKo8YagV9PFcWQ njmJ4 Redirect()
2023/08/01 15:44:47 [TRACE] 9vkSLcqhkKo8YagV9PFcWQ njmJ4 GET 리다이렉트
2023/08/01 15:44:47 [TRACE] 9vkSLcqhkKo8YagV9PFcWQ /njmJ4 컨텍스트저장 UKey:'njmJ4'
2023/08/01 15:44:47 [TRACE] f8QdWCQq0iB1gXgjq4HIBB /link/get 컨텍스트저장 UKey:'njmJ4'
2023/08/01 15:44:49 [TRACE] lRXID6GH1nEhCM9WqHtN7e ----------------------------------------------------
2023/08/01 15:44:49 [TRACE] lRXID6GH1nEhCM9WqHtN7e /JBTg7 요청토큰: 855a7b09-4590-4252-94ac-49c2e6c4a62f
2023/08/01 15:44:49 [TRACE] lRXID6GH1nEhCM9WqHtN7e 2024-06-07 00:00:00 +0700 +07
2023/08/01 15:44:49 [TRACE] lRXID6GH1nEhCM9WqHtN7e ub.urlybud.aqua.castis.io 라이선스 정상
2023/08/01 15:44:49 [TRACE] lRXID6GH1nEhCM9WqHtN7e JBTg7 CheckExists()
2023/08/01 15:44:49 [TRACE] lRXID6GH1nEhCM9WqHtN7e JBTg7 CheckSecureLink()
2023/08/01 15:44:49 [TRACE] lRXID6GH1nEhCM9WqHtN7e JBTg7 CheckCount()
2023/08/01 15:44:49 [TRACE] lRXID6GH1nEhCM9WqHtN7e JBTg7 CheckExpire()
2023/08/01 15:44:49 [TRACE] lRXID6GH1nEhCM9WqHtN7e JBTg7 CheckAuth()
2023/08/01 15:44:49 [TRACE] lRXID6GH1nEhCM9WqHtN7e JBTg7 ServeLink()
2023/08/01 15:44:49 [TRACE] lRXID6GH1nEhCM9WqHtN7e JBTg7 Redirect()
2023/08/01 15:44:49 [TRACE] lRXID6GH1nEhCM9WqHtN7e JBTg7 GET 리다이렉트
2023/08/01 15:44:49 [TRACE] lRXID6GH1nEhCM9WqHtN7e /JBTg7 컨텍스트저장 UKey:'JBTg7'
2023/08/01 15:44:49 [TRACE] 471ERo2KVkfGCNCF7u4SQ /link/get 컨텍스트저장 UKey:'JBTg7'
2023/08/01 15:46:16 [TRACE] jQOq7iKuOCiltGSNDsJK6M ----------------------------------------------------
2023/08/01 15:46:16 [TRACE] jQOq7iKuOCiltGSNDsJK6M /32wC8 요청토큰: 855a7b09-4590-4252-94ac-49c2e6c4a62f
2023/08/01 15:46:16 [TRACE] jQOq7iKuOCiltGSNDsJK6M 2024-06-07 00:00:00 +0700 +07
2023/08/01 15:46:16 [TRACE] jQOq7iKuOCiltGSNDsJK6M ub.urlybud.aqua.castis.io 라이선스 정상
2023/08/01 15:46:16 [TRACE] jQOq7iKuOCiltGSNDsJK6M 32wC8 CheckExists()
2023/08/01 15:46:16 [TRACE] jQOq7iKuOCiltGSNDsJK6M 32wC8 CheckSecureLink()
2023/08/01 15:46:16 [TRACE] jQOq7iKuOCiltGSNDsJK6M 32wC8 CheckCount()
2023/08/01 15:46:16 [TRACE] jQOq7iKuOCiltGSNDsJK6M 32wC8 CheckExpire()
2023/08/01 15:46:16 [TRACE] jQOq7iKuOCiltGSNDsJK6M 32wC8 CheckAuth()
2023/08/01 15:46:16 [TRACE] jQOq7iKuOCiltGSNDsJK6M 32wC8 ServeLink()
2023/08/01 15:46:16 [TRACE] jQOq7iKuOCiltGSNDsJK6M 32wC8 Redirect()
2023/08/01 15:46:16 [TRACE] jQOq7iKuOCiltGSNDsJK6M 32wC8 GET 리다이렉트
2023/08/01 15:46:16 [TRACE] jQOq7iKuOCiltGSNDsJK6M /32wC8 컨텍스트저장 UKey:'32wC8'
2023/08/01 15:46:16 [TRACE] kiqby2pjWlc5Oqexoi05Qw /link/get 컨텍스트저장 UKey:'32wC8'
2023/08/01 15:49:03 [TRACE] dTw2bFQrfupc4tIbcSjOee ----------------------------------------------------
2023/08/01 15:49:03 [TRACE] dTw2bFQrfupc4tIbcSjOee /JBTg7 요청토큰: 855a7b09-4590-4252-94ac-49c2e6c4a62f
2023/08/01 15:49:03 [TRACE] dTw2bFQrfupc4tIbcSjOee 2024-06-07 00:00:00 +0700 +07
2023/08/01 15:49:03 [TRACE] dTw2bFQrfupc4tIbcSjOee ub.urlybud.aqua.castis.io 라이선스 정상
2023/08/01 15:49:03 [TRACE] dTw2bFQrfupc4tIbcSjOee JBTg7 CheckExists()
2023/08/01 15:49:03 [TRACE] dTw2bFQrfupc4tIbcSjOee JBTg7 CheckSecureLink()
2023/08/01 15:49:03 [TRACE] dTw2bFQrfupc4tIbcSjOee JBTg7 CheckCount()
2023/08/01 15:49:03 [TRACE] dTw2bFQrfupc4tIbcSjOee JBTg7 CheckExpire()
2023/08/01 15:49:03 [TRACE] dTw2bFQrfupc4tIbcSjOee JBTg7 CheckAuth()
2023/08/01 15:49:03 [TRACE] dTw2bFQrfupc4tIbcSjOee JBTg7 ServeLink()
2023/08/01 15:49:03 [TRACE] dTw2bFQrfupc4tIbcSjOee JBTg7 Redirect()
2023/08/01 15:49:03 [TRACE] dTw2bFQrfupc4tIbcSjOee JBTg7 GET 리다이렉트
2023/08/01 15:49:03 [TRACE] dTw2bFQrfupc4tIbcSjOee /JBTg7 컨텍스트저장 UKey:'JBTg7'
2023/08/01 15:49:04 [TRACE] iva4tEW1yW0b1ZXQ38j7LK /link/get 컨텍스트저장 UKey:'JBTg7'
2023/08/01 15:52:43 [TRACE] lmQa9Ft7PZR7E2FOXBl60C ----------------------------------------------------
2023/08/01 15:52:43 [TRACE] lmQa9Ft7PZR7E2FOXBl60C /njmJ4 요청토큰: 855a7b09-4590-4252-94ac-49c2e6c4a62f
2023/08/01 15:52:43 [TRACE] lmQa9Ft7PZR7E2FOXBl60C 2024-06-07 00:00:00 +0700 +07
2023/08/01 15:52:43 [TRACE] lmQa9Ft7PZR7E2FOXBl60C ub.urlybud.aqua.castis.io 라이선스 정상
2023/08/01 15:52:43 [TRACE] lmQa9Ft7PZR7E2FOXBl60C njmJ4 CheckExists()
2023/08/01 15:52:43 [TRACE] lmQa9Ft7PZR7E2FOXBl60C njmJ4 CheckSecureLink()
2023/08/01 15:52:43 [TRACE] lmQa9Ft7PZR7E2FOXBl60C njmJ4 CheckCount()
2023/08/01 15:52:43 [TRACE] lmQa9Ft7PZR7E2FOXBl60C njmJ4 CheckExpire()
2023/08/01 15:52:43 [TRACE] lmQa9Ft7PZR7E2FOXBl60C njmJ4 CheckAuth()
2023/08/01 15:52:43 [TRACE] lmQa9Ft7PZR7E2FOXBl60C njmJ4 ServeLink()
2023/08/01 15:52:43 [TRACE] lmQa9Ft7PZR7E2FOXBl60C njmJ4 Redirect()
2023/08/01 15:52:43 [TRACE] lmQa9Ft7PZR7E2FOXBl60C njmJ4 GET 리다이렉트
2023/08/01 15:52:43 [TRACE] lmQa9Ft7PZR7E2FOXBl60C /njmJ4 컨텍스트저장 UKey:'njmJ4'
2023/08/01 15:52:44 [TRACE] 9C3qeabsXIgfrNf4PzuLKK /link/get 컨텍스트저장 UKey:'njmJ4'
2023/08/01 15:55:27 [TRACE] kCIXbExME1N4LoQdD4RAqZ ----------------------------------------------------
2023/08/01 15:55:27 [TRACE] kCIXbExME1N4LoQdD4RAqZ / 토큰생성: e09ff4c6-e9fb-45d3-9409-6f6d03aa422c
2023/08/01 15:55:27 [TRACE] kCIXbExME1N4LoQdD4RAqZ 2024-06-07 00:00:00 +0700 +07
2023/08/01 15:55:27 [TRACE] kCIXbExME1N4LoQdD4RAqZ ub.urlybud.aqua.castis.io 라이선스 정상
2023/08/01 15:55:27 [TRACE] kCIXbExME1N4LoQdD4RAqZ / CheckExists()
2023/08/01 15:55:27 [TRACE] kCIXbExME1N4LoQdD4RAqZ / 링크를 찾을 수 없음
2023/08/01 15:55:27 [TRACE] kCIXbExME1N4LoQdD4RAqZ ExpectedError() Code:B404 Param:[]
2023/08/01 15:55:27 [TRACE] kCIXbExME1N4LoQdD4RAqZ / 컨텍스트저장 UKey:'/'
2023/08/01 15:55:45 [TRACE] hI6xScUYhhHieGzDUvfcgU ----------------------------------------------------
2023/08/01 15:55:45 [TRACE] hI6xScUYhhHieGzDUvfcgU /MEpQQ 요청토큰: e09ff4c6-e9fb-45d3-9409-6f6d03aa422c
2023/08/01 15:55:45 [TRACE] hI6xScUYhhHieGzDUvfcgU 2024-06-07 00:00:00 +0700 +07
2023/08/01 15:55:45 [TRACE] hI6xScUYhhHieGzDUvfcgU ub.urlybud.aqua.castis.io 라이선스 정상
2023/08/01 15:55:45 [TRACE] hI6xScUYhhHieGzDUvfcgU MEpQQ CheckExists()
2023/08/01 15:55:45 [TRACE] hI6xScUYhhHieGzDUvfcgU MEpQQ CheckSecureLink()
2023/08/01 15:55:45 [TRACE] hI6xScUYhhHieGzDUvfcgU MEpQQ CheckCount()
2023/08/01 15:55:45 [TRACE] hI6xScUYhhHieGzDUvfcgU MEpQQ CheckExpire()
2023/08/01 15:55:45 [TRACE] hI6xScUYhhHieGzDUvfcgU MEpQQ CheckAuth()
2023/08/01 15:55:45 [TRACE] hI6xScUYhhHieGzDUvfcgU MEpQQ ServeLink()
2023/08/01 15:55:45 [TRACE] hI6xScUYhhHieGzDUvfcgU MEpQQ Redirect()
2023/08/01 15:55:45 [TRACE] hI6xScUYhhHieGzDUvfcgU MEpQQ GET 리다이렉트
2023/08/01 15:55:45 [TRACE] hI6xScUYhhHieGzDUvfcgU /MEpQQ 컨텍스트저장 UKey:'MEpQQ'
2023/08/01 15:55:47 [TRACE] gNdIEyTIwWIkZrcNKX4OXn /link/get 컨텍스트저장 UKey:'MEpQQ'
2023/08/01 16:00:59 [TRACE] SwVhxuCC3116IZNAc3VU /link/get 컨텍스트저장 UKey:'WMQ7c'
2023/08/01 16:05:09 [TRACE] iGirKC105LdhfoAnAHtWz1 /link/get 컨텍스트저장 UKey:'WMQ7c'
2023/08/01 16:05:35 [TRACE] kQC6YvMx7BC1IqCLtugZ2e /link/get 컨텍스트저장 UKey:'ebMVy'
2023/08/01 16:06:35 [TRACE] bJPW04WS6y44gI3IFUfqly /link/get 컨텍스트저장 UKey:'WMQ7c'
2023/08/01 16:32:31 [TRACE] gyB0OIR1cb5eTactH3MZte /link/set 컨텍스트저장 UKey:'32wD3'
2023/08/01 16:32:31 [TRACE] 4aaSJW657Ca5iLIZxuBpRK /link/set 컨텍스트저장 UKey:'jfZZC'
2023/08/01 16:33:00 [TRACE] aPQv1dxI8Kelp5Cfm06IYZ ----------------------------------------------------
2023/08/01 16:33:00 [TRACE] aPQv1dxI8Kelp5Cfm06IYZ /jfZZC 토큰생성: d5646007-1bad-4d22-b3c4-2003c73df628
2023/08/01 16:33:00 [TRACE] aPQv1dxI8Kelp5Cfm06IYZ 2024-06-07 00:00:00 +0700 +07
2023/08/01 16:33:00 [TRACE] aPQv1dxI8Kelp5Cfm06IYZ ub.urlybud.aqua.castis.io 라이선스 정상
2023/08/01 16:33:00 [TRACE] aPQv1dxI8Kelp5Cfm06IYZ jfZZC CheckExists()
2023/08/01 16:33:00 [TRACE] aPQv1dxI8Kelp5Cfm06IYZ jfZZC CheckSecureLink()
2023/08/01 16:33:00 [TRACE] aPQv1dxI8Kelp5Cfm06IYZ jfZZC CheckCount()
2023/08/01 16:33:00 [TRACE] aPQv1dxI8Kelp5Cfm06IYZ jfZZC CheckExpire()
2023/08/01 16:33:00 [TRACE] aPQv1dxI8Kelp5Cfm06IYZ jfZZC CheckAuth()
2023/08/01 16:33:00 [TRACE] aPQv1dxI8Kelp5Cfm06IYZ jfZZC ServeLink()
2023/08/01 16:33:00 [TRACE] aPQv1dxI8Kelp5Cfm06IYZ jfZZC Redirect()
2023/08/01 16:33:00 [TRACE] aPQv1dxI8Kelp5Cfm06IYZ jfZZC GET 리다이렉트
2023/08/01 16:33:00 [TRACE] aPQv1dxI8Kelp5Cfm06IYZ /jfZZC 컨텍스트저장 UKey:'jfZZC'
2023/08/01 16:33:02 [TRACE] ev25n9fcvgfhmB9Svl5rNP /link/get 컨텍스트저장 UKey:'jfZZC'
2023/08/01 16:33:21 [TRACE] kFTK7dob3W2fJNhdDGA01t /link/get 컨텍스트저장 UKey:'jfZZC'
2023/08/01 16:33:26 [TRACE] dSwpfxDj8YM90ellkr7uj5 /link/get 컨텍스트저장 UKey:'jfZZC'
2023/08/01 16:33:36 [TRACE] agxBrgk6FCOHIh8c5OIMZ /link/get 컨텍스트저장 UKey:'jfZZC'
2023/08/01 16:45:05 [TRACE] 6Czr6WJjS67h7FaplImJ3I /link/get 컨텍스트저장 UKey:'MEpQQ'
2023/08/01 16:45:40 [TRACE] 8PR7Hy7xfn5kot1Z5Wz0xj ----------------------------------------------------
2023/08/01 16:45:40 [TRACE] 8PR7Hy7xfn5kot1Z5Wz0xj /ExGbK 요청토큰: 855a7b09-4590-4252-94ac-49c2e6c4a62f
2023/08/01 16:45:40 [TRACE] 8PR7Hy7xfn5kot1Z5Wz0xj 2024-06-07 00:00:00 +0700 +07
2023/08/01 16:45:40 [TRACE] 8PR7Hy7xfn5kot1Z5Wz0xj ub.urlybud.aqua.castis.io 라이선스 정상
2023/08/01 16:45:40 [TRACE] 8PR7Hy7xfn5kot1Z5Wz0xj ExGbK CheckExists()
2023/08/01 16:45:40 [TRACE] 8PR7Hy7xfn5kot1Z5Wz0xj ExGbK CheckSecureLink()
2023/08/01 16:45:40 [TRACE] 8PR7Hy7xfn5kot1Z5Wz0xj ExGbK CheckCount()
2023/08/01 16:45:40 [TRACE] 8PR7Hy7xfn5kot1Z5Wz0xj ExGbK CheckExpire()
2023/08/01 16:45:40 [TRACE] 8PR7Hy7xfn5kot1Z5Wz0xj ExGbK CheckAuth()
2023/08/01 16:45:40 [TRACE] 8PR7Hy7xfn5kot1Z5Wz0xj ExGbK ServeLink()
2023/08/01 16:45:40 [TRACE] 8PR7Hy7xfn5kot1Z5Wz0xj ExGbK Redirect()
2023/08/01 16:45:40 [TRACE] 8PR7Hy7xfn5kot1Z5Wz0xj ExGbK GET 리다이렉트
2023/08/01 16:45:40 [TRACE] 8PR7Hy7xfn5kot1Z5Wz0xj /ExGbK 컨텍스트저장 UKey:'ExGbK'
2023/08/01 16:45:40 [TRACE] SuNSuNJg2T17ucJS1mdms /link/get 컨텍스트저장 UKey:'ExGbK'
2023/08/01 16:45:42 [TRACE] 10M59itTBJm5RTMO5RGTyp ----------------------------------------------------
2023/08/01 16:45:42 [TRACE] 10M59itTBJm5RTMO5RGTyp /MEpQQ 요청토큰: 855a7b09-4590-4252-94ac-49c2e6c4a62f
2023/08/01 16:45:42 [TRACE] 10M59itTBJm5RTMO5RGTyp 2024-06-07 00:00:00 +0700 +07
2023/08/01 16:45:42 [TRACE] 10M59itTBJm5RTMO5RGTyp ub.urlybud.aqua.castis.io 라이선스 정상
2023/08/01 16:45:42 [TRACE] 10M59itTBJm5RTMO5RGTyp MEpQQ CheckExists()
2023/08/01 16:45:42 [TRACE] 10M59itTBJm5RTMO5RGTyp MEpQQ CheckSecureLink()
2023/08/01 16:45:42 [TRACE] 10M59itTBJm5RTMO5RGTyp MEpQQ CheckCount()
2023/08/01 16:45:42 [TRACE] 10M59itTBJm5RTMO5RGTyp MEpQQ CheckExpire()
2023/08/01 16:45:42 [TRACE] 10M59itTBJm5RTMO5RGTyp MEpQQ CheckAuth()
2023/08/01 16:45:42 [TRACE] 10M59itTBJm5RTMO5RGTyp MEpQQ ServeLink()
2023/08/01 16:45:42 [TRACE] 10M59itTBJm5RTMO5RGTyp MEpQQ Redirect()
2023/08/01 16:45:42 [TRACE] 10M59itTBJm5RTMO5RGTyp MEpQQ GET 리다이렉트
2023/08/01 16:45:42 [TRACE] 10M59itTBJm5RTMO5RGTyp /MEpQQ 컨텍스트저장 UKey:'MEpQQ'
2023/08/01 16:45:42 [TRACE] iZwc2G8keZBfifMTdzFmXA /link/get 컨텍스트저장 UKey:'MEpQQ'
2023/08/01 16:45:52 [TRACE] 6e5qXmjwYot7jsE9MiQVD8 ----------------------------------------------------
2023/08/01 16:45:52 [TRACE] 6e5qXmjwYot7jsE9MiQVD8 /ExGbK 요청토큰: 855a7b09-4590-4252-94ac-49c2e6c4a62f
2023/08/01 16:45:52 [TRACE] 6e5qXmjwYot7jsE9MiQVD8 2024-06-07 00:00:00 +0700 +07
2023/08/01 16:45:52 [TRACE] 6e5qXmjwYot7jsE9MiQVD8 ub.urlybud.aqua.castis.io 라이선스 정상
2023/08/01 16:45:52 [TRACE] 6e5qXmjwYot7jsE9MiQVD8 ExGbK CheckExists()
2023/08/01 16:45:52 [TRACE] 6e5qXmjwYot7jsE9MiQVD8 ExGbK CheckSecureLink()
2023/08/01 16:45:52 [TRACE] 6e5qXmjwYot7jsE9MiQVD8 ExGbK CheckCount()
2023/08/01 16:45:52 [TRACE] 6e5qXmjwYot7jsE9MiQVD8 ExGbK CheckExpire()
2023/08/01 16:45:52 [TRACE] 6e5qXmjwYot7jsE9MiQVD8 ExGbK CheckAuth()
2023/08/01 16:45:52 [TRACE] 6e5qXmjwYot7jsE9MiQVD8 ExGbK ServeLink()
2023/08/01 16:45:52 [TRACE] 6e5qXmjwYot7jsE9MiQVD8 ExGbK Redirect()
2023/08/01 16:45:52 [TRACE] 6e5qXmjwYot7jsE9MiQVD8 ExGbK GET 리다이렉트
2023/08/01 16:45:52 [TRACE] 6e5qXmjwYot7jsE9MiQVD8 /ExGbK 컨텍스트저장 UKey:'ExGbK'
2023/08/01 16:45:52 [TRACE] 2mvHCiBouttKW7ixW0kPI /link/get 컨텍스트저장 UKey:'ExGbK'
2023/08/01 16:45:59 [TRACE] 5otETne5gsXutkfBUZlZD /link/get 컨텍스트저장 UKey:'MEpQQ'
2023/08/01 16:46:02 [TRACE] 15vAGm05hoGjlQYLX0Tn6m ----------------------------------------------------
2023/08/01 16:46:02 [TRACE] 15vAGm05hoGjlQYLX0Tn6m /MEpQQ 요청토큰: 855a7b09-4590-4252-94ac-49c2e6c4a62f
2023/08/01 16:46:02 [TRACE] 15vAGm05hoGjlQYLX0Tn6m 2024-06-07 00:00:00 +0700 +07
2023/08/01 16:46:02 [TRACE] 15vAGm05hoGjlQYLX0Tn6m ub.urlybud.aqua.castis.io 라이선스 정상
2023/08/01 16:46:02 [TRACE] 15vAGm05hoGjlQYLX0Tn6m MEpQQ CheckExists()
2023/08/01 16:46:02 [TRACE] 15vAGm05hoGjlQYLX0Tn6m MEpQQ CheckSecureLink()
2023/08/01 16:46:02 [TRACE] 15vAGm05hoGjlQYLX0Tn6m MEpQQ CheckCount()
2023/08/01 16:46:02 [TRACE] 15vAGm05hoGjlQYLX0Tn6m MEpQQ CheckExpire()
2023/08/01 16:46:02 [TRACE] 15vAGm05hoGjlQYLX0Tn6m MEpQQ CheckAuth()
2023/08/01 16:46:02 [TRACE] 15vAGm05hoGjlQYLX0Tn6m MEpQQ ServeLink()
2023/08/01 16:46:02 [TRACE] 15vAGm05hoGjlQYLX0Tn6m MEpQQ Redirect()
2023/08/01 16:46:02 [TRACE] 15vAGm05hoGjlQYLX0Tn6m MEpQQ GET 리다이렉트
2023/08/01 16:46:02 [TRACE] 15vAGm05hoGjlQYLX0Tn6m /MEpQQ 컨텍스트저장 UKey:'MEpQQ'
2023/08/01 16:46:02 [TRACE] lvv2RJpZAbj8LV5Bo0Wj3q /link/get 컨텍스트저장 UKey:'MEpQQ'
2023/08/01 16:48:43 [TRACE] kuqekoILEFn88eVVuSrl3x ----------------------------------------------------
2023/08/01 16:48:43 [TRACE] kuqekoILEFn88eVVuSrl3x /ExGbK 요청토큰: 855a7b09-4590-4252-94ac-49c2e6c4a62f
2023/08/01 16:48:43 [TRACE] kuqekoILEFn88eVVuSrl3x 2024-06-07 00:00:00 +0700 +07
2023/08/01 16:48:43 [TRACE] kuqekoILEFn88eVVuSrl3x ub.urlybud.aqua.castis.io 라이선스 정상
2023/08/01 16:48:43 [TRACE] kuqekoILEFn88eVVuSrl3x ExGbK CheckExists()
2023/08/01 16:48:43 [TRACE] kuqekoILEFn88eVVuSrl3x ExGbK CheckSecureLink()
2023/08/01 16:48:43 [TRACE] kuqekoILEFn88eVVuSrl3x ExGbK CheckCount()
2023/08/01 16:48:43 [TRACE] kuqekoILEFn88eVVuSrl3x ExGbK CheckExpire()
2023/08/01 16:48:43 [TRACE] kuqekoILEFn88eVVuSrl3x ExGbK CheckAuth()
2023/08/01 16:48:43 [TRACE] kuqekoILEFn88eVVuSrl3x ExGbK ServeLink()
2023/08/01 16:48:43 [TRACE] kuqekoILEFn88eVVuSrl3x ExGbK Redirect()
2023/08/01 16:48:43 [TRACE] kuqekoILEFn88eVVuSrl3x ExGbK GET 리다이렉트
2023/08/01 16:48:43 [TRACE] kuqekoILEFn88eVVuSrl3x /ExGbK 컨텍스트저장 UKey:'ExGbK'
2023/08/01 16:48:43 [TRACE] gRYjZe1KgPkhANWb9VkSW /link/get 컨텍스트저장 UKey:'ExGbK'
2023/08/01 16:51:45 [TRACE] f8a0zyEZi268P1S8qRHfvn /link/get 컨텍스트저장 UKey:'MEpQQ'
2023/08/01 16:52:51 [TRACE] ifBrpeoIxhxlvc9EadrYV6 ----------------------------------------------------
2023/08/01 16:52:51 [TRACE] ifBrpeoIxhxlvc9EadrYV6 /MEpQQ 요청토큰: 855a7b09-4590-4252-94ac-49c2e6c4a62f
2023/08/01 16:52:51 [TRACE] ifBrpeoIxhxlvc9EadrYV6 2024-06-07 00:00:00 +0700 +07
2023/08/01 16:52:51 [TRACE] ifBrpeoIxhxlvc9EadrYV6 ub.urlybud.aqua.castis.io 라이선스 정상
2023/08/01 16:52:51 [TRACE] ifBrpeoIxhxlvc9EadrYV6 MEpQQ CheckExists()
2023/08/01 16:52:51 [TRACE] ifBrpeoIxhxlvc9EadrYV6 MEpQQ CheckSecureLink()
2023/08/01 16:52:51 [TRACE] ifBrpeoIxhxlvc9EadrYV6 MEpQQ CheckCount()
2023/08/01 16:52:51 [TRACE] ifBrpeoIxhxlvc9EadrYV6 MEpQQ CheckExpire()
2023/08/01 16:52:51 [TRACE] ifBrpeoIxhxlvc9EadrYV6 MEpQQ CheckAuth()
2023/08/01 16:52:51 [TRACE] ifBrpeoIxhxlvc9EadrYV6 MEpQQ ServeLink()
2023/08/01 16:52:51 [TRACE] ifBrpeoIxhxlvc9EadrYV6 MEpQQ Redirect()
2023/08/01 16:52:51 [TRACE] ifBrpeoIxhxlvc9EadrYV6 MEpQQ GET 리다이렉트
2023/08/01 16:52:51 [TRACE] ifBrpeoIxhxlvc9EadrYV6 /MEpQQ 컨텍스트저장 UKey:'MEpQQ'
2023/08/01 16:52:51 [TRACE] fo3e9NJikMW41NYuX52mdE /link/get 컨텍스트저장 UKey:'MEpQQ'
2023/08/01 16:52:56 [TRACE] 3Ok3oLkwCnh4ePSBsn3boU /link/get 컨텍스트저장 UKey:'MEpQQ'
2023/08/01 16:53:16 [TRACE] fu0GXrUb6yyaadfOEMPNcI /link/get 컨텍스트저장 UKey:'MEpQQ'
2023/08/01 16:54:00 [TRACE] 7RyFyoVRVVrbSyGwJVbB2J ----------------------------------------------------
2023/08/01 16:54:00 [TRACE] 7RyFyoVRVVrbSyGwJVbB2J /MEpQQ 요청토큰: 6efde71f-e581-4e18-955e-4313ce889c8c
2023/08/01 16:54:00 [TRACE] 7RyFyoVRVVrbSyGwJVbB2J 2024-06-07 00:00:00 +0700 +07
2023/08/01 16:54:00 [TRACE] 7RyFyoVRVVrbSyGwJVbB2J ub.urlybud.aqua.castis.io 라이선스 정상
2023/08/01 16:54:00 [TRACE] 7RyFyoVRVVrbSyGwJVbB2J MEpQQ CheckExists()
2023/08/01 16:54:00 [TRACE] 7RyFyoVRVVrbSyGwJVbB2J MEpQQ CheckSecureLink()
2023/08/01 16:54:00 [TRACE] 7RyFyoVRVVrbSyGwJVbB2J MEpQQ CheckCount()
2023/08/01 16:54:00 [TRACE] 7RyFyoVRVVrbSyGwJVbB2J MEpQQ CheckExpire()
2023/08/01 16:54:00 [TRACE] 7RyFyoVRVVrbSyGwJVbB2J MEpQQ CheckAuth()
2023/08/01 16:54:00 [TRACE] 7RyFyoVRVVrbSyGwJVbB2J MEpQQ ServeLink()
2023/08/01 16:54:00 [TRACE] 7RyFyoVRVVrbSyGwJVbB2J MEpQQ Redirect()
2023/08/01 16:54:00 [TRACE] 7RyFyoVRVVrbSyGwJVbB2J MEpQQ GET 리다이렉트
2023/08/01 16:54:00 [TRACE] 7RyFyoVRVVrbSyGwJVbB2J /MEpQQ 컨텍스트저장 UKey:'MEpQQ'
2023/08/01 16:54:03 [TRACE] hUaipDPRKM53Xz8pZSZRVN /link/get 컨텍스트저장 UKey:'MEpQQ'
2023/08/01 16:54:23 [TRACE] eUpSk1NI9iu6fOOHVsIgfn ----------------------------------------------------
2023/08/01 16:54:23 [TRACE] eUpSk1NI9iu6fOOHVsIgfn /ExGbK 요청토큰: 855a7b09-4590-4252-94ac-49c2e6c4a62f
2023/08/01 16:54:23 [TRACE] eUpSk1NI9iu6fOOHVsIgfn 2024-06-07 00:00:00 +0700 +07
2023/08/01 16:54:23 [TRACE] eUpSk1NI9iu6fOOHVsIgfn ub.urlybud.aqua.castis.io 라이선스 정상
2023/08/01 16:54:23 [TRACE] eUpSk1NI9iu6fOOHVsIgfn ExGbK CheckExists()
2023/08/01 16:54:23 [TRACE] eUpSk1NI9iu6fOOHVsIgfn ExGbK CheckSecureLink()
2023/08/01 16:54:23 [TRACE] eUpSk1NI9iu6fOOHVsIgfn ExGbK CheckCount()
2023/08/01 16:54:23 [TRACE] eUpSk1NI9iu6fOOHVsIgfn ExGbK CheckExpire()
2023/08/01 16:54:23 [TRACE] eUpSk1NI9iu6fOOHVsIgfn ExGbK CheckAuth()
2023/08/01 16:54:23 [TRACE] eUpSk1NI9iu6fOOHVsIgfn ExGbK ServeLink()
2023/08/01 16:54:23 [TRACE] eUpSk1NI9iu6fOOHVsIgfn ExGbK Redirect()
2023/08/01 16:54:23 [TRACE] eUpSk1NI9iu6fOOHVsIgfn ExGbK GET 리다이렉트
2023/08/01 16:54:23 [TRACE] eUpSk1NI9iu6fOOHVsIgfn /ExGbK 컨텍스트저장 UKey:'ExGbK'
2023/08/01 16:54:23 [TRACE] 6STAZAVZeJP4KQh2YVEmi0 /link/get 컨텍스트저장 UKey:'ExGbK'
2023/08/01 16:54:28 [TRACE] 1MjhiNYToJchaFEyPy1vOd /link/get 컨텍스트저장 UKey:'MEpQQ'
2023/08/01 18:28:56 [TRACE] fukIlj9qC53dZ4tDbQW9dm /link/get 컨텍스트저장 UKey:'MEpQQ'
2023/08/01 20:43:16 [TRACE] cOuXwexESnKg0lc4zdyONe /link/get 컨텍스트저장 UKey:'ebMVy'
2023/08/01 20:43:18 [TRACE] gwPhv312bE4dco9RIhdVW9 /link/get 컨텍스트저장 UKey:'ebMVy'
2023/08/01 20:43:30 [TRACE] iBe7nCauHxPiUAQhdS2rLI /link/get 컨텍스트저장 UKey:'ebMVy'
2023/08/01 20:52:11 [TRACE] eVtj8xOMuKq4vDXuBaJYKa /xmlrpc.php 컨텍스트저장 UKey:'%!s(<nil>)'
2023/08/01 22:04:04 [TRACE] aFI6YWbSCBnillcu8pdKt5 /link/get 컨텍스트저장 UKey:'WMQ7c'
2023/08/01 22:04:16 [TRACE] dBSdB37oa1Eb6r5z16dG2G /link/get 컨텍스트저장 UKey:'WMQ7c'
